# Blender 5.1.2
# www.blender.org
o Pawn.004
v 0.000000 -0.981986 0.557423
v 0.000000 -0.824782 0.579756
v 0.000000 -0.779263 0.553967
v -0.000000 -0.585066 0.557195
v -0.000000 -0.461260 0.438601
v -0.000000 -0.350293 0.378964
v 0.000000 -0.271521 0.355025
v -0.000000 -0.998563 0.443724
v 0.000000 -0.718700 0.569227
v 0.000000 -0.921895 0.579952
v -0.402813 -0.981986 0.394789
v -0.567051 -0.981986 -0.000000
v -0.408749 -0.824782 0.409986
v -0.578271 -0.824782 -0.000000
v -0.391462 -0.779263 0.391699
v -0.553683 -0.779263 -0.000000
v -0.411191 -0.585066 0.394677
v -0.576400 -0.585066 -0.000000
v -0.340964 -0.461260 0.310308
v -0.472813 -0.461260 -0.000000
v -0.396823 -0.350293 -0.000000
v -0.283854 -0.350293 0.268018
v -0.354828 -0.271521 -0.000000
v -0.251473 -0.271521 0.251526
v -0.453423 -0.998563 -0.000000
v -0.321919 -0.998563 0.314154
v -0.195044 -0.207401 0.204415
v -0.572238 -0.718700 -0.000000
v -0.405184 -0.718700 0.402674
v -0.580128 -0.921895 -0.000000
v -0.410715 -0.921895 0.410568
v -0.275679 -0.207401 -0.000000
v 0.000000 -0.207401 0.286925
v -0.160827 0.255644 0.170119
v -0.227317 0.255644 -0.000000
v 0.000000 0.255644 0.238467
v -0.221549 -0.061132 -0.000000
v -0.156747 -0.061132 0.169111
v 0.000000 -0.061132 0.236386
v -0.199810 0.117419 -0.000000
v -0.000000 0.117419 0.214894
v -0.141366 0.117419 0.153936
v -0.253913 0.305211 0.253524
v -0.358886 0.305211 -0.000000
v 0.000000 0.305211 0.358419
v -0.256244 0.359143 0.256737
v -0.362181 0.359143 -0.000000
v 0.000000 0.359143 0.362772
v -0.189072 0.447613 0.200769
v -0.267239 0.447613 -0.000000
v -0.000000 0.447613 0.281274
v -0.241424 0.599222 0.249432
v -0.341234 0.599222 -0.000000
v 0.000000 0.599222 0.350843
v -0.086040 1.211826 0.088091
v -0.121622 1.211827 -0.000000
v 0.000000 1.211827 0.124154
v 0.402813 -0.981986 0.394789
v 0.567051 -0.981986 -0.000000
v 0.408749 -0.824782 0.409986
v 0.578272 -0.824782 -0.000000
v 0.391462 -0.779263 0.391699
v 0.553683 -0.779263 -0.000000
v 0.411191 -0.585066 0.394677
v 0.576400 -0.585066 -0.000000
v 0.340964 -0.461260 0.310308
v 0.472813 -0.461260 -0.000000
v 0.396823 -0.350293 -0.000000
v 0.283854 -0.350293 0.268018
v 0.354828 -0.271521 -0.000000
v 0.251473 -0.271521 0.251526
v 0.453423 -0.998563 -0.000000
v 0.321919 -0.998563 0.314154
v 0.195044 -0.207401 0.204415
v 0.572238 -0.718700 -0.000000
v 0.405184 -0.718700 0.402674
v 0.580128 -0.921895 -0.000000
v 0.410715 -0.921895 0.410568
v 0.275679 -0.207401 -0.000000
v 0.160827 0.255644 0.170119
v 0.227317 0.255644 -0.000000
v 0.221549 -0.061132 -0.000000
v 0.156747 -0.061132 0.169111
v 0.199810 0.117419 -0.000000
v 0.141366 0.117418 0.153936
v 0.253913 0.305211 0.253524
v 0.358886 0.305211 -0.000000
v 0.256244 0.359143 0.256737
v 0.362181 0.359143 -0.000000
v 0.189072 0.447613 0.200769
v 0.267239 0.447613 -0.000000
v 0.241424 0.599222 0.249432
v 0.341234 0.599222 -0.000000
v 0.086040 1.211827 0.088091
v 0.121622 1.211827 -0.000000
v -0.000000 -0.981986 -0.557423
v 0.000000 -0.824782 -0.579757
v 0.000000 -0.779263 -0.553968
v 0.000000 -0.585066 -0.557195
v 0.000000 -0.461260 -0.438602
v 0.000000 -0.350293 -0.378964
v 0.000000 -0.271521 -0.355026
v -0.000000 -0.998563 -0.443724
v 0.000000 -0.718700 -0.569227
v 0.000000 -0.921895 -0.579952
v -0.402813 -0.981986 -0.394790
v -0.408749 -0.824782 -0.409987
v -0.391462 -0.779263 -0.391699
v -0.411191 -0.585066 -0.394678
v -0.340964 -0.461260 -0.310309
v -0.283854 -0.350293 -0.268018
v -0.251473 -0.271521 -0.251527
v -0.321919 -0.998563 -0.314154
v -0.195044 -0.207401 -0.204416
v -0.405184 -0.718700 -0.402675
v -0.410715 -0.921895 -0.410569
v 0.000000 -0.207401 -0.286925
v -0.160827 0.255644 -0.170119
v 0.000000 0.255644 -0.238467
v -0.156747 -0.061132 -0.169111
v -0.000000 -0.061132 -0.236386
v -0.000000 0.117418 -0.214894
v -0.141366 0.117418 -0.153936
v -0.253913 0.305211 -0.253525
v -0.000000 0.305211 -0.358420
v -0.256244 0.359143 -0.256737
v 0.000000 0.359143 -0.362772
v -0.189072 0.447613 -0.200769
v 0.000000 0.447613 -0.281275
v -0.241424 0.599222 -0.249432
v -0.000000 0.599222 -0.350843
v -0.086040 1.211826 -0.088091
v 0.000000 1.211826 -0.124154
v 0.402813 -0.981986 -0.394790
v 0.408749 -0.824782 -0.409987
v 0.391462 -0.779263 -0.391699
v 0.411191 -0.585066 -0.394678
v 0.340964 -0.461260 -0.310309
v 0.283854 -0.350293 -0.268018
v 0.251473 -0.271521 -0.251527
v 0.321919 -0.998563 -0.314154
v 0.195044 -0.207401 -0.204416
v 0.405184 -0.718700 -0.402675
v 0.410715 -0.921895 -0.410569
v 0.160827 0.255644 -0.170119
v 0.156747 -0.061132 -0.169111
v 0.141366 0.117419 -0.153936
v 0.253913 0.305211 -0.253525
v 0.256244 0.359143 -0.256737
v 0.189072 0.447613 -0.200769
v 0.241424 0.599222 -0.249432
v 0.086040 1.211827 -0.088091
v -0.280192 0.932240 0.286960
v 0.000000 0.932240 0.404150
v -0.396029 0.932240 -0.000000
v 0.280192 0.932240 0.286960
v 0.396029 0.932240 -0.000000
v -0.280192 0.932240 -0.286960
v 0.000000 0.932240 -0.404151
v 0.280192 0.932240 -0.286960
v -0.279657 0.768264 0.286412
v 0.000000 0.768264 0.403379
v -0.395273 0.768264 -0.000000
v 0.279657 0.768264 0.286412
v 0.395273 0.768264 -0.000000
v -0.279657 0.768264 -0.286413
v 0.000000 0.768264 -0.403380
v 0.279657 0.768264 -0.286413
v -0.250403 1.057072 0.256451
v 0.000000 1.057072 0.361183
v -0.353925 1.057072 -0.000000
v 0.250403 1.057072 0.256451
v 0.353925 1.057072 -0.000000
v -0.250403 1.057072 -0.256452
v 0.000000 1.057072 -0.361183
v 0.250403 1.057072 -0.256452
v -0.174410 1.159456 0.178623
v 0.000000 1.159456 0.251570
v -0.246515 1.159456 -0.000000
v 0.174410 1.159456 0.178623
v 0.246515 1.159456 -0.000000
v -0.174410 1.159456 -0.178623
v 0.000000 1.159456 -0.251571
v 0.174410 1.159456 -0.178623
v 0.000000 0.159005 0.212765
v -0.000000 0.196947 0.214181
v -0.000000 0.229680 0.221847
v -0.044298 0.255644 0.233951
v -0.086959 0.255644 0.220729
v -0.126348 0.255644 0.199289
v -0.147729 0.229680 0.158599
v -0.141494 0.196947 0.153320
v -0.140060 0.159005 0.152394
v -0.111059 0.117419 0.180085
v -0.076437 0.117418 0.199192
v -0.038938 0.117418 0.210911
v -0.404253 -0.808686 0.405227
v -0.398948 -0.796961 0.399647
v -0.394222 -0.787767 0.394664
v -0.459955 -0.779263 0.307677
v -0.510924 -0.779263 0.211738
v -0.542718 -0.779263 0.107855
v -0.557647 -0.787767 -0.000000
v -0.564392 -0.796961 -0.000000
v -0.571929 -0.808686 -0.000000
v -0.566806 -0.824782 0.112898
v -0.533571 -0.824782 0.221636
v -0.480305 -0.824782 0.322052
v -0.568715 -0.921895 0.113121
v -0.535576 -0.921895 0.222051
v -0.482359 -0.921895 0.322597
v -0.411871 -0.897539 0.412795
v -0.412242 -0.871476 0.413629
v -0.411358 -0.846343 0.412787
v -0.581871 -0.846343 -0.000000
v -0.582943 -0.871475 -0.000000
v -0.582143 -0.897539 -0.000000
v -0.416338 -0.620599 0.404373
v -0.415668 -0.656383 0.407625
v -0.411258 -0.689916 0.406402
v -0.318382 -0.718700 0.473042
v -0.219156 -0.718700 0.525367
v -0.111649 -0.718700 0.557984
v -0.000000 -0.689916 0.574284
v -0.000000 -0.656383 0.575776
v 0.000000 -0.620599 0.570986
v -0.113738 -0.585066 0.546260
v -0.223100 -0.585066 0.514492
v -0.323710 -0.585066 0.463446
v -0.560987 -0.718700 0.110904
v -0.528316 -0.718700 0.217713
v -0.475841 -0.718700 0.316335
v -0.481700 -0.585066 0.310155
v -0.533525 -0.585066 0.213507
v -0.565485 -0.585066 0.108774
v -0.585085 -0.620599 -0.000000
v -0.585351 -0.656383 -0.000000
v -0.580101 -0.689916 -0.000000
v -0.322717 -0.921895 0.482195
v -0.222136 -0.921895 0.535403
v -0.113165 -0.921895 0.568539
v 0.000000 -0.897539 0.583253
v 0.000000 -0.871476 0.584608
v 0.000000 -0.846343 0.583586
v -0.112531 -0.824782 0.568287
v -0.220924 -0.824782 0.535024
v -0.321043 -0.824782 0.481685
v -0.398934 -0.551750 0.377477
v -0.381401 -0.520481 0.355354
v -0.361206 -0.490552 0.331800
v -0.398007 -0.461260 0.243781
v -0.439281 -0.461260 0.167783
v -0.464358 -0.461260 0.085470
v -0.501769 -0.490552 -0.000000
v -0.531338 -0.520481 -0.000000
v -0.557541 -0.551750 -0.000000
v 0.000000 -0.808686 0.573099
v 0.000000 -0.796961 0.565230
v 0.000000 -0.787767 0.558178
v -0.107785 -0.779263 0.543002
v -0.211602 -0.779263 0.511203
v -0.307483 -0.779263 0.460219
v -0.347883 -0.271521 0.069329
v -0.327696 -0.271521 0.136079
v -0.295236 -0.271521 0.197671
v -0.238998 -0.258056 0.241991
v -0.224495 -0.244682 0.230040
v -0.209373 -0.228698 0.217054
v -0.229117 -0.207401 0.160873
v -0.254450 -0.207401 0.110849
v -0.270238 -0.207401 0.056504
v -0.295923 -0.228698 -0.000000
v -0.317230 -0.244682 -0.000000
v -0.337548 -0.258056 -0.000000
v -0.322854 -0.432117 0.293639
v -0.307304 -0.403508 0.281630
v -0.294307 -0.376033 0.273387
v -0.332229 -0.350293 0.210538
v -0.367649 -0.350293 0.144894
v -0.389413 -0.350293 0.073808
v -0.410054 -0.376033 -0.000000
v -0.426916 -0.403508 -0.000000
v -0.447729 -0.432117 -0.000000
v -0.000000 -0.551750 0.532948
v 0.000000 -0.520481 0.501854
v -0.000000 -0.490552 0.468781
v -0.094830 -0.461260 0.429944
v -0.185824 -0.461260 0.404824
v -0.269147 -0.461260 0.364520
v -0.316778 -0.981986 0.463597
v -0.218170 -0.981986 0.514680
v -0.111180 -0.981986 0.546476
v 0.000000 -0.972043 0.563319
v 0.000000 -0.958989 0.569422
v 0.000000 -0.942410 0.575158
v -0.409171 -0.942410 0.407253
v -0.407329 -0.958989 0.403241
v -0.405204 -0.972043 0.398948
v -0.275689 -0.326809 0.264536
v -0.268566 -0.305777 0.261590
v -0.260992 -0.287309 0.257735
v -0.367710 -0.287309 -0.000000
v -0.377603 -0.305777 -0.000000
v -0.386607 -0.326809 -0.000000
v 0.000000 -0.432117 0.415166
v 0.000000 -0.403508 0.398246
v -0.000000 -0.376033 0.386595
v -0.078624 -0.350293 0.371471
v -0.154184 -0.350293 0.349736
v -0.223615 -0.350293 0.314879
v 0.000000 -0.326809 0.373971
v 0.000000 -0.305777 0.369691
v -0.000000 -0.287309 0.364063
v -0.069326 -0.271521 0.348065
v -0.136069 -0.271521 0.327839
v -0.197646 -0.271521 0.295332
v -0.561112 -0.989224 -0.000000
v -0.543174 -0.994141 -0.000000
v -0.503959 -0.997130 -0.000000
v -0.416471 -0.999019 0.061424
v -0.368929 -0.999248 0.149642
v -0.339623 -0.999019 0.245135
v -0.358012 -0.997130 0.349309
v -0.386029 -0.994141 0.376757
v -0.398763 -0.989224 0.389707
v -0.472549 -0.981986 0.310233
v -0.524109 -0.981986 0.213556
v -0.556080 -0.981986 0.108798
v -0.391701 -0.769660 0.391769
v -0.394558 -0.757382 0.394284
v -0.399297 -0.740904 0.398250
v -0.564366 -0.740904 -0.000000
v -0.557903 -0.757382 -0.000000
v -0.553969 -0.769660 -0.000000
v -0.251338 -0.999019 0.331722
v -0.153558 -0.999248 0.360722
v -0.063075 -0.999019 0.407474
v 0.000000 -0.997130 0.493288
v -0.000000 -0.994141 0.531973
v 0.000000 -0.989224 0.550235
v 0.000000 -0.769660 0.554050
v 0.000000 -0.757382 0.557574
v 0.000000 -0.740904 0.563109
v -0.577460 -0.942410 -0.000000
v -0.574328 -0.958989 -0.000000
v -0.570826 -0.972043 -0.000000
v -0.153229 -0.207401 0.239572
v -0.105460 -0.207401 0.265461
v -0.053722 -0.207401 0.281454
v 0.000000 -0.178811 0.270891
v 0.000000 -0.143824 0.257234
v 0.000000 -0.104058 0.245788
v -0.043174 -0.061132 0.231974
v -0.084753 -0.061131 0.219016
v -0.123142 -0.061132 0.197923
v -0.163695 -0.104058 0.175710
v -0.172264 -0.143824 0.183724
v -0.182650 -0.178811 0.193258
v -0.195866 0.117418 0.042669
v -0.184423 0.117418 0.083664
v -0.166062 0.117418 0.121311
v -0.188923 0.255644 0.133926
v -0.209812 0.255644 0.092302
v -0.222830 0.255644 0.047056
v -0.208804 0.229680 -0.000000
v -0.199991 0.196947 -0.000000
v -0.197964 0.159005 -0.000000
v -0.184130 -0.061132 0.133227
v -0.204488 -0.061131 0.091862
v -0.217176 -0.061132 0.046844
v -0.231369 -0.104058 -0.000000
v -0.243482 -0.143824 -0.000000
v -0.258161 -0.178811 -0.000000
v 0.000000 -0.016543 0.228845
v 0.000000 0.028683 0.222922
v 0.000000 0.073639 0.218357
v -0.143725 0.073639 0.156403
v -0.146950 0.028683 0.159633
v -0.151228 -0.016543 0.163808
v -0.203144 0.073639 -0.000000
v -0.207702 0.028683 -0.000000
v -0.213749 -0.016543 -0.000000
v 0.000000 0.273973 0.265335
v 0.000000 0.286594 0.298114
v 0.000000 0.296132 0.331057
v -0.069937 0.305211 0.351337
v -0.137291 0.305211 0.330792
v -0.199477 0.305211 0.297837
v -0.232735 0.296132 0.234489
v -0.207212 0.286594 0.211575
v -0.181769 0.273973 0.188784
v 0.000000 0.315982 0.375479
v 0.000000 0.328704 0.381619
v 0.000000 0.343163 0.377247
v -0.070579 0.359143 0.355622
v -0.138551 0.359143 0.334869
v -0.201309 0.359143 0.301559
v -0.268046 0.343163 0.266701
v -0.271737 0.328704 0.269688
v -0.267099 0.315982 0.265396
v -0.298271 0.305211 0.199160
v -0.331249 0.305211 0.137067
v -0.351803 0.305211 0.069822
v -0.328952 0.296132 -0.000000
v -0.292878 0.286594 -0.000000
v -0.256916 0.273973 -0.000000
v 0.000000 0.376643 0.339683
v -0.000000 0.396514 0.313802
v -0.000000 0.419816 0.292031
v -0.052078 0.447613 0.275963
v -0.102231 0.447613 0.260403
v -0.148538 0.447613 0.235151
v -0.198311 0.419816 0.208089
v -0.216280 0.396514 0.223036
v -0.237438 0.376643 0.240841
v -0.301010 0.359143 0.201710
v -0.334291 0.359143 0.138834
v -0.355033 0.359143 0.070725
v -0.378862 0.343163 -0.000000
v -0.384079 0.328704 -0.000000
v -0.377523 0.315982 -0.000000
v 0.000000 0.480564 0.286316
v -0.000000 0.517718 0.303465
v 0.000000 0.557722 0.326910
v -0.066497 0.599222 0.344083
v -0.130538 0.599223 0.324365
v -0.189666 0.599222 0.292534
v -0.223240 0.557722 0.232722
v -0.205347 0.517718 0.216366
v -0.192404 0.480564 0.204377
v -0.222103 0.447613 0.158077
v -0.246659 0.447613 0.108957
v -0.261964 0.447613 0.055550
v -0.280297 0.419816 -0.000000
v -0.305694 0.396514 -0.000000
v -0.335599 0.376643 -0.000000
v 0.000000 1.178789 0.217169
v 0.000000 1.194317 0.182467
v 0.000000 1.205528 0.149518
v -0.016180 1.213955 0.111103
v -0.039415 1.215024 0.097183
v -0.065541 1.213954 0.090429
v -0.103640 1.205528 0.106128
v -0.126496 1.194316 0.129546
v -0.150560 1.178789 0.154196
v -0.137019 1.159456 0.209579
v -0.094304 1.159456 0.232482
v -0.048039 1.159456 0.246692
v -0.283600 0.599222 0.196197
v -0.314957 0.599223 0.135142
v -0.334499 0.599222 0.068874
v -0.315532 0.557722 -0.000000
v -0.290242 0.517718 -0.000000
v -0.271948 0.480564 -0.000000
v -0.000000 -0.228698 0.305142
v -0.000000 -0.244682 0.323900
v 0.000000 -0.258056 0.341196
v 0.069326 -0.271521 0.348065
v 0.136069 -0.271521 0.327840
v 0.197646 -0.271521 0.295332
v 0.238998 -0.258056 0.241991
v 0.224495 -0.244682 0.230040
v 0.209373 -0.228698 0.217054
v 0.153229 -0.207401 0.239572
v 0.105460 -0.207401 0.265461
v 0.053722 -0.207401 0.281454
v -0.241650 1.159456 0.049290
v -0.227532 1.159456 0.096726
v -0.204879 1.159456 0.140455
v -0.088399 1.213954 0.067142
v -0.095106 1.215024 0.040409
v -0.108810 1.213955 0.016599
v -0.146493 1.205528 -0.000000
v -0.178794 1.194316 -0.000000
v -0.212804 1.178789 -0.000000
v 0.038938 0.117418 0.210911
v 0.076437 0.117418 0.199192
v 0.111059 0.117419 0.180085
v 0.140060 0.159005 0.152394
v 0.141494 0.196947 0.153320
v 0.147729 0.229680 0.158599
v 0.126348 0.255644 0.199289
v 0.086959 0.255644 0.220729
v 0.044298 0.255644 0.233951
v 0.480305 -0.824782 0.322052
v 0.533571 -0.824782 0.221636
v 0.566806 -0.824782 0.112898
v 0.571929 -0.808686 -0.000000
v 0.564392 -0.796961 -0.000000
v 0.557647 -0.787767 -0.000000
v 0.542718 -0.779263 0.107855
v 0.510924 -0.779263 0.211738
v 0.459955 -0.779263 0.307677
v 0.394222 -0.787767 0.394664
v 0.398948 -0.796961 0.399647
v 0.404253 -0.808686 0.405227
v 0.582143 -0.897539 -0.000000
v 0.582943 -0.871476 -0.000000
v 0.581871 -0.846343 -0.000000
v 0.411358 -0.846343 0.412787
v 0.412242 -0.871476 0.413629
v 0.411871 -0.897539 0.412795
v 0.482359 -0.921895 0.322597
v 0.535576 -0.921895 0.222051
v 0.568715 -0.921895 0.113121
v 0.323710 -0.585066 0.463446
v 0.223100 -0.585066 0.514492
v 0.113738 -0.585066 0.546260
v 0.111649 -0.718700 0.557984
v 0.219156 -0.718700 0.525367
v 0.318382 -0.718700 0.473042
v 0.411258 -0.689916 0.406402
v 0.415668 -0.656382 0.407625
v 0.416338 -0.620599 0.404373
v 0.580101 -0.689916 -0.000000
v 0.585351 -0.656382 -0.000000
v 0.585085 -0.620599 -0.000000
v 0.565485 -0.585066 0.108774
v 0.533525 -0.585066 0.213507
v 0.481700 -0.585066 0.310155
v 0.475841 -0.718700 0.316335
v 0.528316 -0.718700 0.217714
v 0.560987 -0.718700 0.110904
v 0.321043 -0.824782 0.481685
v 0.220924 -0.824782 0.535025
v 0.112531 -0.824782 0.568287
v 0.113165 -0.921895 0.568539
v 0.222136 -0.921895 0.535403
v 0.322717 -0.921895 0.482195
v 0.557541 -0.551751 -0.000000
v 0.531338 -0.520481 -0.000000
v 0.501769 -0.490552 -0.000000
v 0.464358 -0.461260 0.085470
v 0.439281 -0.461260 0.167783
v 0.398007 -0.461260 0.243781
v 0.361206 -0.490552 0.331800
v 0.381401 -0.520481 0.355354
v 0.398934 -0.551751 0.377477
v 0.307483 -0.779263 0.460219
v 0.211602 -0.779263 0.511203
v 0.107785 -0.779263 0.543002
v 0.337548 -0.258056 -0.000000
v 0.317230 -0.244682 -0.000000
v 0.295923 -0.228698 -0.000000
v 0.270238 -0.207401 0.056504
v 0.254450 -0.207401 0.110849
v 0.229117 -0.207401 0.160873
v 0.295236 -0.271521 0.197671
v 0.327696 -0.271521 0.136079
v 0.347883 -0.271521 0.069329
v 0.447729 -0.432117 -0.000000
v 0.426916 -0.403508 -0.000000
v 0.410054 -0.376033 -0.000000
v 0.389413 -0.350293 0.073808
v 0.367649 -0.350293 0.144894
v 0.332229 -0.350293 0.210538
v 0.294307 -0.376033 0.273387
v 0.307304 -0.403508 0.281630
v 0.322854 -0.432117 0.293639
v 0.269147 -0.461260 0.364520
v 0.185824 -0.461260 0.404824
v 0.094830 -0.461260 0.429944
v 0.405204 -0.972043 0.398948
v 0.407329 -0.958989 0.403241
v 0.409171 -0.942410 0.407253
v 0.111180 -0.981986 0.546476
v 0.218170 -0.981986 0.514680
v 0.316778 -0.981986 0.463597
v 0.386607 -0.326809 -0.000000
v 0.377603 -0.305777 -0.000000
v 0.367710 -0.287309 -0.000000
v 0.260992 -0.287309 0.257735
v 0.268566 -0.305777 0.261590
v 0.275689 -0.326809 0.264536
v 0.223615 -0.350293 0.314879
v 0.154184 -0.350293 0.349736
v 0.078624 -0.350293 0.371471
v 0.556080 -0.981986 0.108798
v 0.524109 -0.981986 0.213556
v 0.472549 -0.981986 0.310233
v 0.398763 -0.989224 0.389707
v 0.386028 -0.994141 0.376757
v 0.358012 -0.997130 0.349309
v 0.339623 -0.999019 0.245135
v 0.368930 -0.999248 0.149642
v 0.416471 -0.999019 0.061424
v 0.503959 -0.997130 -0.000000
v 0.543173 -0.994141 -0.000000
v 0.561112 -0.989224 -0.000000
v 0.553969 -0.769660 -0.000000
v 0.557903 -0.757382 -0.000000
v 0.564366 -0.740904 -0.000000
v 0.399297 -0.740904 0.398250
v 0.394558 -0.757382 0.394284
v 0.391701 -0.769660 0.391769
v 0.063075 -0.999019 0.407474
v 0.153558 -0.999248 0.360722
v 0.251338 -0.999019 0.331722
v 0.570826 -0.972043 -0.000000
v 0.574328 -0.958989 -0.000000
v 0.577460 -0.942410 -0.000000
v 0.182650 -0.178811 0.193258
v 0.172264 -0.143824 0.183724
v 0.163695 -0.104058 0.175710
v 0.123142 -0.061132 0.197923
v 0.084753 -0.061132 0.219016
v 0.043174 -0.061132 0.231974
v 0.197964 0.159005 -0.000000
v 0.199991 0.196947 -0.000000
v 0.208804 0.229680 -0.000000
v 0.222830 0.255644 0.047056
v 0.209812 0.255644 0.092302
v 0.188923 0.255644 0.133926
v 0.166062 0.117419 0.121311
v 0.184423 0.117418 0.083664
v 0.195866 0.117418 0.042669
v 0.258161 -0.178811 -0.000000
v 0.243482 -0.143824 -0.000000
v 0.231369 -0.104058 -0.000000
v 0.217176 -0.061132 0.046844
v 0.204488 -0.061132 0.091862
v 0.184130 -0.061132 0.133227
v 0.151228 -0.016543 0.163808
v 0.146950 0.028683 0.159633
v 0.143725 0.073639 0.156403
v 0.213749 -0.016543 -0.000000
v 0.207702 0.028683 -0.000000
v 0.203144 0.073639 -0.000000
v 0.181769 0.273973 0.188784
v 0.207212 0.286594 0.211575
v 0.232735 0.296132 0.234489
v 0.199477 0.305211 0.297837
v 0.137291 0.305211 0.330792
v 0.069937 0.305211 0.351337
v 0.267099 0.315982 0.265396
v 0.271737 0.328704 0.269688
v 0.268046 0.343162 0.266701
v 0.201309 0.359143 0.301559
v 0.138551 0.359143 0.334869
v 0.070579 0.359143 0.355622
v 0.256916 0.273973 -0.000000
v 0.292878 0.286594 -0.000000
v 0.328952 0.296132 -0.000000
v 0.351803 0.305211 0.069822
v 0.331249 0.305211 0.137067
v 0.298271 0.305211 0.199160
v 0.237438 0.376644 0.240841
v 0.216280 0.396514 0.223036
v 0.198311 0.419817 0.208089
v 0.148538 0.447613 0.235151
v 0.102231 0.447613 0.260403
v 0.052078 0.447613 0.275963
v 0.377523 0.315982 -0.000000
v 0.384079 0.328704 -0.000000
v 0.378862 0.343162 -0.000000
v 0.355033 0.359143 0.070725
v 0.334291 0.359143 0.138834
v 0.301010 0.359143 0.201710
v 0.192404 0.480564 0.204377
v 0.205347 0.517718 0.216366
v 0.223240 0.557722 0.232722
v 0.189666 0.599222 0.292534
v 0.130538 0.599222 0.324365
v 0.066497 0.599222 0.344083
v 0.335599 0.376643 -0.000000
v 0.305694 0.396514 -0.000000
v 0.280297 0.419816 -0.000000
v 0.261964 0.447613 0.055550
v 0.246659 0.447613 0.108957
v 0.222103 0.447613 0.158077
v 0.048039 1.159456 0.246692
v 0.094304 1.159456 0.232482
v 0.137019 1.159456 0.209579
v 0.150560 1.178789 0.154196
v 0.126496 1.194316 0.129546
v 0.103640 1.205528 0.106128
v 0.065541 1.213954 0.090429
v 0.039415 1.215024 0.097183
v 0.016180 1.213954 0.111103
v 0.271948 0.480564 -0.000000
v 0.290242 0.517718 -0.000000
v 0.315533 0.557722 -0.000000
v 0.334499 0.599222 0.068874
v 0.314957 0.599223 0.135142
v 0.283600 0.599222 0.196197
v 0.000000 -0.228698 -0.305142
v 0.000000 -0.244682 -0.323900
v -0.000000 -0.258056 -0.341196
v -0.069326 -0.271521 -0.348065
v -0.136069 -0.271521 -0.327840
v -0.197646 -0.271521 -0.295333
v -0.238998 -0.258056 -0.241991
v -0.224495 -0.244682 -0.230040
v -0.209373 -0.228698 -0.217054
v -0.153229 -0.207401 -0.239573
v -0.105460 -0.207401 -0.265462
v -0.053722 -0.207401 -0.281455
v 0.212804 1.178789 -0.000000
v 0.178794 1.194317 -0.000000
v 0.146493 1.205528 -0.000000
v 0.108810 1.213955 0.016599
v 0.095106 1.215024 0.040409
v 0.088399 1.213954 0.067142
v 0.204879 1.159456 0.140455
v 0.227532 1.159456 0.096726
v 0.241650 1.159456 0.049290
v -0.000000 0.229680 -0.221848
v 0.000000 0.196947 -0.214182
v 0.000000 0.159005 -0.212765
v -0.038938 0.117418 -0.210911
v -0.076437 0.117418 -0.199193
v -0.111059 0.117419 -0.180086
v -0.140060 0.159005 -0.152394
v -0.141494 0.196947 -0.153320
v -0.147729 0.229680 -0.158599
v -0.126348 0.255644 -0.199290
v -0.086959 0.255644 -0.220730
v -0.044298 0.255644 -0.233951
v -0.480305 -0.824782 -0.322052
v -0.533571 -0.824782 -0.221636
v -0.566806 -0.824782 -0.112898
v -0.542718 -0.779263 -0.107855
v -0.510924 -0.779263 -0.211739
v -0.459955 -0.779263 -0.307677
v -0.394222 -0.787767 -0.394664
v -0.398948 -0.796961 -0.399647
v -0.404253 -0.808686 -0.405228
v -0.411358 -0.846343 -0.412788
v -0.412242 -0.871476 -0.413630
v -0.411871 -0.897539 -0.412796
v -0.482359 -0.921895 -0.322598
v -0.535576 -0.921895 -0.222052
v -0.568715 -0.921895 -0.113122
v -0.323710 -0.585066 -0.463447
v -0.223100 -0.585066 -0.514492
v -0.113738 -0.585066 -0.546260
v 0.000000 -0.620599 -0.570986
v 0.000000 -0.656382 -0.575777
v 0.000000 -0.689916 -0.574284
v -0.111649 -0.718700 -0.557985
v -0.219156 -0.718700 -0.525368
v -0.318382 -0.718700 -0.473042
v -0.411258 -0.689916 -0.406402
v -0.415668 -0.656382 -0.407625
v -0.416338 -0.620599 -0.404374
v -0.565485 -0.585066 -0.108775
v -0.533525 -0.585066 -0.213507
v -0.481700 -0.585066 -0.310155
v -0.475841 -0.718700 -0.316335
v -0.528316 -0.718700 -0.217714
v -0.560987 -0.718700 -0.110904
v -0.321043 -0.824782 -0.481686
v -0.220924 -0.824782 -0.535025
v -0.112531 -0.824782 -0.568288
v 0.000000 -0.846343 -0.583586
v 0.000000 -0.871476 -0.584608
v -0.000000 -0.897539 -0.583253
v -0.113165 -0.921895 -0.568539
v -0.222136 -0.921895 -0.535403
v -0.322717 -0.921895 -0.482196
v -0.464358 -0.461260 -0.085470
v -0.439281 -0.461260 -0.167783
v -0.398007 -0.461260 -0.243782
v -0.361206 -0.490552 -0.331801
v -0.381401 -0.520481 -0.355354
v -0.398934 -0.551751 -0.377477
v -0.307483 -0.779263 -0.460220
v -0.211602 -0.779263 -0.511203
v -0.107785 -0.779263 -0.543002
v 0.000000 -0.787767 -0.558178
v 0.000000 -0.796961 -0.565231
v 0.000000 -0.808686 -0.573099
v -0.270238 -0.207401 -0.056505
v -0.254450 -0.207401 -0.110849
v -0.229117 -0.207401 -0.160873
v -0.295236 -0.271521 -0.197671
v -0.327696 -0.271521 -0.136079
v -0.347883 -0.271521 -0.069329
v -0.389413 -0.350293 -0.073808
v -0.367649 -0.350293 -0.144895
v -0.332229 -0.350293 -0.210539
v -0.294307 -0.376033 -0.273388
v -0.307304 -0.403508 -0.281630
v -0.322854 -0.432117 -0.293639
v -0.269147 -0.461260 -0.364520
v -0.185824 -0.461260 -0.404825
v -0.094830 -0.461260 -0.429944
v 0.000000 -0.490552 -0.468782
v 0.000000 -0.520481 -0.501854
v 0.000000 -0.551751 -0.532949
v -0.405204 -0.972043 -0.398949
v -0.407329 -0.958989 -0.403241
v -0.409171 -0.942410 -0.407253
v -0.000000 -0.942410 -0.575158
v 0.000000 -0.958989 -0.569423
v 0.000000 -0.972043 -0.563320
v -0.111180 -0.981986 -0.546477
v -0.218170 -0.981986 -0.514681
v -0.316778 -0.981986 -0.463597
v -0.260992 -0.287309 -0.257735
v -0.268566 -0.305777 -0.261590
v -0.275689 -0.326809 -0.264537
v -0.223615 -0.350293 -0.314879
v -0.154184 -0.350293 -0.349737
v -0.078624 -0.350293 -0.371471
v 0.000000 -0.376033 -0.386595
v 0.000000 -0.403508 -0.398246
v 0.000000 -0.432117 -0.415166
v 0.000000 -0.287309 -0.364063
v 0.000000 -0.305777 -0.369691
v 0.000000 -0.326809 -0.373972
v -0.556080 -0.981986 -0.108798
v -0.524109 -0.981986 -0.213556
v -0.472549 -0.981986 -0.310234
v -0.398763 -0.989224 -0.389707
v -0.386028 -0.994141 -0.376758
v -0.358012 -0.997130 -0.349310
v -0.339623 -0.999019 -0.245135
v -0.368930 -0.999248 -0.149642
v -0.416471 -0.999019 -0.061424
v -0.399297 -0.740904 -0.398250
v -0.394558 -0.757382 -0.394284
v -0.391701 -0.769660 -0.391769
v 0.000000 -0.989224 -0.550235
v -0.000000 -0.994141 -0.531973
v -0.000000 -0.997130 -0.493288
v -0.063075 -0.999019 -0.407475
v -0.153558 -0.999248 -0.360722
v -0.251338 -0.999019 -0.331722
v -0.000000 -0.740904 -0.563109
v 0.000000 -0.757382 -0.557574
v 0.000000 -0.769660 -0.554051
v -0.182650 -0.178811 -0.193258
v -0.172264 -0.143824 -0.183725
v -0.163695 -0.104058 -0.175711
v -0.123142 -0.061132 -0.197924
v -0.084753 -0.061132 -0.219016
v -0.043174 -0.061132 -0.231975
v -0.000000 -0.104058 -0.245788
v -0.000000 -0.143824 -0.257234
v 0.000000 -0.178811 -0.270891
v -0.222830 0.255644 -0.047057
v -0.209812 0.255644 -0.092302
v -0.188923 0.255644 -0.133927
v -0.166062 0.117419 -0.121312
v -0.184423 0.117418 -0.083665
v -0.195866 0.117418 -0.042669
v -0.217176 -0.061132 -0.046845
v -0.204488 -0.061132 -0.091863
v -0.184130 -0.061132 -0.133227
v -0.151228 -0.016543 -0.163808
v -0.146950 0.028683 -0.159633
v -0.143725 0.073639 -0.156403
v 0.000000 0.073639 -0.218358
v 0.000000 0.028683 -0.222922
v -0.000000 -0.016543 -0.228845
v -0.181769 0.273973 -0.188785
v -0.207212 0.286594 -0.211576
v -0.232735 0.296132 -0.234490
v -0.199477 0.305211 -0.297837
v -0.137291 0.305211 -0.330793
v -0.069937 0.305211 -0.351338
v -0.000000 0.296132 -0.331058
v 0.000000 0.286594 -0.298114
v -0.000000 0.273973 -0.265335
v -0.267099 0.315982 -0.265396
v -0.271737 0.328704 -0.269688
v -0.268046 0.343162 -0.266701
v -0.201309 0.359143 -0.301559
v -0.138551 0.359143 -0.334869
v -0.070579 0.359143 -0.355622
v -0.000000 0.343162 -0.377248
v 0.000000 0.328704 -0.381620
v 0.000000 0.315982 -0.375480
v -0.351803 0.305211 -0.069822
v -0.331249 0.305211 -0.137068
v -0.298271 0.305211 -0.199161
v 0.000000 0.419817 -0.292031
v 0.000000 0.396514 -0.313802
v -0.000000 0.376644 -0.339683
v -0.237438 0.376644 -0.240841
v -0.216280 0.396514 -0.223036
v -0.198311 0.419817 -0.208090
v -0.148538 0.447613 -0.235152
v -0.102231 0.447613 -0.260403
v -0.052078 0.447613 -0.275963
v -0.355033 0.359143 -0.070726
v -0.334291 0.359143 -0.138835
v -0.301010 0.359143 -0.201711
v -0.000000 0.557722 -0.326911
v 0.000000 0.517718 -0.303465
v -0.000000 0.480564 -0.286316
v -0.192404 0.480564 -0.204378
v -0.205347 0.517718 -0.216366
v -0.223240 0.557722 -0.232722
v -0.189666 0.599222 -0.292534
v -0.130538 0.599222 -0.324366
v -0.066497 0.599222 -0.344083
v -0.261964 0.447613 -0.055550
v -0.246659 0.447613 -0.108957
v -0.222103 0.447613 -0.158078
v 0.000000 1.205528 -0.149519
v 0.000000 1.194316 -0.182467
v 0.000000 1.178789 -0.217169
v -0.048039 1.159456 -0.246692
v -0.094304 1.159456 -0.232482
v -0.137019 1.159456 -0.209579
v -0.150560 1.178789 -0.154196
v -0.126496 1.194316 -0.129547
v -0.103640 1.205528 -0.106129
v -0.065541 1.213954 -0.090429
v -0.039415 1.215024 -0.097183
v -0.016180 1.213955 -0.111104
v -0.334499 0.599222 -0.068875
v -0.314957 0.599223 -0.135143
v -0.283600 0.599222 -0.196197
v 0.053722 -0.207401 -0.281455
v 0.105460 -0.207401 -0.265462
v 0.153229 -0.207401 -0.239573
v 0.209373 -0.228698 -0.217054
v 0.224495 -0.244682 -0.230040
v 0.238998 -0.258056 -0.241991
v 0.197646 -0.271521 -0.295333
v 0.136069 -0.271521 -0.327840
v 0.069326 -0.271521 -0.348065
v -0.108810 1.213955 -0.016599
v -0.095106 1.215024 -0.040409
v -0.088399 1.213954 -0.067142
v -0.204879 1.159456 -0.140455
v -0.227532 1.159456 -0.096726
v -0.241650 1.159456 -0.049290
v 0.044298 0.255644 -0.233951
v 0.086959 0.255644 -0.220730
v 0.126348 0.255644 -0.199290
v 0.147729 0.229680 -0.158599
v 0.141494 0.196947 -0.153320
v 0.140060 0.159005 -0.152394
v 0.111059 0.117419 -0.180086
v 0.076437 0.117418 -0.199193
v 0.038938 0.117418 -0.210911
v 0.404253 -0.808686 -0.405228
v 0.398948 -0.796961 -0.399647
v 0.394222 -0.787767 -0.394664
v 0.459955 -0.779263 -0.307677
v 0.510924 -0.779263 -0.211739
v 0.542718 -0.779263 -0.107855
v 0.566806 -0.824782 -0.112898
v 0.533571 -0.824782 -0.221636
v 0.480305 -0.824782 -0.322052
v 0.568715 -0.921895 -0.113122
v 0.535576 -0.921895 -0.222052
v 0.482359 -0.921895 -0.322598
v 0.411871 -0.897539 -0.412796
v 0.412242 -0.871476 -0.413630
v 0.411358 -0.846343 -0.412788
v 0.416338 -0.620599 -0.404374
v 0.415668 -0.656383 -0.407625
v 0.411258 -0.689916 -0.406402
v 0.318382 -0.718700 -0.473042
v 0.219156 -0.718700 -0.525368
v 0.111649 -0.718700 -0.557985
v 0.113738 -0.585066 -0.546260
v 0.223100 -0.585066 -0.514492
v 0.323710 -0.585066 -0.463447
v 0.560987 -0.718700 -0.110904
v 0.528316 -0.718700 -0.217714
v 0.475841 -0.718700 -0.316335
v 0.481700 -0.585066 -0.310155
v 0.533525 -0.585066 -0.213507
v 0.565485 -0.585066 -0.108775
v 0.322717 -0.921895 -0.482196
v 0.222136 -0.921895 -0.535403
v 0.113165 -0.921895 -0.568539
v 0.112531 -0.824782 -0.568288
v 0.220924 -0.824782 -0.535025
v 0.321043 -0.824782 -0.481686
v 0.398934 -0.551750 -0.377477
v 0.381401 -0.520481 -0.355354
v 0.361206 -0.490552 -0.331801
v 0.398007 -0.461260 -0.243782
v 0.439281 -0.461260 -0.167783
v 0.464358 -0.461260 -0.085470
v 0.107785 -0.779263 -0.543002
v 0.211602 -0.779263 -0.511203
v 0.307483 -0.779263 -0.460220
v 0.347883 -0.271521 -0.069329
v 0.327696 -0.271521 -0.136079
v 0.295236 -0.271521 -0.197671
v 0.229117 -0.207401 -0.160873
v 0.254450 -0.207401 -0.110849
v 0.270238 -0.207401 -0.056505
v 0.322854 -0.432117 -0.293639
v 0.307304 -0.403508 -0.281630
v 0.294307 -0.376033 -0.273388
v 0.332229 -0.350293 -0.210539
v 0.367649 -0.350293 -0.144895
v 0.389413 -0.350293 -0.073808
v 0.094830 -0.461260 -0.429944
v 0.185824 -0.461260 -0.404825
v 0.269147 -0.461260 -0.364520
v 0.316778 -0.981986 -0.463597
v 0.218170 -0.981986 -0.514681
v 0.111180 -0.981986 -0.546477
v 0.409171 -0.942410 -0.407253
v 0.407329 -0.958989 -0.403241
v 0.405204 -0.972043 -0.398949
v 0.275689 -0.326809 -0.264537
v 0.268566 -0.305777 -0.261590
v 0.260992 -0.287309 -0.257735
v 0.078624 -0.350293 -0.371471
v 0.154184 -0.350293 -0.349737
v 0.223615 -0.350293 -0.314879
v 0.416471 -0.999019 -0.061424
v 0.368929 -0.999248 -0.149642
v 0.339623 -0.999019 -0.245135
v 0.358012 -0.997130 -0.349310
v 0.386029 -0.994141 -0.376758
v 0.398763 -0.989224 -0.389707
v 0.472549 -0.981986 -0.310234
v 0.524109 -0.981986 -0.213556
v 0.556080 -0.981986 -0.108798
v 0.391701 -0.769660 -0.391769
v 0.394558 -0.757382 -0.394284
v 0.399297 -0.740904 -0.398250
v 0.251338 -0.999019 -0.331722
v 0.153558 -0.999248 -0.360722
v 0.063075 -0.999019 -0.407475
v 0.043174 -0.061132 -0.231975
v 0.084753 -0.061131 -0.219016
v 0.123142 -0.061132 -0.197924
v 0.163695 -0.104058 -0.175711
v 0.172264 -0.143824 -0.183725
v 0.182650 -0.178811 -0.193258
v 0.195866 0.117418 -0.042669
v 0.184423 0.117418 -0.083665
v 0.166062 0.117418 -0.121311
v 0.188923 0.255644 -0.133927
v 0.209812 0.255644 -0.092302
v 0.222830 0.255644 -0.047057
v 0.184130 -0.061132 -0.133227
v 0.204488 -0.061131 -0.091863
v 0.217176 -0.061132 -0.046845
v 0.143725 0.073639 -0.156403
v 0.146950 0.028683 -0.159633
v 0.151228 -0.016543 -0.163808
v 0.069937 0.305211 -0.351338
v 0.137291 0.305211 -0.330793
v 0.199477 0.305211 -0.297837
v 0.232735 0.296132 -0.234489
v 0.207212 0.286594 -0.211576
v 0.181769 0.273973 -0.188785
v 0.070579 0.359143 -0.355622
v 0.138551 0.359143 -0.334869
v 0.201309 0.359143 -0.301559
v 0.268046 0.343163 -0.266701
v 0.271737 0.328704 -0.269688
v 0.267099 0.315982 -0.265396
v 0.298271 0.305211 -0.199161
v 0.331249 0.305211 -0.137068
v 0.351803 0.305211 -0.069822
v 0.052078 0.447613 -0.275964
v 0.102231 0.447613 -0.260403
v 0.148538 0.447613 -0.235152
v 0.198311 0.419816 -0.208090
v 0.216280 0.396514 -0.223036
v 0.237438 0.376643 -0.240841
v 0.301010 0.359143 -0.201711
v 0.334291 0.359143 -0.138835
v 0.355033 0.359143 -0.070726
v 0.066497 0.599222 -0.344083
v 0.130538 0.599223 -0.324366
v 0.189666 0.599222 -0.292534
v 0.223240 0.557722 -0.232722
v 0.205347 0.517718 -0.216366
v 0.192404 0.480564 -0.204378
v 0.222103 0.447613 -0.158078
v 0.246659 0.447613 -0.108957
v 0.261964 0.447613 -0.055550
v 0.016180 1.213955 -0.111104
v 0.039415 1.215024 -0.097183
v 0.065541 1.213954 -0.090429
v 0.103640 1.205528 -0.106129
v 0.126496 1.194316 -0.129547
v 0.150560 1.178789 -0.154196
v 0.137019 1.159456 -0.209579
v 0.094304 1.159456 -0.232482
v 0.048039 1.159456 -0.246692
v 0.283600 0.599222 -0.196197
v 0.314957 0.599223 -0.135143
v 0.334499 0.599222 -0.068875
v -0.219702 0.768264 0.336048
v -0.151211 0.768264 0.372771
v -0.077028 0.768264 0.395557
v 0.000000 0.811199 0.407484
v 0.000000 0.853521 0.408820
v 0.000000 0.894208 0.407628
v -0.077175 0.932240 0.396313
v -0.151500 0.932240 0.373484
v -0.220122 0.932240 0.336691
v -0.282603 0.894208 0.289429
v -0.283429 0.853521 0.290275
v -0.282503 0.811199 0.289327
v 0.241650 1.159456 -0.049290
v 0.227532 1.159456 -0.096726
v 0.204879 1.159456 -0.140455
v 0.088399 1.213954 -0.067142
v 0.095106 1.215024 -0.040409
v 0.108810 1.213955 -0.016599
v 0.000000 0.641102 0.370517
v 0.000000 0.683192 0.385446
v -0.000000 0.725557 0.396207
v -0.274657 0.725557 0.281325
v -0.266998 0.683192 0.273719
v -0.256111 0.641102 0.263215
v 0.387472 0.768264 -0.079034
v 0.364834 0.768264 -0.155095
v 0.328513 0.768264 -0.225212
v 0.282503 0.811199 -0.289327
v 0.283429 0.853521 -0.290275
v 0.282603 0.894208 -0.289429
v 0.329140 0.932240 -0.225643
v 0.365532 0.932240 -0.155392
v 0.388212 0.932240 -0.079185
v 0.399436 0.894208 -0.000000
v 0.400604 0.853521 -0.000000
v 0.399296 0.811199 -0.000000
v 0.219702 0.768264 -0.336049
v 0.151211 0.768264 -0.372772
v 0.077028 0.768264 -0.395557
v 0.000000 0.811199 -0.407484
v 0.000000 0.853521 -0.408820
v 0.000000 0.894208 -0.407628
v 0.077175 0.932240 -0.396313
v 0.151500 0.932240 -0.373484
v 0.220122 0.932240 -0.336691
v -0.399296 0.811199 -0.000000
v -0.400604 0.853521 -0.000000
v -0.399436 0.894208 -0.000000
v -0.388212 0.932240 -0.079185
v -0.365532 0.932240 -0.155392
v -0.329140 0.932240 -0.225643
v -0.282603 0.894208 -0.289429
v -0.283429 0.853521 -0.290275
v -0.282503 0.811199 -0.289327
v -0.328513 0.768264 -0.225212
v -0.364834 0.768264 -0.155095
v -0.387472 0.768264 -0.079034
v -0.220122 0.932240 -0.336691
v -0.151500 0.932240 -0.373484
v -0.077175 0.932240 -0.396313
v -0.077028 0.768264 -0.395557
v -0.151211 0.768264 -0.372772
v -0.219702 0.768264 -0.336049
v 0.388212 0.932240 0.079184
v 0.365532 0.932240 0.155391
v 0.329140 0.932240 0.225642
v 0.282603 0.894208 0.289429
v 0.283429 0.853521 0.290275
v 0.282503 0.811199 0.289327
v 0.328513 0.768264 0.225212
v 0.364834 0.768264 0.155095
v 0.387472 0.768264 0.079033
v 0.220122 0.932240 0.336691
v 0.151500 0.932240 0.373484
v 0.077175 0.932240 0.396313
v 0.077028 0.768264 0.395557
v 0.151211 0.768264 0.372771
v 0.219702 0.768264 0.336048
v -0.387472 0.768264 0.079033
v -0.364834 0.768264 0.155095
v -0.328513 0.768264 0.225212
v -0.329140 0.932240 0.225642
v -0.365532 0.932240 0.155391
v -0.388212 0.932240 0.079184
v 0.256111 0.641102 0.263215
v 0.266998 0.683192 0.273719
v 0.274657 0.725557 0.281325
v -0.388205 0.725557 -0.000000
v -0.377380 0.683192 -0.000000
v -0.361992 0.641102 -0.000000
v 0.000000 0.725557 -0.396207
v 0.000000 0.683192 -0.385446
v 0.000000 0.641102 -0.370517
v -0.256111 0.641102 -0.263215
v -0.266998 0.683192 -0.273719
v -0.274657 0.725557 -0.281325
v 0.361992 0.641102 -0.000000
v 0.377380 0.683192 -0.000000
v 0.388205 0.725557 -0.000000
v 0.274657 0.725557 -0.281325
v 0.266998 0.683192 -0.273719
v 0.256111 0.641102 -0.263215
v 0.000000 0.966902 0.398457
v 0.000000 0.998712 0.389927
v 0.000000 1.028493 0.377766
v -0.068970 1.057072 0.354178
v -0.135393 1.057072 0.333777
v -0.196720 1.057072 0.300895
v -0.261900 1.028493 0.268226
v -0.270331 0.998712 0.276860
v -0.276245 0.966902 0.282917
v 0.000000 1.085016 0.339646
v 0.000000 1.111869 0.313675
v 0.000000 1.136920 0.284056
v -0.196932 1.136920 0.201689
v -0.217467 1.111869 0.222720
v -0.235472 1.085016 0.241159
v 0.276245 0.966902 -0.282917
v 0.270331 0.998712 -0.276861
v 0.261900 1.028493 -0.268227
v 0.294148 1.057072 -0.201653
v 0.326670 1.057072 -0.138871
v 0.346939 1.057072 -0.070766
v 0.370175 1.028493 -0.000000
v 0.382091 0.998712 -0.000000
v 0.390450 0.966902 -0.000000
v 0.000000 0.966902 -0.398457
v 0.000000 0.998712 -0.389927
v 0.000000 1.028493 -0.377767
v 0.068970 1.057072 -0.354179
v 0.135393 1.057072 -0.333777
v 0.196720 1.057072 -0.300896
v -0.390450 0.966902 -0.000000
v -0.382091 0.998712 -0.000000
v -0.370175 1.028493 -0.000000
v -0.346939 1.057072 -0.070766
v -0.326670 1.057072 -0.138871
v -0.294148 1.057072 -0.201653
v -0.261900 1.028493 -0.268227
v -0.270331 0.998712 -0.276861
v -0.276245 0.966902 -0.282917
v -0.196720 1.057072 -0.300896
v -0.135393 1.057072 -0.333777
v -0.068970 1.057072 -0.354179
v 0.346939 1.057072 0.070766
v 0.326670 1.057072 0.138871
v 0.294148 1.057072 0.201653
v 0.261900 1.028493 0.268226
v 0.270331 0.998712 0.276860
v 0.276245 0.966902 0.282917
v 0.196720 1.057072 0.300895
v 0.135393 1.057072 0.333777
v 0.068970 1.057072 0.354178
v -0.294148 1.057072 0.201653
v -0.326670 1.057072 0.138871
v -0.346939 1.057072 0.070766
v 0.235472 1.085016 -0.241160
v 0.217467 1.111869 -0.222720
v 0.196932 1.136920 -0.201689
v 0.278348 1.136920 -0.000000
v 0.307372 1.111869 -0.000000
v 0.332821 1.085016 -0.000000
v 0.000000 1.085016 -0.339646
v 0.000000 1.111869 -0.313676
v 0.000000 1.136920 -0.284056
v -0.332821 1.085016 -0.000000
v -0.307372 1.111869 -0.000000
v -0.278348 1.136920 -0.000000
v -0.196932 1.136920 -0.201689
v -0.217467 1.111869 -0.222720
v -0.235472 1.085016 -0.241160
v 0.196932 1.136920 0.201689
v 0.217467 1.111869 0.222720
v 0.235472 1.085016 0.241159
v -0.038578 0.159005 0.208819
v -0.038973 0.196947 0.210197
v -0.040690 0.229680 0.217692
v -0.075731 0.159005 0.197212
v -0.076506 0.196947 0.198485
v -0.079877 0.229680 0.205496
v -0.110033 0.159005 0.178288
v -0.111160 0.196947 0.179406
v -0.116058 0.229680 0.185664
v -0.475027 -0.808686 0.318304
v -0.468784 -0.796961 0.313917
v -0.463215 -0.787767 0.310004
v -0.527713 -0.808686 0.219052
v -0.520768 -0.796961 0.216031
v -0.514563 -0.787767 0.213338
v -0.560588 -0.808686 0.111580
v -0.553203 -0.796961 0.110041
v -0.546598 -0.787767 0.108670
v -0.570653 -0.897539 0.113719
v -0.537315 -0.897539 0.223231
v -0.483822 -0.897539 0.324326
v -0.571411 -0.871475 0.113931
v -0.537966 -0.871475 0.223653
v -0.484334 -0.871475 0.324956
v -0.570343 -0.846343 0.113683
v -0.536921 -0.846343 0.223171
v -0.483345 -0.846343 0.324271
v -0.327555 -0.620599 0.474860
v -0.326858 -0.656383 0.478734
v -0.323255 -0.689916 0.477362
v -0.225656 -0.620599 0.527194
v -0.225099 -0.656383 0.531554
v -0.222557 -0.689916 0.530102
v -0.115014 -0.620599 0.559771
v -0.114708 -0.656383 0.564448
v -0.113394 -0.689916 0.562962
v -0.568765 -0.689916 0.111952
v -0.535802 -0.689916 0.219763
v -0.482777 -0.689916 0.319293
v -0.574006 -0.656382 0.112312
v -0.540958 -0.656382 0.220462
v -0.487685 -0.656383 0.320287
v -0.573862 -0.620599 0.111436
v -0.541095 -0.620599 0.218735
v -0.488136 -0.620599 0.317760
v -0.323571 -0.897539 0.484854
v -0.222699 -0.897539 0.538402
v -0.113445 -0.897539 0.571760
v -0.323824 -0.871476 0.485882
v -0.222856 -0.871476 0.539596
v -0.113520 -0.871476 0.573072
v -0.323105 -0.846343 0.484940
v -0.222349 -0.846343 0.538600
v -0.113258 -0.846343 0.572053
v -0.466877 -0.551750 0.296633
v -0.445888 -0.520481 0.279228
v -0.421881 -0.490552 0.260694
v -0.516603 -0.551750 0.204196
v -0.492866 -0.520481 0.192206
v -0.465898 -0.490552 0.179435
v -0.547146 -0.551751 0.104030
v -0.521597 -0.520481 0.097919
v -0.492710 -0.490552 0.091410
v -0.317509 -0.808686 0.476114
v -0.218491 -0.808686 0.528858
v -0.111291 -0.808686 0.561755
v -0.313347 -0.796961 0.469564
v -0.215629 -0.796961 0.521589
v -0.109834 -0.796961 0.554039
v -0.309643 -0.787767 0.463708
v -0.213084 -0.787767 0.515083
v -0.108539 -0.787767 0.547127
v -0.330911 -0.258056 0.066738
v -0.311636 -0.258056 0.130979
v -0.280680 -0.258056 0.190229
v -0.310976 -0.244682 0.063486
v -0.292825 -0.244682 0.124582
v -0.263692 -0.244682 0.180897
v -0.290083 -0.228698 0.059950
v -0.273138 -0.228698 0.117626
v -0.245947 -0.228698 0.170752
v -0.376875 -0.432117 0.230668
v -0.358932 -0.403508 0.221226
v -0.344081 -0.376033 0.214751
v -0.415967 -0.432117 0.158750
v -0.396388 -0.403508 0.152248
v -0.380348 -0.376033 0.147791
v -0.439721 -0.432117 0.080866
v -0.419206 -0.403508 0.077553
v -0.402531 -0.376033 0.075283
v -0.110517 -0.551750 0.522486
v -0.105830 -0.520481 0.491988
v -0.100370 -0.490552 0.459547
v -0.216720 -0.551750 0.492092
v -0.207468 -0.520481 0.463337
v -0.196713 -0.490552 0.432742
v -0.314297 -0.551751 0.443259
v -0.300722 -0.520481 0.417319
v -0.285001 -0.490552 0.389712
v -0.318600 -0.972043 0.468488
v -0.219399 -0.972043 0.520117
v -0.111799 -0.972043 0.552255
v -0.320199 -0.958989 0.473540
v -0.220468 -0.958989 0.525739
v -0.112334 -0.958989 0.558235
v -0.321572 -0.942410 0.478271
v -0.221379 -0.942410 0.531012
v -0.112789 -0.942410 0.563850
v -0.323005 -0.326809 0.207813
v -0.314932 -0.305777 0.205515
v -0.306260 -0.287309 0.202511
v -0.357801 -0.326809 0.143023
v -0.349155 -0.305777 0.141449
v -0.339767 -0.287309 0.139393
v -0.379271 -0.326810 0.072856
v -0.370342 -0.305777 0.072056
v -0.360566 -0.287309 0.071012
v -0.089790 -0.432117 0.406959
v -0.085390 -0.403508 0.390368
v -0.081658 -0.376033 0.378947
v -0.175949 -0.432117 0.383154
v -0.167354 -0.403508 0.367520
v -0.160084 -0.376033 0.356766
v -0.254847 -0.432117 0.344973
v -0.242467 -0.403508 0.330881
v -0.232044 -0.376033 0.321198
v -0.076242 -0.326809 0.366583
v -0.074174 -0.305777 0.362399
v -0.072006 -0.287309 0.356899
v -0.149556 -0.326809 0.345151
v -0.145534 -0.305777 0.341237
v -0.141309 -0.287309 0.336098
v -0.217015 -0.326810 0.310769
v -0.211270 -0.305777 0.307276
v -0.205205 -0.287309 0.302698
v -0.550077 -0.989229 0.107257
v -0.531075 -0.994175 0.102698
v -0.487873 -0.997256 0.090869
v -0.518276 -0.989233 0.210641
v -0.498773 -0.994209 0.202457
v -0.452644 -0.997366 0.183643
v -0.467486 -0.989229 0.306203
v -0.450822 -0.994175 0.295756
v -0.411584 -0.997256 0.273938
v -0.543003 -0.769660 0.107876
v -0.511205 -0.769660 0.211779
v -0.460221 -0.769660 0.307734
v -0.546870 -0.757382 0.108572
v -0.514869 -0.757382 0.213143
v -0.463549 -0.757382 0.309714
v -0.553228 -0.740904 0.109671
v -0.520908 -0.740904 0.215299
v -0.469051 -0.740904 0.312840
v -0.313588 -0.989229 0.457386
v -0.303309 -0.994175 0.440509
v -0.281012 -0.997256 0.402018
v -0.215845 -0.989233 0.507640
v -0.207758 -0.994209 0.487917
v -0.188520 -0.997366 0.442599
v -0.109943 -0.989229 0.539234
v -0.105427 -0.994175 0.519952
v -0.093326 -0.997256 0.477409
v -0.307679 -0.769660 0.460297
v -0.211740 -0.769660 0.511285
v -0.107856 -0.769660 0.543085
v -0.309938 -0.757382 0.463243
v -0.213301 -0.757382 0.514546
v -0.108653 -0.757382 0.546541
v -0.313694 -0.740904 0.467882
v -0.215902 -0.740904 0.519678
v -0.109982 -0.740904 0.551974
v -0.559743 -0.972043 0.109942
v -0.527468 -0.972043 0.215802
v -0.475467 -0.972043 0.313498
v -0.563127 -0.958989 0.111121
v -0.530542 -0.958989 0.218117
v -0.478100 -0.958989 0.316865
v -0.566146 -0.942410 0.112219
v -0.533266 -0.942410 0.220276
v -0.480411 -0.942410 0.320008
v -0.143492 -0.178811 0.226393
v -0.098759 -0.178811 0.250745
v -0.050309 -0.178811 0.265762
v -0.135333 -0.143824 0.215143
v -0.093143 -0.143824 0.238198
v -0.047448 -0.143824 0.252393
v -0.128601 -0.104058 0.205696
v -0.088510 -0.104058 0.227671
v -0.045088 -0.104058 0.241184
v -0.194057 0.159005 0.042239
v -0.182720 0.159005 0.082823
v -0.164528 0.159005 0.120093
v -0.196044 0.196947 0.042483
v -0.184590 0.196947 0.083306
v -0.166213 0.196947 0.120805
v -0.204683 0.229680 0.043917
v -0.192724 0.229680 0.086127
v -0.173537 0.229680 0.124924
v -0.253065 -0.178811 0.053458
v -0.238280 -0.178811 0.104858
v -0.214558 -0.178811 0.152144
v -0.238676 -0.143824 0.050850
v -0.224732 -0.143824 0.099733
v -0.202358 -0.143824 0.144680
v -0.226803 -0.104058 0.048655
v -0.213552 -0.104058 0.095419
v -0.192292 -0.104058 0.138401
v -0.118807 -0.016543 0.191682
v -0.081769 -0.016542 0.212070
v -0.041654 -0.016543 0.224587
v -0.115446 0.028683 0.186771
v -0.079456 0.028683 0.206610
v -0.040476 0.028683 0.218783
v -0.112912 0.073639 0.182977
v -0.077712 0.073639 0.202397
v -0.039587 0.073639 0.214308
v -0.209530 -0.016543 0.045388
v -0.197289 -0.016542 0.089002
v -0.177647 -0.016543 0.129067
v -0.203603 0.028683 0.044241
v -0.191708 0.028683 0.086748
v -0.172622 0.028683 0.125790
v -0.199135 0.073639 0.043351
v -0.187501 0.073639 0.085002
v -0.168834 0.073639 0.123253
v -0.142800 0.273973 0.221350
v -0.098283 0.273973 0.245375
v -0.050066 0.273973 0.260242
v -0.162789 0.286594 0.248279
v -0.112040 0.286594 0.275451
v -0.057074 0.286594 0.292319
v -0.182839 0.296132 0.275350
v -0.125840 0.296132 0.305682
v -0.064104 0.296132 0.324559
v -0.209836 0.315982 0.311860
v -0.144420 0.315982 0.346450
v -0.073569 0.315982 0.368033
v -0.213480 0.328704 0.316922
v -0.146928 0.328704 0.352094
v -0.074847 0.328704 0.374045
v -0.210580 0.343162 0.313372
v -0.144933 0.343162 0.348106
v -0.073830 0.343162 0.369774
v -0.251845 0.273973 0.052149
v -0.237132 0.273973 0.102316
v -0.213523 0.273973 0.148522
v -0.287097 0.286594 0.058369
v -0.270324 0.286594 0.114548
v -0.243412 0.286594 0.166347
v -0.322459 0.296132 0.064625
v -0.303620 0.296132 0.126849
v -0.273392 0.296132 0.184270
v -0.065399 0.376644 0.333048
v -0.059572 0.396514 0.307747
v -0.054622 0.419816 0.286468
v -0.128383 0.376643 0.313754
v -0.116942 0.396514 0.290092
v -0.107227 0.419816 0.270202
v -0.186534 0.376643 0.282714
v -0.169912 0.396514 0.261600
v -0.155796 0.419816 0.243864
v -0.370072 0.315982 0.073063
v -0.348451 0.315982 0.143441
v -0.313760 0.315982 0.208447
v -0.376498 0.328704 0.074238
v -0.354502 0.328704 0.145750
v -0.319209 0.328704 0.211808
v -0.371384 0.343162 0.073430
v -0.349687 0.343162 0.144159
v -0.314873 0.343162 0.209483
v -0.052995 0.480564 0.280911
v -0.056560 0.517718 0.297702
v -0.061489 0.557722 0.320653
v -0.104033 0.480564 0.265075
v -0.111031 0.517718 0.280838
v -0.120706 0.557722 0.302375
v -0.151155 0.480564 0.239374
v -0.161323 0.517718 0.253514
v -0.175380 0.557722 0.272818
v -0.328976 0.376644 0.066409
v -0.309756 0.376643 0.130339
v -0.278917 0.376643 0.189310
v -0.299661 0.396514 0.061577
v -0.282154 0.396514 0.120827
v -0.254063 0.396514 0.175423
v -0.274765 0.419816 0.057525
v -0.258712 0.419816 0.112849
v -0.232955 0.419816 0.163771
v -0.041408 1.178808 0.212869
v -0.034346 1.194474 0.178224
v -0.026549 1.206118 0.143943
v -0.081334 1.178828 0.200508
v -0.067806 1.194631 0.167159
v -0.053873 1.206632 0.132816
v -0.118265 1.178808 0.180812
v -0.099241 1.194474 0.151145
v -0.080984 1.206117 0.121201
v -0.266581 0.480564 0.056550
v -0.251006 0.480564 0.110918
v -0.226017 0.480564 0.160921
v -0.284513 0.517718 0.059832
v -0.267891 0.517718 0.117367
v -0.241220 0.517718 0.170311
v -0.309305 0.557722 0.064304
v -0.291234 0.557722 0.126158
v -0.262240 0.557722 0.183114
v 0.057670 -0.228698 0.299278
v 0.061842 -0.244682 0.317627
v 0.065855 -0.258056 0.334542
v 0.113210 -0.228698 0.282164
v 0.121397 -0.244682 0.299350
v 0.129268 -0.258056 0.315186
v 0.164488 -0.228698 0.254517
v 0.176377 -0.244682 0.269883
v 0.187796 -0.258056 0.284034
v -0.208518 1.178808 0.042486
v -0.196239 1.178828 0.083423
v -0.176757 1.178808 0.121230
v -0.174577 1.194474 0.035239
v -0.163599 1.194632 0.069545
v -0.147758 1.194474 0.101725
v -0.140988 1.206117 0.027239
v -0.129986 1.206632 0.055250
v -0.118487 1.206117 0.082999
v 0.040690 0.229680 0.217692
v 0.038973 0.196947 0.210197
v 0.038578 0.159005 0.208819
v 0.079877 0.229680 0.205496
v 0.076506 0.196947 0.198485
v 0.075731 0.159005 0.197212
v 0.116058 0.229680 0.185664
v 0.111160 0.196947 0.179406
v 0.110033 0.159005 0.178288
v 0.475027 -0.808686 0.318304
v 0.527713 -0.808686 0.219052
v 0.560588 -0.808686 0.111580
v 0.468784 -0.796961 0.313917
v 0.520768 -0.796961 0.216031
v 0.553203 -0.796961 0.110041
v 0.463215 -0.787767 0.310004
v 0.514564 -0.787767 0.213338
v 0.546598 -0.787767 0.108670
v 0.570654 -0.897539 0.113719
v 0.571411 -0.871476 0.113931
v 0.570343 -0.846343 0.113683
v 0.537315 -0.897539 0.223231
v 0.537966 -0.871476 0.223653
v 0.536921 -0.846343 0.223171
v 0.483822 -0.897539 0.324326
v 0.484334 -0.871475 0.324956
v 0.483345 -0.846343 0.324271
v 0.327555 -0.620599 0.474860
v 0.225656 -0.620599 0.527194
v 0.115014 -0.620599 0.559771
v 0.326858 -0.656383 0.478734
v 0.225099 -0.656383 0.531554
v 0.114708 -0.656383 0.564447
v 0.323255 -0.689916 0.477362
v 0.222557 -0.689916 0.530102
v 0.113394 -0.689916 0.562962
v 0.568765 -0.689916 0.111952
v 0.574006 -0.656383 0.112312
v 0.573862 -0.620599 0.111436
v 0.535802 -0.689916 0.219763
v 0.540958 -0.656383 0.220462
v 0.541095 -0.620599 0.218735
v 0.482777 -0.689916 0.319293
v 0.487685 -0.656383 0.320287
v 0.488136 -0.620599 0.317760
v 0.323571 -0.897539 0.484854
v 0.323824 -0.871476 0.485882
v 0.323105 -0.846343 0.484940
v 0.222699 -0.897539 0.538402
v 0.222856 -0.871476 0.539596
v 0.222349 -0.846343 0.538600
v 0.113445 -0.897539 0.571760
v 0.113520 -0.871476 0.573072
v 0.113258 -0.846343 0.572053
v 0.466877 -0.551750 0.296633
v 0.516603 -0.551750 0.204196
v 0.547146 -0.551750 0.104030
v 0.445888 -0.520481 0.279228
v 0.492866 -0.520481 0.192206
v 0.521597 -0.520481 0.097919
v 0.421881 -0.490552 0.260694
v 0.465898 -0.490552 0.179435
v 0.492710 -0.490552 0.091410
v 0.317509 -0.808686 0.476114
v 0.313347 -0.796961 0.469564
v 0.309643 -0.787767 0.463708
v 0.218491 -0.808686 0.528858
v 0.215629 -0.796961 0.521589
v 0.213084 -0.787767 0.515083
v 0.111291 -0.808686 0.561754
v 0.109834 -0.796961 0.554039
v 0.108539 -0.787767 0.547127
v 0.330911 -0.258056 0.066738
v 0.310976 -0.244682 0.063486
v 0.290083 -0.228698 0.059950
v 0.311636 -0.258056 0.130979
v 0.292825 -0.244682 0.124582
v 0.273138 -0.228698 0.117626
v 0.280680 -0.258056 0.190229
v 0.263692 -0.244682 0.180897
v 0.245947 -0.228698 0.170752
v 0.376875 -0.432117 0.230668
v 0.415967 -0.432117 0.158750
v 0.439721 -0.432117 0.080866
v 0.358931 -0.403508 0.221226
v 0.396388 -0.403508 0.152248
v 0.419206 -0.403508 0.077553
v 0.344081 -0.376033 0.214751
v 0.380348 -0.376032 0.147791
v 0.402531 -0.376033 0.075283
v 0.110517 -0.551750 0.522486
v 0.216720 -0.551750 0.492092
v 0.314297 -0.551750 0.443259
v 0.105830 -0.520481 0.491988
v 0.207468 -0.520481 0.463337
v 0.300722 -0.520481 0.417319
v 0.100370 -0.490552 0.459547
v 0.196713 -0.490552 0.432742
v 0.285001 -0.490552 0.389712
v 0.318600 -0.972043 0.468488
v 0.320199 -0.958989 0.473540
v 0.321572 -0.942410 0.478271
v 0.219399 -0.972043 0.520117
v 0.220468 -0.958989 0.525739
v 0.221379 -0.942410 0.531012
v 0.111799 -0.972043 0.552255
v 0.112334 -0.958989 0.558234
v 0.112789 -0.942410 0.563850
v 0.323005 -0.326810 0.207813
v 0.357801 -0.326810 0.143023
v 0.379271 -0.326810 0.072856
v 0.314932 -0.305777 0.205515
v 0.349155 -0.305777 0.141449
v 0.370342 -0.305777 0.072056
v 0.306260 -0.287309 0.202511
v 0.339767 -0.287309 0.139393
v 0.360566 -0.287309 0.071012
v 0.089790 -0.432117 0.406959
v 0.175949 -0.432117 0.383154
v 0.254847 -0.432117 0.344973
v 0.085390 -0.403508 0.390368
v 0.167354 -0.403508 0.367520
v 0.242467 -0.403508 0.330881
v 0.081658 -0.376033 0.378947
v 0.160084 -0.376032 0.356766
v 0.232044 -0.376033 0.321198
v 0.076242 -0.326810 0.366583
v 0.149556 -0.326810 0.345151
v 0.217015 -0.326810 0.310769
v 0.074174 -0.305777 0.362399
v 0.145534 -0.305777 0.341237
v 0.211270 -0.305777 0.307276
v 0.072006 -0.287309 0.356899
v 0.141309 -0.287309 0.336098
v 0.205205 -0.287309 0.302698
v 0.550077 -0.989229 0.107257
v 0.518276 -0.989233 0.210641
v 0.467486 -0.989229 0.306203
v 0.531075 -0.994175 0.102698
v 0.498773 -0.994209 0.202457
v 0.450822 -0.994175 0.295756
v 0.487873 -0.997256 0.090869
v 0.452644 -0.997366 0.183643
v 0.411585 -0.997256 0.273938
v 0.543003 -0.769660 0.107876
v 0.546870 -0.757382 0.108572
v 0.553228 -0.740904 0.109671
v 0.511204 -0.769660 0.211779
v 0.514869 -0.757382 0.213143
v 0.520908 -0.740904 0.215299
v 0.460221 -0.769660 0.307734
v 0.463549 -0.757382 0.309714
v 0.469051 -0.740904 0.312840
v 0.313588 -0.989229 0.457386
v 0.215845 -0.989233 0.507640
v 0.109943 -0.989229 0.539234
v 0.303309 -0.994175 0.440509
v 0.207758 -0.994209 0.487917
v 0.105427 -0.994175 0.519952
v 0.281012 -0.997256 0.402018
v 0.188520 -0.997366 0.442599
v 0.093326 -0.997256 0.477409
v 0.307679 -0.769660 0.460297
v 0.309938 -0.757382 0.463243
v 0.313694 -0.740904 0.467882
v 0.211740 -0.769660 0.511285
v 0.213301 -0.757382 0.514546
v 0.215902 -0.740904 0.519678
v 0.107856 -0.769660 0.543085
v 0.108653 -0.757382 0.546541
v 0.109982 -0.740904 0.551974
v 0.559743 -0.972043 0.109942
v 0.563127 -0.958989 0.111121
v 0.566146 -0.942410 0.112219
v 0.527468 -0.972043 0.215802
v 0.530542 -0.958989 0.218117
v 0.533266 -0.942410 0.220276
v 0.475467 -0.972043 0.313498
v 0.478100 -0.958989 0.316865
v 0.480411 -0.942410 0.320008
v 0.143492 -0.178811 0.226393
v 0.135333 -0.143824 0.215143
v 0.128601 -0.104058 0.205696
v 0.098759 -0.178811 0.250745
v 0.093143 -0.143824 0.238198
v 0.088510 -0.104058 0.227671
v 0.050309 -0.178811 0.265762
v 0.047448 -0.143824 0.252393
v 0.045088 -0.104058 0.241184
v 0.194057 0.159005 0.042239
v 0.196044 0.196947 0.042483
v 0.204683 0.229680 0.043917
v 0.182720 0.159005 0.082823
v 0.184590 0.196947 0.083306
v 0.192724 0.229680 0.086127
v 0.164528 0.159005 0.120093
v 0.166213 0.196947 0.120805
v 0.173537 0.229680 0.124924
v 0.253065 -0.178811 0.053458
v 0.238676 -0.143824 0.050850
v 0.226803 -0.104058 0.048655
v 0.238280 -0.178811 0.104858
v 0.224732 -0.143824 0.099733
v 0.213552 -0.104058 0.095419
v 0.214558 -0.178811 0.152144
v 0.202358 -0.143824 0.144680
v 0.192292 -0.104058 0.138401
v 0.118807 -0.016543 0.191682
v 0.115446 0.028683 0.186771
v 0.112912 0.073639 0.182977
v 0.081769 -0.016543 0.212070
v 0.079456 0.028683 0.206610
v 0.077712 0.073639 0.202397
v 0.041654 -0.016543 0.224587
v 0.040476 0.028683 0.218783
v 0.039587 0.073639 0.214308
v 0.209530 -0.016543 0.045388
v 0.203603 0.028683 0.044241
v 0.199135 0.073639 0.043351
v 0.197289 -0.016543 0.089002
v 0.191708 0.028683 0.086748
v 0.187501 0.073639 0.085002
v 0.177647 -0.016543 0.129067
v 0.172622 0.028683 0.125790
v 0.168834 0.073639 0.123253
v 0.142800 0.273973 0.221350
v 0.162789 0.286594 0.248279
v 0.182839 0.296132 0.275350
v 0.098283 0.273973 0.245375
v 0.112040 0.286594 0.275451
v 0.125840 0.296132 0.305682
v 0.050066 0.273973 0.260242
v 0.057074 0.286594 0.292319
v 0.064104 0.296132 0.324559
v 0.209836 0.315982 0.311860
v 0.213480 0.328704 0.316922
v 0.210580 0.343162 0.313372
v 0.144420 0.315982 0.346450
v 0.146928 0.328704 0.352094
v 0.144933 0.343162 0.348106
v 0.073569 0.315982 0.368033
v 0.074847 0.328704 0.374045
v 0.073830 0.343162 0.369774
v 0.251845 0.273973 0.052149
v 0.287097 0.286594 0.058369
v 0.322459 0.296132 0.064625
v 0.237132 0.273973 0.102316
v 0.270324 0.286594 0.114548
v 0.303620 0.296132 0.126849
v 0.213523 0.273973 0.148522
v 0.243412 0.286594 0.166347
v 0.273392 0.296132 0.184270
v 0.054622 0.419817 0.286468
v 0.059572 0.396514 0.307747
v 0.065399 0.376644 0.333048
v 0.107227 0.419816 0.270202
v 0.116942 0.396514 0.290092
v 0.128383 0.376644 0.313754
v 0.155796 0.419816 0.243864
v 0.169912 0.396514 0.261600
v 0.186534 0.376643 0.282714
v 0.370072 0.315982 0.073063
v 0.376498 0.328704 0.074238
v 0.371384 0.343162 0.073430
v 0.348451 0.315982 0.143441
v 0.354502 0.328704 0.145750
v 0.349687 0.343162 0.144159
v 0.313760 0.315982 0.208447
v 0.319209 0.328704 0.211808
v 0.314873 0.343162 0.209483
v 0.061489 0.557722 0.320653
v 0.056560 0.517718 0.297702
v 0.052995 0.480564 0.280911
v 0.120706 0.557722 0.302375
v 0.111031 0.517718 0.280838
v 0.104033 0.480564 0.265075
v 0.175380 0.557722 0.272818
v 0.161323 0.517718 0.253514
v 0.151155 0.480564 0.239374
v 0.328976 0.376644 0.066409
v 0.299661 0.396514 0.061577
v 0.274765 0.419816 0.057525
v 0.309756 0.376643 0.130339
v 0.282153 0.396514 0.120827
v 0.258712 0.419816 0.112849
v 0.278917 0.376643 0.189310
v 0.254063 0.396514 0.175423
v 0.232955 0.419816 0.163771
v 0.026549 1.206117 0.143943
v 0.034346 1.194474 0.178224
v 0.041408 1.178808 0.212869
v 0.053873 1.206633 0.132816
v 0.067806 1.194632 0.167159
v 0.081334 1.178828 0.200508
v 0.080984 1.206117 0.121201
v 0.099241 1.194474 0.151145
v 0.118265 1.178808 0.180812
v 0.266581 0.480564 0.056550
v 0.284513 0.517718 0.059832
v 0.309305 0.557722 0.064304
v 0.251006 0.480564 0.110918
v 0.267891 0.517718 0.117367
v 0.291234 0.557722 0.126158
v 0.226017 0.480564 0.160921
v 0.241220 0.517718 0.170311
v 0.262240 0.557722 0.183114
v -0.057670 -0.228698 -0.299278
v -0.061842 -0.244682 -0.317627
v -0.065855 -0.258056 -0.334543
v -0.113210 -0.228698 -0.282164
v -0.121397 -0.244682 -0.299350
v -0.129268 -0.258056 -0.315187
v -0.164488 -0.228698 -0.254517
v -0.176377 -0.244682 -0.269883
v -0.187796 -0.258056 -0.284034
v 0.208518 1.178808 0.042486
v 0.174577 1.194474 0.035239
v 0.140988 1.206118 0.027239
v 0.196239 1.178828 0.083423
v 0.163599 1.194631 0.069545
v 0.129986 1.206632 0.055250
v 0.176757 1.178808 0.121230
v 0.147758 1.194474 0.101725
v 0.118487 1.206117 0.082999
v -0.040690 0.229680 -0.217692
v -0.038973 0.196947 -0.210197
v -0.038578 0.159005 -0.208819
v -0.079877 0.229680 -0.205496
v -0.076506 0.196947 -0.198485
v -0.075731 0.159005 -0.197212
v -0.116058 0.229680 -0.185664
v -0.111160 0.196947 -0.179406
v -0.110033 0.159005 -0.178289
v -0.475027 -0.808686 -0.318304
v -0.527713 -0.808686 -0.219052
v -0.560588 -0.808686 -0.111581
v -0.468784 -0.796961 -0.313917
v -0.520768 -0.796961 -0.216031
v -0.553203 -0.796961 -0.110042
v -0.463215 -0.787767 -0.310004
v -0.514564 -0.787767 -0.213339
v -0.546598 -0.787767 -0.108670
v -0.570654 -0.897539 -0.113720
v -0.571411 -0.871476 -0.113932
v -0.570343 -0.846343 -0.113683
v -0.537315 -0.897539 -0.223231
v -0.537966 -0.871476 -0.223654
v -0.536921 -0.846343 -0.223171
v -0.483822 -0.897539 -0.324326
v -0.484334 -0.871475 -0.324956
v -0.483345 -0.846343 -0.324271
v -0.327555 -0.620599 -0.474861
v -0.225656 -0.620599 -0.527194
v -0.115014 -0.620599 -0.559771
v -0.326858 -0.656383 -0.478734
v -0.225099 -0.656383 -0.531554
v -0.114708 -0.656383 -0.564448
v -0.323255 -0.689916 -0.477362
v -0.222557 -0.689916 -0.530102
v -0.113394 -0.689916 -0.562962
v -0.568765 -0.689916 -0.111952
v -0.574006 -0.656383 -0.112313
v -0.573862 -0.620599 -0.111437
v -0.535802 -0.689916 -0.219763
v -0.540958 -0.656383 -0.220463
v -0.541095 -0.620599 -0.218736
v -0.482777 -0.689916 -0.319293
v -0.487685 -0.656383 -0.320288
v -0.488136 -0.620599 -0.317761
v -0.323571 -0.897539 -0.484854
v -0.323824 -0.871476 -0.485883
v -0.323105 -0.846343 -0.484940
v -0.222699 -0.897539 -0.538402
v -0.222856 -0.871476 -0.539597
v -0.222349 -0.846343 -0.538600
v -0.113445 -0.897539 -0.571761
v -0.113520 -0.871476 -0.573072
v -0.113258 -0.846343 -0.572054
v -0.466877 -0.551750 -0.296633
v -0.516603 -0.551750 -0.204196
v -0.547146 -0.551750 -0.104030
v -0.445888 -0.520481 -0.279229
v -0.492866 -0.520481 -0.192206
v -0.521597 -0.520481 -0.097919
v -0.421881 -0.490552 -0.260694
v -0.465898 -0.490552 -0.179436
v -0.492710 -0.490552 -0.091410
v -0.317509 -0.808686 -0.476114
v -0.313347 -0.796961 -0.469564
v -0.309643 -0.787767 -0.463708
v -0.218491 -0.808686 -0.528858
v -0.215629 -0.796961 -0.521590
v -0.213084 -0.787767 -0.515083
v -0.111291 -0.808686 -0.561755
v -0.109834 -0.796961 -0.554040
v -0.108539 -0.787767 -0.547127
v -0.330911 -0.258056 -0.066738
v -0.310976 -0.244682 -0.063487
v -0.290083 -0.228698 -0.059950
v -0.311636 -0.258056 -0.130980
v -0.292825 -0.244682 -0.124583
v -0.273138 -0.228698 -0.117626
v -0.280680 -0.258056 -0.190230
v -0.263692 -0.244682 -0.180897
v -0.245947 -0.228698 -0.170752
v -0.376875 -0.432117 -0.230669
v -0.415967 -0.432117 -0.158750
v -0.439721 -0.432117 -0.080866
v -0.358931 -0.403508 -0.221226
v -0.396388 -0.403508 -0.152248
v -0.419206 -0.403508 -0.077553
v -0.344081 -0.376033 -0.214751
v -0.380348 -0.376032 -0.147791
v -0.402531 -0.376033 -0.075283
v -0.110517 -0.551750 -0.522486
v -0.216720 -0.551750 -0.492093
v -0.314297 -0.551750 -0.443259
v -0.105830 -0.520481 -0.491989
v -0.207468 -0.520481 -0.463337
v -0.300722 -0.520481 -0.417320
v -0.100370 -0.490552 -0.459548
v -0.196713 -0.490552 -0.432743
v -0.285001 -0.490552 -0.389712
v -0.318600 -0.972043 -0.468488
v -0.320199 -0.958989 -0.473541
v -0.321572 -0.942410 -0.478271
v -0.219399 -0.972043 -0.520118
v -0.220468 -0.958989 -0.525739
v -0.221379 -0.942410 -0.531013
v -0.111799 -0.972043 -0.552256
v -0.112334 -0.958989 -0.558235
v -0.112789 -0.942410 -0.563851
v -0.323005 -0.326810 -0.207813
v -0.357801 -0.326810 -0.143024
v -0.379271 -0.326810 -0.072856
v -0.314932 -0.305777 -0.205515
v -0.349155 -0.305777 -0.141449
v -0.370342 -0.305777 -0.072057
v -0.306260 -0.287309 -0.202512
v -0.339767 -0.287309 -0.139394
v -0.360566 -0.287309 -0.071013
v -0.089790 -0.432117 -0.406959
v -0.175949 -0.432117 -0.383154
v -0.254847 -0.432117 -0.344973
v -0.085390 -0.403508 -0.390368
v -0.167354 -0.403508 -0.367520
v -0.242467 -0.403508 -0.330881
v -0.081658 -0.376033 -0.378947
v -0.160084 -0.376032 -0.356766
v -0.232044 -0.376033 -0.321198
v -0.076242 -0.326810 -0.366584
v -0.149556 -0.326810 -0.345151
v -0.217015 -0.326810 -0.310770
v -0.074174 -0.305777 -0.362399
v -0.145534 -0.305777 -0.341237
v -0.211270 -0.305777 -0.307277
v -0.072006 -0.287309 -0.356899
v -0.141309 -0.287309 -0.336099
v -0.205205 -0.287309 -0.302698
v -0.550077 -0.989229 -0.107258
v -0.518276 -0.989233 -0.210641
v -0.467486 -0.989229 -0.306203
v -0.531075 -0.994175 -0.102699
v -0.498773 -0.994209 -0.202457
v -0.450822 -0.994175 -0.295756
v -0.487873 -0.997256 -0.090869
v -0.452644 -0.997366 -0.183643
v -0.411585 -0.997256 -0.273939
v -0.543003 -0.769660 -0.107876
v -0.546870 -0.757382 -0.108572
v -0.553228 -0.740904 -0.109672
v -0.511204 -0.769660 -0.211779
v -0.514869 -0.757382 -0.213144
v -0.520908 -0.740904 -0.215299
v -0.460221 -0.769660 -0.307735
v -0.463549 -0.757382 -0.309714
v -0.469051 -0.740904 -0.312840
v -0.313588 -0.989229 -0.457386
v -0.215845 -0.989233 -0.507640
v -0.109943 -0.989229 -0.539235
v -0.303309 -0.994175 -0.440509
v -0.207758 -0.994209 -0.487917
v -0.105427 -0.994175 -0.519952
v -0.281012 -0.997256 -0.402019
v -0.188520 -0.997366 -0.442599
v -0.093326 -0.997256 -0.477409
v -0.307679 -0.769660 -0.460298
v -0.309938 -0.757382 -0.463243
v -0.313694 -0.740904 -0.467882
v -0.211740 -0.769660 -0.511285
v -0.213301 -0.757382 -0.514547
v -0.215902 -0.740904 -0.519678
v -0.107856 -0.769660 -0.543085
v -0.108653 -0.757382 -0.546542
v -0.109982 -0.740904 -0.551974
v -0.559743 -0.972043 -0.109942
v -0.563127 -0.958989 -0.111121
v -0.566146 -0.942410 -0.112219
v -0.527468 -0.972043 -0.215802
v -0.530542 -0.958989 -0.218117
v -0.533266 -0.942410 -0.220276
v -0.475467 -0.972043 -0.313498
v -0.478100 -0.958989 -0.316866
v -0.480411 -0.942410 -0.320008
v -0.143492 -0.178811 -0.226393
v -0.135333 -0.143824 -0.215144
v -0.128601 -0.104058 -0.205697
v -0.098759 -0.178811 -0.250745
v -0.093143 -0.143824 -0.238198
v -0.088510 -0.104058 -0.227671
v -0.050309 -0.178811 -0.265762
v -0.047448 -0.143824 -0.252393
v -0.045088 -0.104058 -0.241184
v -0.194057 0.159005 -0.042240
v -0.196044 0.196947 -0.042484
v -0.204683 0.229680 -0.043917
v -0.182720 0.159005 -0.082823
v -0.184590 0.196947 -0.083306
v -0.192724 0.229680 -0.086128
v -0.164528 0.159005 -0.120093
v -0.166213 0.196947 -0.120805
v -0.173537 0.229680 -0.124924
v -0.253065 -0.178811 -0.053458
v -0.238676 -0.143824 -0.050850
v -0.226803 -0.104058 -0.048655
v -0.238280 -0.178811 -0.104859
v -0.224732 -0.143824 -0.099733
v -0.213552 -0.104058 -0.095419
v -0.214558 -0.178811 -0.152144
v -0.202358 -0.143824 -0.144680
v -0.192292 -0.104058 -0.138401
v -0.118807 -0.016543 -0.191682
v -0.115446 0.028683 -0.186771
v -0.112912 0.073639 -0.182977
v -0.081769 -0.016543 -0.212070
v -0.079456 0.028683 -0.206610
v -0.077712 0.073639 -0.202397
v -0.041654 -0.016543 -0.224587
v -0.040476 0.028683 -0.218783
v -0.039587 0.073639 -0.214309
v -0.209530 -0.016543 -0.045389
v -0.203603 0.028683 -0.044241
v -0.199135 0.073639 -0.043351
v -0.197289 -0.016543 -0.089003
v -0.191708 0.028683 -0.086749
v -0.187501 0.073639 -0.085002
v -0.177647 -0.016543 -0.129067
v -0.172622 0.028683 -0.125791
v -0.168834 0.073639 -0.123253
v -0.142800 0.273973 -0.221350
v -0.162789 0.286594 -0.248279
v -0.182839 0.296132 -0.275350
v -0.098283 0.273973 -0.245375
v -0.112040 0.286594 -0.275451
v -0.125840 0.296132 -0.305682
v -0.050066 0.273973 -0.260242
v -0.057074 0.286594 -0.292320
v -0.064104 0.296132 -0.324560
v -0.209836 0.315982 -0.311860
v -0.213480 0.328704 -0.316922
v -0.210580 0.343162 -0.313372
v -0.144420 0.315982 -0.346450
v -0.146928 0.328704 -0.352094
v -0.144933 0.343162 -0.348106
v -0.073569 0.315982 -0.368034
v -0.074847 0.328704 -0.374045
v -0.073830 0.343162 -0.369774
v -0.251845 0.273973 -0.052149
v -0.287097 0.286594 -0.058370
v -0.322459 0.296132 -0.064625
v -0.237132 0.273973 -0.102317
v -0.270324 0.286594 -0.114549
v -0.303620 0.296132 -0.126849
v -0.213523 0.273973 -0.148522
v -0.243412 0.286594 -0.166347
v -0.273392 0.296132 -0.184271
v -0.054622 0.419817 -0.286468
v -0.059572 0.396514 -0.307747
v -0.065399 0.376644 -0.333049
v -0.107227 0.419816 -0.270202
v -0.116942 0.396514 -0.290092
v -0.128383 0.376644 -0.313755
v -0.155796 0.419816 -0.243865
v -0.169912 0.396514 -0.261601
v -0.186534 0.376643 -0.282714
v -0.370072 0.315982 -0.073064
v -0.376498 0.328704 -0.074238
v -0.371384 0.343162 -0.073431
v -0.348451 0.315982 -0.143441
v -0.354502 0.328704 -0.145750
v -0.349687 0.343162 -0.144159
v -0.313760 0.315982 -0.208447
v -0.319209 0.328704 -0.211809
v -0.314873 0.343162 -0.209483
v -0.061489 0.557722 -0.320653
v -0.056560 0.517718 -0.297702
v -0.052995 0.480564 -0.280911
v -0.120706 0.557722 -0.302375
v -0.111031 0.517718 -0.280839
v -0.104033 0.480564 -0.265075
v -0.175380 0.557722 -0.272818
v -0.161323 0.517718 -0.253514
v -0.151155 0.480564 -0.239375
v -0.328976 0.376644 -0.066410
v -0.299661 0.396514 -0.061578
v -0.274765 0.419816 -0.057526
v -0.309756 0.376643 -0.130340
v -0.282153 0.396514 -0.120828
v -0.258712 0.419816 -0.112850
v -0.278917 0.376643 -0.189310
v -0.254063 0.396514 -0.175423
v -0.232955 0.419816 -0.163771
v -0.026549 1.206117 -0.143943
v -0.034346 1.194474 -0.178224
v -0.041408 1.178808 -0.212870
v -0.053873 1.206633 -0.132817
v -0.067806 1.194632 -0.167159
v -0.081334 1.178828 -0.200508
v -0.080984 1.206117 -0.121202
v -0.099241 1.194474 -0.151146
v -0.118265 1.178808 -0.180812
v -0.266581 0.480564 -0.056550
v -0.284513 0.517718 -0.059832
v -0.309305 0.557722 -0.064304
v -0.251006 0.480564 -0.110918
v -0.267891 0.517718 -0.117367
v -0.291234 0.557722 -0.126158
v -0.226017 0.480564 -0.160921
v -0.241220 0.517718 -0.170311
v -0.262240 0.557722 -0.183114
v 0.065855 -0.258056 -0.334543
v 0.061842 -0.244682 -0.317627
v 0.057670 -0.228698 -0.299278
v 0.129268 -0.258056 -0.315187
v 0.121397 -0.244682 -0.299350
v 0.113210 -0.228698 -0.282164
v 0.187796 -0.258056 -0.284034
v 0.176377 -0.244682 -0.269883
v 0.164488 -0.228698 -0.254517
v -0.208518 1.178808 -0.042486
v -0.174577 1.194474 -0.035240
v -0.140988 1.206117 -0.027239
v -0.196239 1.178828 -0.083423
v -0.163599 1.194631 -0.069546
v -0.129986 1.206632 -0.055250
v -0.176757 1.178808 -0.121230
v -0.147758 1.194474 -0.101725
v -0.118487 1.206117 -0.082999
v 0.038578 0.159005 -0.208819
v 0.038973 0.196947 -0.210197
v 0.040690 0.229680 -0.217692
v 0.075731 0.159005 -0.197212
v 0.076506 0.196947 -0.198485
v 0.079877 0.229680 -0.205496
v 0.110033 0.159005 -0.178289
v 0.111160 0.196947 -0.179406
v 0.116058 0.229680 -0.185664
v 0.475027 -0.808686 -0.318304
v 0.468784 -0.796961 -0.313917
v 0.463215 -0.787767 -0.310004
v 0.527713 -0.808686 -0.219052
v 0.520768 -0.796961 -0.216031
v 0.514563 -0.787767 -0.213339
v 0.560588 -0.808686 -0.111581
v 0.553203 -0.796961 -0.110042
v 0.546598 -0.787767 -0.108670
v 0.570653 -0.897539 -0.113720
v 0.537315 -0.897539 -0.223231
v 0.483822 -0.897539 -0.324326
v 0.571411 -0.871475 -0.113932
v 0.537966 -0.871475 -0.223654
v 0.484334 -0.871475 -0.324956
v 0.570343 -0.846343 -0.113683
v 0.536921 -0.846343 -0.223171
v 0.483345 -0.846343 -0.324271
v 0.327555 -0.620599 -0.474861
v 0.326858 -0.656383 -0.478734
v 0.323255 -0.689916 -0.477363
v 0.225656 -0.620599 -0.527194
v 0.225099 -0.656383 -0.531554
v 0.222557 -0.689916 -0.530102
v 0.115014 -0.620599 -0.559771
v 0.114708 -0.656383 -0.564448
v 0.113394 -0.689916 -0.562962
v 0.568765 -0.689916 -0.111952
v 0.535802 -0.689916 -0.219763
v 0.482777 -0.689916 -0.319294
v 0.574006 -0.656382 -0.112313
v 0.540958 -0.656382 -0.220463
v 0.487685 -0.656383 -0.320288
v 0.573862 -0.620599 -0.111437
v 0.541095 -0.620599 -0.218736
v 0.488136 -0.620599 -0.317761
v 0.323571 -0.897539 -0.484854
v 0.222699 -0.897539 -0.538402
v 0.113445 -0.897539 -0.571761
v 0.323824 -0.871476 -0.485883
v 0.222856 -0.871476 -0.539597
v 0.113520 -0.871476 -0.573072
v 0.323105 -0.846343 -0.484940
v 0.222349 -0.846343 -0.538600
v 0.113258 -0.846343 -0.572054
v 0.466877 -0.551750 -0.296633
v 0.445888 -0.520481 -0.279229
v 0.421881 -0.490552 -0.260694
v 0.516603 -0.551750 -0.204196
v 0.492866 -0.520481 -0.192206
v 0.465898 -0.490552 -0.179436
v 0.547146 -0.551751 -0.104030
v 0.521597 -0.520481 -0.097919
v 0.492710 -0.490552 -0.091410
v 0.317509 -0.808686 -0.476114
v 0.218491 -0.808686 -0.528858
v 0.111291 -0.808686 -0.561755
v 0.313347 -0.796961 -0.469564
v 0.215629 -0.796961 -0.521590
v 0.109834 -0.796961 -0.554040
v 0.309643 -0.787767 -0.463708
v 0.213084 -0.787767 -0.515083
v 0.108539 -0.787767 -0.547127
v 0.330911 -0.258056 -0.066738
v 0.311636 -0.258056 -0.130980
v 0.280680 -0.258056 -0.190230
v 0.310976 -0.244682 -0.063487
v 0.292825 -0.244682 -0.124583
v 0.263692 -0.244682 -0.180897
v 0.290083 -0.228698 -0.059950
v 0.273138 -0.228698 -0.117626
v 0.245947 -0.228698 -0.170752
v 0.376875 -0.432117 -0.230669
v 0.358932 -0.403508 -0.221226
v 0.344081 -0.376033 -0.214751
v 0.415967 -0.432117 -0.158750
v 0.396388 -0.403508 -0.152248
v 0.380348 -0.376033 -0.147791
v 0.439721 -0.432117 -0.080866
v 0.419206 -0.403508 -0.077553
v 0.402531 -0.376033 -0.075283
v 0.110517 -0.551750 -0.522486
v 0.105830 -0.520481 -0.491989
v 0.100370 -0.490552 -0.459548
v 0.216720 -0.551750 -0.492093
v 0.207468 -0.520481 -0.463337
v 0.196713 -0.490552 -0.432743
v 0.314297 -0.551751 -0.443259
v 0.300722 -0.520481 -0.417320
v 0.285001 -0.490552 -0.389712
v 0.318600 -0.972043 -0.468488
v 0.219399 -0.972043 -0.520118
v 0.111799 -0.972043 -0.552255
v 0.320199 -0.958989 -0.473541
v 0.220468 -0.958989 -0.525739
v 0.112334 -0.958989 -0.558235
v 0.321572 -0.942410 -0.478271
v 0.221379 -0.942410 -0.531013
v 0.112789 -0.942410 -0.563851
v 0.323005 -0.326809 -0.207813
v 0.314932 -0.305777 -0.205515
v 0.306260 -0.287309 -0.202512
v 0.357801 -0.326809 -0.143024
v 0.349155 -0.305777 -0.141449
v 0.339767 -0.287309 -0.139394
v 0.379271 -0.326810 -0.072856
v 0.370342 -0.305777 -0.072057
v 0.360566 -0.287309 -0.071013
v 0.089790 -0.432117 -0.406959
v 0.085390 -0.403508 -0.390368
v 0.081658 -0.376033 -0.378947
v 0.175949 -0.432117 -0.383154
v 0.167354 -0.403508 -0.367520
v 0.160084 -0.376033 -0.356766
v 0.254847 -0.432117 -0.344973
v 0.242467 -0.403508 -0.330881
v 0.232044 -0.376033 -0.321198
v 0.076242 -0.326809 -0.366584
v 0.074174 -0.305777 -0.362399
v 0.072006 -0.287309 -0.356899
v 0.149556 -0.326809 -0.345151
v 0.145534 -0.305777 -0.341237
v 0.141309 -0.287309 -0.336099
v 0.217015 -0.326810 -0.310770
v 0.211270 -0.305777 -0.307277
v 0.205205 -0.287309 -0.302698
v 0.550077 -0.989229 -0.107258
v 0.531075 -0.994175 -0.102699
v 0.487873 -0.997256 -0.090869
v 0.518276 -0.989233 -0.210641
v 0.498773 -0.994209 -0.202457
v 0.452644 -0.997366 -0.183643
v 0.467486 -0.989229 -0.306203
v 0.450822 -0.994175 -0.295756
v 0.411585 -0.997256 -0.273939
v 0.543003 -0.769660 -0.107876
v 0.511205 -0.769660 -0.211779
v 0.460221 -0.769660 -0.307735
v 0.546870 -0.757382 -0.108572
v 0.514869 -0.757382 -0.213144
v 0.463549 -0.757382 -0.309714
v 0.553228 -0.740904 -0.109672
v 0.520908 -0.740904 -0.215299
v 0.469051 -0.740904 -0.312840
v 0.313588 -0.989229 -0.457386
v 0.303309 -0.994175 -0.440509
v 0.281012 -0.997256 -0.402019
v 0.215845 -0.989233 -0.507640
v 0.207758 -0.994209 -0.487917
v 0.188520 -0.997366 -0.442599
v 0.109943 -0.989229 -0.539235
v 0.105427 -0.994175 -0.519952
v 0.093326 -0.997256 -0.477409
v 0.307679 -0.769660 -0.460298
v 0.211740 -0.769660 -0.511285
v 0.107856 -0.769660 -0.543085
v 0.309938 -0.757382 -0.463243
v 0.213301 -0.757382 -0.514547
v 0.108653 -0.757382 -0.546542
v 0.313694 -0.740904 -0.467882
v 0.215902 -0.740904 -0.519678
v 0.109982 -0.740904 -0.551974
v 0.559743 -0.972043 -0.109942
v 0.527468 -0.972043 -0.215802
v 0.475467 -0.972043 -0.313498
v 0.563127 -0.958989 -0.111121
v 0.530542 -0.958989 -0.218117
v 0.478100 -0.958989 -0.316866
v 0.566146 -0.942410 -0.112219
v 0.533266 -0.942410 -0.220276
v 0.480411 -0.942410 -0.320008
v 0.143492 -0.178811 -0.226393
v 0.098759 -0.178811 -0.250745
v 0.050309 -0.178811 -0.265762
v 0.135333 -0.143824 -0.215144
v 0.093143 -0.143824 -0.238198
v 0.047448 -0.143824 -0.252393
v 0.128601 -0.104058 -0.205697
v 0.088510 -0.104058 -0.227671
v 0.045088 -0.104058 -0.241184
v 0.194057 0.159005 -0.042240
v 0.182720 0.159005 -0.082823
v 0.164528 0.159005 -0.120093
v 0.196044 0.196947 -0.042484
v 0.184590 0.196947 -0.083306
v 0.166213 0.196947 -0.120805
v 0.204683 0.229680 -0.043917
v 0.192724 0.229680 -0.086128
v 0.173537 0.229680 -0.124924
v 0.253065 -0.178811 -0.053458
v 0.238280 -0.178811 -0.104859
v 0.214558 -0.178811 -0.152144
v 0.238676 -0.143824 -0.050851
v 0.224732 -0.143824 -0.099733
v 0.202358 -0.143824 -0.144680
v 0.226803 -0.104058 -0.048655
v 0.213552 -0.104058 -0.095419
v 0.192292 -0.104058 -0.138401
v 0.118807 -0.016543 -0.191682
v 0.081769 -0.016542 -0.212070
v 0.041654 -0.016543 -0.224587
v 0.115446 0.028683 -0.186771
v 0.079456 0.028683 -0.206610
v 0.040476 0.028683 -0.218783
v 0.112912 0.073639 -0.182977
v 0.077712 0.073639 -0.202397
v 0.039587 0.073639 -0.214309
v 0.209530 -0.016543 -0.045389
v 0.197289 -0.016542 -0.089003
v 0.177647 -0.016543 -0.129067
v 0.203603 0.028683 -0.044241
v 0.191708 0.028683 -0.086749
v 0.172622 0.028683 -0.125791
v 0.199135 0.073639 -0.043351
v 0.187501 0.073639 -0.085002
v 0.168834 0.073639 -0.123253
v 0.142800 0.273973 -0.221350
v 0.098283 0.273973 -0.245375
v 0.050066 0.273973 -0.260242
v 0.162789 0.286594 -0.248279
v 0.112040 0.286594 -0.275451
v 0.057074 0.286594 -0.292320
v 0.182839 0.296132 -0.275350
v 0.125840 0.296132 -0.305682
v 0.064104 0.296132 -0.324560
v 0.209836 0.315982 -0.311860
v 0.144420 0.315982 -0.346450
v 0.073569 0.315982 -0.368034
v 0.213480 0.328704 -0.316922
v 0.146928 0.328704 -0.352094
v 0.074847 0.328704 -0.374045
v 0.210580 0.343162 -0.313372
v 0.144933 0.343162 -0.348106
v 0.073830 0.343162 -0.369774
v 0.251845 0.273973 -0.052149
v 0.237132 0.273973 -0.102317
v 0.213523 0.273973 -0.148522
v 0.287097 0.286594 -0.058370
v 0.270324 0.286594 -0.114549
v 0.243412 0.286594 -0.166347
v 0.322459 0.296132 -0.064625
v 0.303620 0.296132 -0.126849
v 0.273392 0.296132 -0.184271
v 0.065399 0.376644 -0.333049
v 0.059572 0.396514 -0.307747
v 0.054622 0.419816 -0.286468
v 0.128383 0.376643 -0.313755
v 0.116942 0.396514 -0.290092
v 0.107227 0.419816 -0.270202
v 0.186534 0.376643 -0.282714
v 0.169912 0.396514 -0.261601
v 0.155796 0.419816 -0.243865
v 0.370072 0.315982 -0.073064
v 0.348451 0.315982 -0.143441
v 0.313760 0.315982 -0.208447
v 0.376498 0.328704 -0.074238
v 0.354502 0.328704 -0.145750
v 0.319209 0.328704 -0.211809
v 0.371384 0.343162 -0.073431
v 0.349687 0.343162 -0.144159
v 0.314873 0.343162 -0.209483
v 0.052995 0.480564 -0.280911
v 0.056560 0.517718 -0.297702
v 0.061489 0.557722 -0.320653
v 0.104033 0.480564 -0.265075
v 0.111031 0.517718 -0.280839
v 0.120706 0.557722 -0.302375
v 0.151155 0.480564 -0.239375
v 0.161323 0.517718 -0.253514
v 0.175380 0.557722 -0.272818
v 0.328976 0.376644 -0.066410
v 0.309756 0.376643 -0.130340
v 0.278917 0.376643 -0.189310
v 0.299661 0.396514 -0.061578
v 0.282154 0.396514 -0.120828
v 0.254063 0.396514 -0.175423
v 0.274765 0.419816 -0.057526
v 0.258712 0.419816 -0.112850
v 0.232955 0.419816 -0.163771
v 0.041408 1.178808 -0.212870
v 0.034346 1.194474 -0.178224
v 0.026549 1.206117 -0.143943
v 0.081334 1.178828 -0.200508
v 0.067806 1.194631 -0.167159
v 0.053873 1.206632 -0.132817
v 0.118265 1.178808 -0.180812
v 0.099241 1.194474 -0.151146
v 0.080984 1.206117 -0.121202
v 0.266581 0.480564 -0.056550
v 0.251006 0.480564 -0.110918
v 0.226017 0.480564 -0.160921
v 0.284513 0.517718 -0.059832
v 0.267891 0.517718 -0.117367
v 0.241220 0.517718 -0.170311
v 0.309305 0.557722 -0.064304
v 0.291234 0.557722 -0.126158
v 0.262240 0.557722 -0.183114
v -0.221938 0.811199 0.339468
v -0.152750 0.811199 0.376565
v -0.077812 0.811199 0.399582
v -0.222665 0.853521 0.340581
v -0.153250 0.853520 0.377799
v -0.078067 0.853521 0.400891
v -0.222016 0.894208 0.339588
v -0.152803 0.894208 0.376697
v -0.077839 0.894208 0.399722
v 0.208518 1.178808 -0.042486
v 0.196239 1.178828 -0.083423
v 0.176757 1.178808 -0.121230
v 0.174577 1.194474 -0.035240
v 0.163599 1.194631 -0.069546
v 0.147758 1.194474 -0.101725
v 0.140988 1.206117 -0.027239
v 0.129986 1.206632 -0.055250
v 0.118487 1.206117 -0.082999
v -0.070543 0.641102 0.363350
v -0.073541 0.683192 0.377976
v -0.075651 0.725557 0.388524
v -0.138479 0.641103 0.342463
v -0.144366 0.683192 0.356217
v -0.148507 0.725557 0.366146
v -0.201204 0.641102 0.308778
v -0.209757 0.683192 0.321140
v -0.215774 0.725557 0.330077
v 0.391415 0.811199 -0.079838
v 0.368547 0.811199 -0.156673
v 0.331856 0.811199 -0.227504
v 0.392698 0.853521 -0.080100
v 0.369755 0.853520 -0.157187
v 0.332943 0.853521 -0.228250
v 0.391553 0.894208 -0.079866
v 0.368677 0.894208 -0.156729
v 0.331972 0.894208 -0.227584
v 0.221938 0.811199 -0.339469
v 0.152750 0.811199 -0.376565
v 0.077812 0.811199 -0.399582
v 0.222665 0.853521 -0.340581
v 0.153250 0.853520 -0.377799
v 0.078067 0.853521 -0.400892
v 0.222016 0.894208 -0.339588
v 0.152803 0.894208 -0.376698
v 0.077839 0.894208 -0.399723
v -0.391415 0.811199 -0.079838
v -0.392698 0.853521 -0.080100
v -0.391553 0.894208 -0.079866
v -0.368547 0.811199 -0.156673
v -0.369755 0.853521 -0.157187
v -0.368677 0.894208 -0.156729
v -0.331856 0.811199 -0.227504
v -0.332943 0.853521 -0.228250
v -0.331972 0.894208 -0.227584
v -0.221938 0.811199 -0.339469
v -0.222665 0.853521 -0.340581
v -0.222016 0.894208 -0.339588
v -0.152750 0.811199 -0.376565
v -0.153250 0.853521 -0.377799
v -0.152803 0.894208 -0.376698
v -0.077812 0.811199 -0.399582
v -0.078067 0.853521 -0.400892
v -0.077839 0.894208 -0.399723
v 0.391415 0.811199 0.079838
v 0.392698 0.853521 0.080099
v 0.391553 0.894208 0.079866
v 0.368547 0.811199 0.156673
v 0.369755 0.853521 0.157187
v 0.368677 0.894208 0.156728
v 0.331856 0.811199 0.227504
v 0.332943 0.853521 0.228249
v 0.331972 0.894208 0.227584
v 0.221938 0.811199 0.339468
v 0.222665 0.853521 0.340581
v 0.222016 0.894208 0.339588
v 0.152750 0.811199 0.376565
v 0.153250 0.853521 0.377799
v 0.152803 0.894208 0.376697
v 0.077812 0.811199 0.399582
v 0.078067 0.853521 0.400891
v 0.077839 0.894208 0.399723
v -0.391415 0.811199 0.079838
v -0.368547 0.811199 0.156673
v -0.331856 0.811199 0.227504
v -0.392698 0.853521 0.080099
v -0.369755 0.853520 0.157187
v -0.332943 0.853521 0.228249
v -0.391553 0.894208 0.079866
v -0.368677 0.894208 0.156728
v -0.331972 0.894208 0.227584
v 0.215774 0.725557 0.330077
v 0.148507 0.725557 0.366146
v 0.075651 0.725557 0.388524
v 0.209757 0.683192 0.321140
v 0.144366 0.683192 0.356217
v 0.073541 0.683192 0.377976
v 0.201204 0.641102 0.308778
v 0.138479 0.641102 0.342463
v 0.070542 0.641102 0.363350
v -0.354847 0.641102 0.072651
v -0.334116 0.641102 0.142564
v -0.300852 0.641102 0.206998
v -0.369932 0.683192 0.075537
v -0.348319 0.683192 0.148230
v -0.313642 0.683192 0.215239
v -0.380543 0.725557 0.077630
v -0.358311 0.725557 0.152341
v -0.322638 0.725557 0.221212
v -0.215774 0.725557 -0.330078
v -0.148507 0.725557 -0.366146
v -0.075651 0.725557 -0.388525
v -0.209757 0.683192 -0.321140
v -0.144366 0.683192 -0.356217
v -0.073541 0.683192 -0.377977
v -0.201204 0.641102 -0.308778
v -0.138479 0.641102 -0.342464
v -0.070542 0.641102 -0.363350
v 0.354847 0.641102 0.072651
v 0.369932 0.683192 0.075537
v 0.380543 0.725557 0.077630
v 0.334116 0.641103 0.142564
v 0.348319 0.683192 0.148230
v 0.358311 0.725557 0.152341
v 0.300852 0.641102 0.206998
v 0.313642 0.683192 0.215239
v 0.322638 0.725557 0.221212
v 0.070543 0.641102 -0.363350
v 0.073541 0.683192 -0.377977
v 0.075651 0.725557 -0.388525
v 0.138479 0.641103 -0.342464
v 0.144366 0.683192 -0.356217
v 0.148507 0.725557 -0.366146
v 0.201204 0.641102 -0.308778
v 0.209757 0.683192 -0.321140
v 0.215774 0.725557 -0.330078
v -0.354847 0.641102 -0.072652
v -0.369932 0.683192 -0.075537
v -0.380543 0.725557 -0.077631
v -0.334116 0.641103 -0.142564
v -0.348319 0.683192 -0.148231
v -0.358311 0.725557 -0.152341
v -0.300852 0.641102 -0.206998
v -0.313642 0.683192 -0.215239
v -0.322638 0.725557 -0.221213
v -0.217021 0.966902 0.331948
v -0.149366 0.966902 0.368222
v -0.076088 0.966902 0.390729
v -0.212375 0.998712 0.324841
v -0.146168 0.998712 0.360340
v -0.074459 0.998712 0.382365
v -0.205752 1.028493 0.314711
v -0.141610 1.028493 0.349102
v -0.072137 1.028493 0.370440
v 0.354847 0.641102 -0.072652
v 0.334116 0.641102 -0.142564
v 0.300852 0.641102 -0.206998
v 0.369932 0.683192 -0.075537
v 0.348319 0.683192 -0.148231
v 0.313642 0.683192 -0.215239
v 0.380543 0.725557 -0.077631
v 0.358311 0.725557 -0.152341
v 0.322638 0.725557 -0.221213
v -0.184990 1.085016 0.282953
v -0.127320 1.085016 0.313874
v -0.064858 1.085016 0.333059
v -0.170845 1.111869 0.261318
v -0.117584 1.111869 0.289874
v -0.059899 1.111869 0.307592
v -0.154712 1.136920 0.236642
v -0.106481 1.136920 0.262502
v -0.054243 1.136920 0.278547
v 0.382743 0.966902 -0.078069
v 0.360382 0.966902 -0.153202
v 0.324504 0.966902 -0.222464
v 0.374550 0.998712 -0.076398
v 0.352667 0.998712 -0.149923
v 0.317557 0.998712 -0.217701
v 0.362869 1.028493 -0.074015
v 0.341669 1.028493 -0.145247
v 0.307653 1.028493 -0.210912
v 0.217021 0.966902 -0.331948
v 0.149366 0.966902 -0.368223
v 0.076088 0.966902 -0.390730
v 0.212375 0.998712 -0.324842
v 0.146168 0.998712 -0.360340
v 0.074459 0.998712 -0.382365
v 0.205752 1.028493 -0.314711
v 0.141610 1.028493 -0.349102
v 0.072137 1.028493 -0.370441
v -0.382743 0.966902 -0.078069
v -0.374550 0.998711 -0.076398
v -0.362869 1.028493 -0.074015
v -0.360382 0.966902 -0.153203
v -0.352667 0.998712 -0.149923
v -0.341669 1.028493 -0.145247
v -0.324504 0.966902 -0.222464
v -0.317557 0.998712 -0.217701
v -0.307653 1.028493 -0.210912
v -0.217021 0.966902 -0.331948
v -0.212375 0.998711 -0.324842
v -0.205752 1.028493 -0.314711
v -0.149366 0.966902 -0.368223
v -0.146168 0.998712 -0.360340
v -0.141610 1.028493 -0.349102
v -0.076088 0.966902 -0.390730
v -0.074459 0.998712 -0.382365
v -0.072137 1.028493 -0.370441
v 0.382743 0.966902 0.078069
v 0.374550 0.998711 0.076398
v 0.362869 1.028493 0.074015
v 0.360382 0.966902 0.153202
v 0.352667 0.998712 0.149922
v 0.341669 1.028493 0.145247
v 0.324504 0.966902 0.222464
v 0.317557 0.998712 0.217701
v 0.307653 1.028493 0.210912
v 0.217021 0.966902 0.331948
v 0.212375 0.998711 0.324841
v 0.205752 1.028493 0.314711
v 0.149366 0.966902 0.368222
v 0.146168 0.998712 0.360340
v 0.141610 1.028493 0.349102
v 0.076088 0.966902 0.390729
v 0.074459 0.998712 0.382365
v 0.072137 1.028493 0.370440
v -0.382743 0.966902 0.078069
v -0.360382 0.966902 0.153202
v -0.324504 0.966902 0.222464
v -0.374550 0.998712 0.076398
v -0.352667 0.998712 0.149922
v -0.317557 0.998712 0.217701
v -0.362869 1.028493 0.074015
v -0.341669 1.028493 0.145247
v -0.307653 1.028493 0.210912
v 0.326252 1.085016 -0.066547
v 0.307191 1.085016 -0.130590
v 0.276608 1.085016 -0.189629
v 0.301306 1.111869 -0.061458
v 0.283702 1.111869 -0.120605
v 0.255458 1.111869 -0.175129
v 0.272854 1.136920 -0.055655
v 0.256913 1.136920 -0.109217
v 0.231335 1.136920 -0.158592
v 0.184990 1.085016 -0.282953
v 0.127320 1.085016 -0.313874
v 0.064858 1.085016 -0.333059
v 0.170845 1.111869 -0.261318
v 0.117584 1.111869 -0.289875
v 0.059899 1.111869 -0.307593
v 0.154712 1.136920 -0.236642
v 0.106481 1.136920 -0.262502
v 0.054243 1.136920 -0.278548
v -0.326252 1.085016 -0.066547
v -0.301306 1.111869 -0.061458
v -0.272854 1.136920 -0.055655
v -0.307191 1.085016 -0.130590
v -0.283702 1.111869 -0.120605
v -0.256913 1.136920 -0.109217
v -0.276608 1.085016 -0.189629
v -0.255458 1.111869 -0.175129
v -0.231335 1.136920 -0.158592
v -0.184990 1.085016 -0.282953
v -0.170845 1.111869 -0.261318
v -0.154712 1.136920 -0.236642
v -0.127320 1.085016 -0.313874
v -0.117584 1.111869 -0.289875
v -0.106481 1.136920 -0.262502
v -0.064858 1.085016 -0.333059
v -0.059899 1.111869 -0.307593
v -0.054243 1.136920 -0.278548
v 0.326252 1.085016 0.066546
v 0.301306 1.111869 0.061458
v 0.272854 1.136920 0.055655
v 0.307191 1.085016 0.130590
v 0.283702 1.111869 0.120605
v 0.256913 1.136920 0.109216
v 0.276608 1.085016 0.189629
v 0.255458 1.111869 0.175129
v 0.231335 1.136920 0.158592
v 0.184990 1.085016 0.282953
v 0.170845 1.111869 0.261318
v 0.154712 1.136920 0.236642
v 0.127320 1.085016 0.313874
v 0.117584 1.111869 0.289874
v 0.106481 1.136920 0.262502
v 0.064858 1.085016 0.333059
v 0.059899 1.111869 0.307592
v 0.054243 1.136920 0.278547
v -0.326252 1.085016 0.066546
v -0.307191 1.085016 0.130590
v -0.276608 1.085016 0.189629
v -0.301306 1.111869 0.061458
v -0.283702 1.111869 0.120605
v -0.255458 1.111869 0.175129
v -0.272854 1.136920 0.055655
v -0.256913 1.136920 0.109216
v -0.231335 1.136920 0.158592
v 0.000000 1.223173 -0.000000
v 0.000000 1.218557 0.080880
v 0.023754 1.220247 0.058587
v 0.056016 1.218557 0.057325
v 0.057326 1.220247 0.024331
v 0.079194 1.218557 -0.000000
v 0.057326 1.220247 -0.024331
v 0.056016 1.218557 -0.057326
v 0.023754 1.220247 -0.058587
v 0.000000 1.218557 -0.080880
v -0.023754 1.220247 -0.058587
v -0.056016 1.218557 -0.057326
v -0.057326 1.220247 -0.024331
v -0.079194 1.218557 -0.000000
v -0.057326 1.220247 0.024331
v -0.056016 1.218557 0.057325
v -0.023754 1.220247 0.058587
v -0.065855 -0.258056 0.334542
v -0.061842 -0.244682 0.317627
v -0.057670 -0.228698 0.299278
v -0.129268 -0.258056 0.315186
v -0.121397 -0.244682 0.299350
v -0.113210 -0.228698 0.282164
v -0.187796 -0.258056 0.284034
v -0.176377 -0.244682 0.269883
v -0.164488 -0.228698 0.254517
v -0.000000 -1.000994 -0.000000
v -0.321169 -1.000005 -0.000000
v -0.236651 -1.000367 -0.095930
v -0.227728 -1.000005 -0.222350
v -0.098344 -1.000367 -0.231361
v -0.000000 -1.000005 -0.314181
v 0.098344 -1.000367 -0.231361
v 0.227728 -1.000005 -0.222350
v 0.236651 -1.000367 -0.095930
v 0.321169 -1.000005 -0.000000
v 0.236651 -1.000367 0.095930
v 0.227728 -1.000005 0.222350
v 0.098344 -1.000367 0.231361
v 0.000000 -1.000005 0.314180
v -0.098344 -1.000367 0.231361
v -0.227728 -1.000005 0.222350
v -0.236651 -1.000367 0.095930
vn -0.0000 -0.6097 0.7926
vn -0.0000 0.2785 0.9604
vn -0.0000 0.2266 0.9740
vn -0.0000 0.4743 0.8804
vn -0.0000 0.6750 0.7378
vn -0.0000 0.2492 0.9684
vn -0.0000 0.6093 0.7930
vn -0.0000 -0.9998 0.0207
vn -0.0000 -0.2203 0.9754
vn -0.0000 -0.1793 0.9838
vn -0.5881 -0.5495 0.5934
vn -0.8657 -0.5006 -0.0000
vn -0.6805 0.2752 0.6791
vn -0.9641 0.2657 -0.0000
vn -0.6912 0.2125 0.6907
vn -0.9788 0.2048 -0.0000
vn -0.6365 0.4091 0.6539
vn -0.9310 0.3651 -0.0000
vn -0.5037 0.6794 0.5336
vn -0.7340 0.6791 -0.0000
vn -0.9031 0.4295 -0.0000
vn -0.6458 0.3623 0.6721
vn -0.7032 0.7110 -0.0000
vn -0.5256 0.6666 0.5285
vn -0.0204 -0.9998 -0.0000
vn -0.0143 -0.9998 0.0146
vn -0.5794 0.5920 0.5603
vn -0.9544 -0.2987 -0.0000
vn -0.6784 -0.2716 0.6827
vn -0.9944 -0.1053 -0.0000
vn -0.7001 -0.1322 0.7017
vn -0.7912 0.6116 -0.0000
vn -0.0000 0.5754 0.8179
vn -0.5021 -0.7183 0.4817
vn -0.6779 -0.7352 -0.0000
vn -0.0000 -0.7033 0.7109
vn -0.9802 0.1978 -0.0000
vn -0.7130 0.1940 0.6738
vn -0.0000 0.1907 0.9816
vn -0.9982 0.0602 -0.0000
vn -0.0000 0.0651 0.9979
vn -0.7278 0.0630 0.6829
vn -0.2970 -0.9071 0.2982
vn -0.4044 -0.9146 -0.0000
vn -0.0000 -0.9010 0.4338
vn -0.4641 0.7545 0.4641
vn -0.6276 0.7786 -0.0000
vn -0.0000 0.7344 0.6787
vn -0.7155 0.1280 0.6868
vn -0.9887 0.1501 -0.0000
vn -0.0000 0.1104 0.9939
vn -0.6312 -0.4717 0.6157
vn -0.8750 -0.4842 -0.0000
vn -0.0000 -0.4617 0.8870
vn -0.1496 0.9778 0.1467
vn -0.2117 0.9773 -0.0000
vn -0.0000 0.9781 0.2083
vn 0.5881 -0.5495 0.5934
vn 0.8657 -0.5006 -0.0000
vn 0.6805 0.2752 0.6791
vn 0.9641 0.2657 -0.0000
vn 0.6912 0.2125 0.6907
vn 0.9788 0.2048 -0.0000
vn 0.6365 0.4091 0.6539
vn 0.9310 0.3651 -0.0000
vn 0.5037 0.6794 0.5336
vn 0.7340 0.6791 -0.0000
vn 0.9031 0.4295 -0.0000
vn 0.6458 0.3623 0.6721
vn 0.7032 0.7110 -0.0000
vn 0.5256 0.6666 0.5285
vn 0.0204 -0.9998 -0.0000
vn 0.0143 -0.9998 0.0146
vn 0.5794 0.5920 0.5603
vn 0.9544 -0.2987 -0.0000
vn 0.6784 -0.2716 0.6827
vn 0.9944 -0.1053 -0.0000
vn 0.7001 -0.1322 0.7017
vn 0.7912 0.6116 -0.0000
vn 0.5021 -0.7183 0.4817
vn 0.6779 -0.7352 -0.0000
vn 0.9802 0.1978 -0.0000
vn 0.7130 0.1940 0.6738
vn 0.9982 0.0602 -0.0000
vn 0.7278 0.0630 0.6829
vn 0.2970 -0.9071 0.2982
vn 0.4044 -0.9146 -0.0000
vn 0.4641 0.7545 0.4641
vn 0.6276 0.7786 -0.0000
vn 0.7155 0.1280 0.6868
vn 0.9887 0.1501 -0.0000
vn 0.6312 -0.4717 0.6157
vn 0.8750 -0.4842 -0.0000
vn 0.1496 0.9778 0.1467
vn 0.2117 0.9773 -0.0000
vn -0.0000 -0.6097 -0.7926
vn -0.0000 0.2785 -0.9604
vn -0.0000 0.2266 -0.9740
vn -0.0000 0.4743 -0.8804
vn -0.0000 0.6750 -0.7378
vn -0.0000 0.2492 -0.9684
vn -0.0000 0.6093 -0.7930
vn -0.0000 -0.9998 -0.0207
vn -0.0000 -0.2203 -0.9754
vn -0.0000 -0.1793 -0.9838
vn -0.5881 -0.5495 -0.5934
vn -0.6805 0.2752 -0.6791
vn -0.6912 0.2125 -0.6907
vn -0.6365 0.4091 -0.6539
vn -0.5037 0.6794 -0.5336
vn -0.6458 0.3623 -0.6721
vn -0.5256 0.6666 -0.5285
vn -0.0143 -0.9998 -0.0146
vn -0.5794 0.5920 -0.5603
vn -0.6784 -0.2716 -0.6827
vn -0.7001 -0.1322 -0.7017
vn -0.0000 0.5754 -0.8179
vn -0.5021 -0.7183 -0.4817
vn -0.0000 -0.7033 -0.7109
vn -0.7130 0.1940 -0.6738
vn -0.0000 0.1907 -0.9816
vn -0.0000 0.0651 -0.9979
vn -0.7278 0.0630 -0.6829
vn -0.2970 -0.9071 -0.2982
vn -0.0000 -0.9010 -0.4338
vn -0.4641 0.7545 -0.4641
vn -0.0000 0.7344 -0.6787
vn -0.7155 0.1280 -0.6868
vn -0.0000 0.1104 -0.9939
vn -0.6312 -0.4717 -0.6157
vn -0.0000 -0.4617 -0.8870
vn -0.1496 0.9778 -0.1467
vn -0.0000 0.9781 -0.2083
vn 0.5881 -0.5495 -0.5934
vn 0.6805 0.2752 -0.6791
vn 0.6912 0.2125 -0.6907
vn 0.6365 0.4091 -0.6539
vn 0.5037 0.6794 -0.5336
vn 0.6458 0.3623 -0.6721
vn 0.5256 0.6666 -0.5285
vn 0.0143 -0.9998 -0.0146
vn 0.5794 0.5920 -0.5603
vn 0.6784 -0.2716 -0.6827
vn 0.7001 -0.1322 -0.7017
vn 0.5021 -0.7183 -0.4817
vn 0.7130 0.1940 -0.6738
vn 0.7278 0.0630 -0.6829
vn 0.2970 -0.9071 -0.2982
vn 0.4641 0.7545 -0.4641
vn 0.7155 0.1280 -0.6868
vn 0.6312 -0.4717 -0.6157
vn 0.1496 0.9778 -0.1467
vn -0.7077 0.1254 0.6953
vn -0.0000 0.1264 0.9920
vn -0.9923 0.1239 -0.0000
vn 0.7077 0.1254 0.6953
vn 0.9923 0.1239 -0.0000
vn -0.7077 0.1254 -0.6953
vn -0.0000 0.1264 -0.9920
vn 0.7077 0.1254 -0.6953
vn -0.7074 -0.1294 0.6949
vn -0.0000 -0.1302 0.9915
vn -0.9918 -0.1281 -0.0000
vn 0.7074 -0.1294 0.6949
vn 0.9918 -0.1281 -0.0000
vn -0.7074 -0.1294 -0.6949
vn -0.0000 -0.1302 -0.9915
vn 0.7074 -0.1294 -0.6949
vn -0.5947 0.5524 0.5841
vn -0.0000 0.5554 0.8316
vn -0.8366 0.5478 -0.0000
vn 0.5947 0.5524 0.5841
vn 0.8366 0.5478 -0.0000
vn -0.5947 0.5524 -0.5841
vn -0.0000 0.5554 -0.8316
vn 0.5947 0.5524 -0.5841
vn -0.3822 0.8445 0.3752
vn -0.0000 0.8464 0.5326
vn -0.5402 0.8415 -0.0000
vn 0.3822 0.8445 0.3752
vn 0.5402 0.8415 -0.0000
vn -0.3822 0.8445 -0.3752
vn -0.0000 0.8464 -0.5326
vn 0.3822 0.8445 -0.3752
vn -0.0000 0.0069 1.0000
vn -0.0000 -0.1342 0.9910
vn -0.0000 -0.3932 0.9195
vn -0.1418 -0.7038 0.6961
vn -0.2752 -0.7065 0.6520
vn -0.3967 -0.7116 0.5798
vn -0.6613 -0.4103 0.6280
vn -0.7199 -0.1449 0.6788
vn -0.7289 0.0020 0.6847
vn -0.5700 0.0639 0.8191
vn -0.3918 0.0645 0.9178
vn -0.2006 0.0649 0.9775
vn -0.6276 0.4623 0.6264
vn -0.5800 0.5730 0.5791
vn -0.6045 0.5195 0.6039
vn -0.8148 0.2085 0.5409
vn -0.9041 0.2059 0.3744
vn -0.9594 0.2049 0.1937
vn -0.8588 0.5122 -0.0000
vn -0.8247 0.5655 -0.0000
vn -0.8913 0.4535 -0.0000
vn -0.9448 0.2665 0.1904
vn -0.8901 0.2689 0.3681
vn -0.8020 0.2721 0.5317
vn -0.9748 -0.1064 0.1959
vn -0.9186 -0.1104 0.3794
vn -0.8273 -0.1189 0.5491
vn -0.7057 -0.0657 0.7055
vn -0.7076 0.0074 0.7065
vn -0.7034 0.1110 0.7020
vn -0.9946 0.1038 -0.0000
vn -1.0000 0.0064 -0.0000
vn -0.9984 -0.0561 -0.0000
vn -0.6895 0.1691 0.7042
vn -0.7013 -0.0317 0.7122
vn -0.6927 -0.1743 0.6999
vn -0.5319 -0.2542 0.8077
vn -0.3686 -0.2372 0.8988
vn -0.1907 -0.2249 0.9555
vn -0.0000 -0.1103 0.9939
vn -0.0000 0.0421 0.9991
vn -0.0000 0.2454 0.9694
vn -0.1667 0.4690 0.8673
vn -0.3280 0.4544 0.8282
vn -0.4857 0.4331 0.7593
vn -0.9359 -0.2974 0.1888
vn -0.8830 -0.2934 0.3663
vn -0.7975 -0.2851 0.5317
vn -0.7643 0.3880 0.5151
vn -0.8565 0.3739 0.3559
vn -0.9121 0.3669 0.1830
vn -0.9925 0.1219 -0.0000
vn -0.9973 -0.0739 -0.0000
vn -0.9779 -0.2091 -0.0000
vn -0.5453 -0.1484 0.8250
vn -0.3753 -0.1639 0.9123
vn -0.1932 -0.1751 0.9654
vn -0.0000 -0.0921 0.9958
vn -0.0000 -0.0051 1.0000
vn -0.0000 0.1079 0.9942
vn -0.1904 0.2784 0.9414
vn -0.3683 0.2780 0.8872
vn -0.5324 0.2772 0.7998
vn -0.5559 0.5999 0.5754
vn -0.4981 0.6935 0.5204
vn -0.4812 0.7151 0.5070
vn -0.6048 0.6797 0.4150
vn -0.6771 0.6794 0.2828
vn -0.7198 0.6791 0.1435
vn -0.7114 0.7028 -0.0000
vn -0.7410 0.6716 -0.0000
vn -0.8239 0.5667 -0.0000
vn -0.0000 0.4694 0.8830
vn -0.0000 0.5821 0.8131
vn -0.0000 0.5312 0.8472
vn -0.1930 0.2251 0.9550
vn -0.3735 0.2215 0.9008
vn -0.5403 0.2171 0.8130
vn -0.6923 0.7082 0.1386
vn -0.6605 0.6998 0.2723
vn -0.6063 0.6857 0.4026
vn -0.4396 0.7843 0.4377
vn -0.4295 0.7979 0.4230
vn -0.4902 0.7287 0.4782
vn -0.6754 0.5990 0.4301
vn -0.7404 0.6052 0.2925
vn -0.7784 0.6097 0.1494
vn -0.6625 0.7491 -0.0000
vn -0.5745 0.8185 -0.0000
vn -0.5849 0.8111 -0.0000
vn -0.5461 0.6052 0.5793
vn -0.5865 0.5209 0.6202
vn -0.6201 0.4374 0.6512
vn -0.7595 0.3949 0.5169
vn -0.8390 0.4158 0.3509
vn -0.8868 0.4264 0.1784
vn -0.8706 0.4920 -0.0000
vn -0.8301 0.5576 -0.0000
vn -0.7828 0.6223 -0.0000
vn -0.0000 0.6453 0.7639
vn -0.0000 0.7220 0.6919
vn -0.0000 0.7296 0.6839
vn -0.1329 0.6752 0.7256
vn -0.2607 0.6761 0.6892
vn -0.3848 0.6777 0.6266
vn -0.4474 -0.5756 0.6845
vn -0.3016 -0.5978 0.7427
vn -0.1540 -0.6079 0.7789
vn -0.0000 -0.4642 0.8857
vn -0.0000 -0.3726 0.9280
vn -0.0000 -0.2750 0.9614
vn -0.6904 -0.2047 0.6938
vn -0.6749 -0.2863 0.6801
vn -0.6520 -0.3761 0.6584
vn -0.6592 0.3228 0.6791
vn -0.6535 0.3580 0.6669
vn -0.6138 0.4868 0.6215
vn -0.8341 0.5516 -0.0000
vn -0.9018 0.4321 -0.0000
vn -0.9180 0.3965 -0.0000
vn -0.0000 0.5717 0.8205
vn -0.0000 0.4535 0.8912
vn -0.0000 0.3409 0.9401
vn -0.1799 0.2587 0.9491
vn -0.3486 0.2849 0.8929
vn -0.5049 0.3223 0.8008
vn -0.0000 0.2062 0.9785
vn -0.0000 0.2473 0.9689
vn -0.0000 0.3958 0.9183
vn -0.1537 0.6137 0.7744
vn -0.2947 0.6265 0.7216
vn -0.4196 0.6453 0.6384
vn -0.5502 -0.8351 -0.0000
vn -0.1708 -0.9853 -0.0000
vn -0.0512 -0.9987 -0.0000
vn -0.0159 -0.9999 0.0038
vn -0.0135 -0.9999 0.0056
vn -0.0138 -0.9999 0.0087
vn -0.0359 -0.9987 0.0366
vn -0.1189 -0.9855 0.1209
vn -0.3743 -0.8471 0.3774
vn -0.7052 -0.5316 0.4691
vn -0.7897 -0.5198 0.3259
vn -0.8450 -0.5073 0.1695
vn -0.6976 -0.1618 0.6979
vn -0.6686 -0.3230 0.6698
vn -0.6663 -0.3299 0.6687
vn -0.9369 -0.3495 -0.0000
vn -0.9418 -0.3361 -0.0000
vn -0.9853 -0.1707 -0.0000
vn -0.0085 -0.9999 0.0141
vn -0.0055 -0.9999 0.0138
vn -0.0037 -0.9999 0.0162
vn -0.0000 -0.9987 0.0519
vn -0.0000 -0.9856 0.1691
vn -0.0000 -0.8615 0.5077
vn -0.0000 -0.1453 0.9894
vn -0.0000 -0.2983 0.9545
vn -0.0000 -0.2927 0.9562
vn -0.9876 -0.1570 -0.0000
vn -0.9750 -0.2220 -0.0000
vn -0.9519 -0.3065 -0.0000
vn -0.4562 0.5846 0.6709
vn -0.3158 0.5791 0.7516
vn -0.1627 0.5761 0.8010
vn -0.0000 0.4292 0.9032
vn -0.0000 0.3214 0.9469
vn -0.0000 0.2459 0.9693
vn -0.1969 0.1908 0.9617
vn -0.3842 0.1914 0.9032
vn -0.5585 0.1925 0.8069
vn -0.7022 0.2513 0.6662
vn -0.6832 0.3299 0.6515
vn -0.6472 0.4419 0.6211
vn -0.9816 0.0604 0.1809
vn -0.9331 0.0610 0.3545
vn -0.8504 0.0619 0.5226
vn -0.5832 -0.7242 0.3680
vn -0.6370 -0.7295 0.2492
vn -0.6678 -0.7335 0.1269
vn -0.9026 -0.4305 -0.0000
vn -0.9874 -0.1581 -0.0000
vn -1.0000 -0.0044 -0.0000
vn -0.8337 0.1952 0.5166
vn -0.9155 0.1964 0.3511
vn -0.9638 0.1974 0.1793
vn -0.9663 0.2576 -0.0000
vn -0.9404 0.3401 -0.0000
vn -0.8893 0.4573 -0.0000
vn -0.0000 0.1485 0.9889
vn -0.0000 0.1156 0.9933
vn -0.0000 0.0900 0.9959
vn -0.7262 0.0894 0.6817
vn -0.7237 0.1162 0.6803
vn -0.7196 0.1504 0.6779
vn -0.9961 0.0884 -0.0000
vn -0.9932 0.1167 -0.0000
vn -0.9883 0.1525 -0.0000
vn -0.0000 -0.8886 0.4586
vn -0.0000 -0.9486 0.3165
vn -0.0000 -0.9547 0.2977
vn -0.0853 -0.9014 0.4246
vn -0.1641 -0.9025 0.3982
vn -0.2352 -0.9045 0.3558
vn -0.2035 -0.9579 0.2027
vn -0.2175 -0.9523 0.2142
vn -0.3183 -0.8961 0.3093
vn -0.0000 -0.6572 0.7537
vn -0.0000 -0.0762 0.9971
vn -0.0000 0.4865 0.8737
vn -0.1336 0.7356 0.6642
vn -0.2571 0.7393 0.6224
vn -0.3682 0.7458 0.5552
vn -0.6076 0.5091 0.6096
vn -0.7047 -0.0707 0.7060
vn -0.5253 -0.6676 0.5276
vn -0.3452 -0.9099 0.2299
vn -0.3782 -0.9123 0.1570
vn -0.3977 -0.9140 0.0804
vn -0.2743 -0.9616 -0.0000
vn -0.2917 -0.9565 -0.0000
vn -0.4264 -0.9045 -0.0000
vn -0.0000 0.7952 0.6063
vn -0.0000 0.7432 0.6691
vn -0.0000 0.5372 0.8435
vn -0.1982 0.1113 0.9738
vn -0.3859 0.1145 0.9154
vn -0.5602 0.1202 0.8196
vn -0.5935 0.5647 0.5736
vn -0.4607 0.7645 0.4508
vn -0.4136 0.8130 0.4098
vn -0.5382 0.7635 0.3569
vn -0.5883 0.7713 0.2431
vn -0.6176 0.7766 0.1243
vn -0.8430 0.5379 -0.0000
vn -0.9980 -0.0633 -0.0000
vn -0.7326 -0.6806 -0.0000
vn -0.0000 -0.2905 0.9569
vn -0.0000 -0.4643 0.8857
vn -0.0000 -0.5026 0.8645
vn -0.1762 -0.4622 0.8691
vn -0.3421 -0.4639 0.8172
vn -0.4951 -0.4672 0.7325
vn -0.6155 -0.5148 0.5968
vn -0.6336 -0.4757 0.6101
vn -0.6900 -0.2941 0.6613
vn -0.8378 0.1361 0.5287
vn -0.9217 0.1432 0.3605
vn -0.9716 0.1482 0.1846
vn -0.8022 0.5970 -0.0000
vn -0.6144 0.7890 -0.0000
vn -0.5523 0.8337 -0.0000
vn -0.0000 0.8925 0.4510
vn -0.0000 0.9307 0.3658
vn -0.0000 0.9601 0.2797
vn -0.0368 0.9837 0.1760
vn -0.0654 0.9856 0.1560
vn -0.1000 0.9836 0.1500
vn -0.2009 0.9596 0.1972
vn -0.2627 0.9297 0.2580
vn -0.3238 0.8911 0.3179
vn -0.2979 0.8454 0.4434
vn -0.2053 0.8460 0.4921
vn -0.1058 0.8463 0.5221
vn -0.7394 -0.4762 0.4760
vn -0.8145 -0.4801 0.3257
vn -0.8595 -0.4830 0.1671
vn -0.8481 -0.5298 -0.0000
vn -0.8719 -0.4896 -0.0000
vn -0.9546 -0.2977 -0.0000
vn -0.0000 0.7104 0.7038
vn -0.0000 0.7773 0.6292
vn -0.0000 0.7536 0.6573
vn 0.1537 0.6137 0.7744
vn 0.2947 0.6265 0.7216
vn 0.4196 0.6453 0.6384
vn 0.4396 0.7843 0.4377
vn 0.4295 0.7979 0.4230
vn 0.4902 0.7287 0.4782
vn 0.4562 0.5846 0.6709
vn 0.3158 0.5791 0.7516
vn 0.1627 0.5761 0.8010
vn -0.5297 0.8418 0.1041
vn -0.4996 0.8425 0.2016
vn -0.4508 0.8434 0.2923
vn -0.1530 0.9833 0.0982
vn -0.1592 0.9851 0.0643
vn -0.1794 0.9831 0.0362
vn -0.2846 0.9586 -0.0000
vn -0.3721 0.9282 -0.0000
vn -0.4581 0.8889 -0.0000
vn 0.2006 0.0649 0.9775
vn 0.3918 0.0645 0.9178
vn 0.5700 0.0639 0.8191
vn 0.7289 0.0020 0.6847
vn 0.7199 -0.1449 0.6788
vn 0.6613 -0.4103 0.6280
vn 0.3967 -0.7116 0.5798
vn 0.2752 -0.7065 0.6520
vn 0.1418 -0.7038 0.6961
vn 0.8020 0.2721 0.5317
vn 0.8901 0.2689 0.3681
vn 0.9448 0.2665 0.1904
vn 0.8913 0.4535 -0.0000
vn 0.8247 0.5655 -0.0000
vn 0.8588 0.5122 -0.0000
vn 0.9594 0.2049 0.1937
vn 0.9041 0.2059 0.3744
vn 0.8148 0.2085 0.5409
vn 0.6045 0.5195 0.6039
vn 0.5800 0.5730 0.5791
vn 0.6276 0.4623 0.6264
vn 0.9984 -0.0561 -0.0000
vn 1.0000 0.0064 -0.0000
vn 0.9946 0.1038 -0.0000
vn 0.7034 0.1110 0.7020
vn 0.7076 0.0074 0.7065
vn 0.7057 -0.0657 0.7055
vn 0.8273 -0.1189 0.5491
vn 0.9186 -0.1104 0.3794
vn 0.9748 -0.1064 0.1959
vn 0.4857 0.4331 0.7593
vn 0.3280 0.4544 0.8282
vn 0.1667 0.4690 0.8673
vn 0.1907 -0.2249 0.9555
vn 0.3686 -0.2372 0.8988
vn 0.5319 -0.2542 0.8077
vn 0.6927 -0.1743 0.6999
vn 0.7013 -0.0317 0.7122
vn 0.6895 0.1691 0.7042
vn 0.9779 -0.2091 -0.0000
vn 0.9973 -0.0739 -0.0000
vn 0.9925 0.1219 -0.0000
vn 0.9121 0.3669 0.1830
vn 0.8565 0.3739 0.3559
vn 0.7643 0.3880 0.5151
vn 0.7975 -0.2851 0.5317
vn 0.8830 -0.2934 0.3663
vn 0.9359 -0.2974 0.1888
vn 0.5324 0.2772 0.7998
vn 0.3683 0.2780 0.8872
vn 0.1904 0.2784 0.9414
vn 0.1932 -0.1751 0.9654
vn 0.3753 -0.1639 0.9123
vn 0.5453 -0.1484 0.8250
vn 0.8239 0.5667 -0.0000
vn 0.7410 0.6716 -0.0000
vn 0.7114 0.7028 -0.0000
vn 0.7198 0.6791 0.1435
vn 0.6771 0.6794 0.2828
vn 0.6048 0.6797 0.4150
vn 0.4812 0.7151 0.5070
vn 0.4981 0.6935 0.5204
vn 0.5559 0.5999 0.5754
vn 0.5403 0.2171 0.8130
vn 0.3735 0.2215 0.9008
vn 0.1930 0.2251 0.9550
vn 0.5849 0.8111 -0.0000
vn 0.5745 0.8185 -0.0000
vn 0.6625 0.7491 -0.0000
vn 0.7784 0.6097 0.1494
vn 0.7404 0.6052 0.2925
vn 0.6754 0.5990 0.4301
vn 0.6063 0.6857 0.4026
vn 0.6605 0.6998 0.2723
vn 0.6923 0.7082 0.1386
vn 0.7828 0.6223 -0.0000
vn 0.8301 0.5576 -0.0000
vn 0.8706 0.4920 -0.0000
vn 0.8868 0.4264 0.1784
vn 0.8390 0.4158 0.3509
vn 0.7595 0.3949 0.5169
vn 0.6201 0.4374 0.6512
vn 0.5865 0.5209 0.6202
vn 0.5461 0.6052 0.5793
vn 0.3848 0.6777 0.6266
vn 0.2607 0.6761 0.6892
vn 0.1329 0.6752 0.7256
vn 0.6520 -0.3761 0.6584
vn 0.6749 -0.2863 0.6801
vn 0.6904 -0.2047 0.6938
vn 0.1540 -0.6079 0.7789
vn 0.3016 -0.5978 0.7427
vn 0.4474 -0.5756 0.6845
vn 0.9180 0.3965 -0.0000
vn 0.9018 0.4322 -0.0000
vn 0.8341 0.5516 -0.0000
vn 0.6138 0.4868 0.6215
vn 0.6535 0.3580 0.6669
vn 0.6592 0.3228 0.6791
vn 0.5049 0.3223 0.8008
vn 0.3486 0.2849 0.8929
vn 0.1799 0.2587 0.9491
vn 0.8450 -0.5073 0.1695
vn 0.7897 -0.5198 0.3259
vn 0.7052 -0.5316 0.4691
vn 0.3743 -0.8471 0.3774
vn 0.1189 -0.9855 0.1209
vn 0.0359 -0.9987 0.0366
vn 0.0138 -0.9999 0.0087
vn 0.0135 -0.9999 0.0056
vn 0.0159 -0.9999 0.0038
vn 0.0512 -0.9987 -0.0000
vn 0.1708 -0.9853 -0.0000
vn 0.5502 -0.8351 -0.0000
vn 0.9853 -0.1707 -0.0000
vn 0.9418 -0.3361 -0.0000
vn 0.9369 -0.3495 -0.0000
vn 0.6663 -0.3299 0.6687
vn 0.6686 -0.3230 0.6698
vn 0.6976 -0.1618 0.6979
vn 0.0037 -0.9999 0.0162
vn 0.0055 -0.9999 0.0138
vn 0.0085 -0.9999 0.0141
vn 0.9519 -0.3065 -0.0000
vn 0.9750 -0.2220 -0.0000
vn 0.9876 -0.1570 -0.0000
vn 0.6472 0.4419 0.6211
vn 0.6832 0.3299 0.6515
vn 0.7022 0.2513 0.6662
vn 0.5585 0.1925 0.8069
vn 0.3842 0.1914 0.9032
vn 0.1969 0.1908 0.9617
vn 1.0000 -0.0044 -0.0000
vn 0.9874 -0.1581 -0.0000
vn 0.9026 -0.4305 -0.0000
vn 0.6678 -0.7335 0.1269
vn 0.6370 -0.7295 0.2492
vn 0.5832 -0.7242 0.3680
vn 0.8504 0.0619 0.5226
vn 0.9331 0.0610 0.3545
vn 0.9816 0.0604 0.1809
vn 0.8893 0.4573 -0.0000
vn 0.9404 0.3401 -0.0000
vn 0.9663 0.2576 -0.0000
vn 0.9638 0.1974 0.1793
vn 0.9155 0.1964 0.3511
vn 0.8337 0.1952 0.5166
vn 0.7196 0.1504 0.6779
vn 0.7237 0.1162 0.6803
vn 0.7262 0.0894 0.6817
vn 0.9883 0.1525 -0.0000
vn 0.9932 0.1167 -0.0000
vn 0.9961 0.0884 -0.0000
vn 0.3183 -0.8961 0.3093
vn 0.2175 -0.9523 0.2142
vn 0.2035 -0.9579 0.2027
vn 0.2352 -0.9045 0.3558
vn 0.1641 -0.9025 0.3982
vn 0.0853 -0.9014 0.4246
vn 0.5253 -0.6676 0.5276
vn 0.7047 -0.0707 0.7060
vn 0.6076 0.5091 0.6096
vn 0.3682 0.7458 0.5552
vn 0.2571 0.7393 0.6224
vn 0.1336 0.7356 0.6642
vn 0.4264 -0.9045 -0.0000
vn 0.2917 -0.9565 -0.0000
vn 0.2743 -0.9616 -0.0000
vn 0.3977 -0.9140 0.0804
vn 0.3782 -0.9123 0.1570
vn 0.3452 -0.9099 0.2299
vn 0.4136 0.8130 0.4098
vn 0.4607 0.7645 0.4508
vn 0.5935 0.5647 0.5736
vn 0.5602 0.1202 0.8196
vn 0.3859 0.1145 0.9154
vn 0.1982 0.1113 0.9738
vn 0.7326 -0.6806 -0.0000
vn 0.9980 -0.0633 -0.0000
vn 0.8430 0.5379 -0.0000
vn 0.6176 0.7766 0.1243
vn 0.5883 0.7713 0.2431
vn 0.5382 0.7635 0.3569
vn 0.6900 -0.2941 0.6613
vn 0.6336 -0.4757 0.6101
vn 0.6155 -0.5148 0.5968
vn 0.4951 -0.4672 0.7325
vn 0.3421 -0.4639 0.8172
vn 0.1762 -0.4622 0.8691
vn 0.5523 0.8337 -0.0000
vn 0.6144 0.7890 -0.0000
vn 0.8022 0.5970 -0.0000
vn 0.9716 0.1482 0.1846
vn 0.9217 0.1432 0.3605
vn 0.8378 0.1361 0.5287
vn 0.1058 0.8463 0.5221
vn 0.2053 0.8460 0.4921
vn 0.2979 0.8454 0.4434
vn 0.3238 0.8911 0.3179
vn 0.2627 0.9297 0.2580
vn 0.2009 0.9596 0.1972
vn 0.1000 0.9836 0.1500
vn 0.0654 0.9856 0.1560
vn 0.0368 0.9837 0.1760
vn 0.9546 -0.2977 -0.0000
vn 0.8719 -0.4896 -0.0000
vn 0.8481 -0.5298 -0.0000
vn 0.8595 -0.4830 0.1671
vn 0.8145 -0.4801 0.3257
vn 0.7394 -0.4762 0.4760
vn -0.0000 0.7104 -0.7038
vn -0.0000 0.7773 -0.6292
vn -0.0000 0.7536 -0.6573
vn -0.1537 0.6137 -0.7744
vn -0.2947 0.6265 -0.7216
vn -0.4196 0.6453 -0.6384
vn -0.4396 0.7843 -0.4377
vn -0.4295 0.7979 -0.4230
vn -0.4902 0.7287 -0.4782
vn -0.4562 0.5846 -0.6709
vn -0.3158 0.5791 -0.7516
vn -0.1627 0.5761 -0.8010
vn 0.4581 0.8889 -0.0000
vn 0.3721 0.9282 -0.0000
vn 0.2846 0.9586 -0.0000
vn 0.1794 0.9831 0.0362
vn 0.1592 0.9851 0.0643
vn 0.1530 0.9833 0.0982
vn 0.4508 0.8434 0.2923
vn 0.4996 0.8425 0.2016
vn 0.5297 0.8418 0.1041
vn -0.0000 -0.3932 -0.9195
vn -0.0000 -0.1342 -0.9910
vn -0.0000 0.0069 -1.0000
vn -0.2006 0.0649 -0.9775
vn -0.3918 0.0645 -0.9178
vn -0.5700 0.0639 -0.8191
vn -0.7289 0.0020 -0.6847
vn -0.7199 -0.1449 -0.6788
vn -0.6613 -0.4103 -0.6280
vn -0.3967 -0.7116 -0.5798
vn -0.2752 -0.7065 -0.6520
vn -0.1418 -0.7038 -0.6961
vn -0.8020 0.2721 -0.5317
vn -0.8901 0.2689 -0.3681
vn -0.9448 0.2665 -0.1904
vn -0.9594 0.2049 -0.1937
vn -0.9041 0.2059 -0.3744
vn -0.8148 0.2085 -0.5409
vn -0.6045 0.5195 -0.6039
vn -0.5800 0.5730 -0.5791
vn -0.6276 0.4623 -0.6264
vn -0.7034 0.1110 -0.7020
vn -0.7076 0.0074 -0.7065
vn -0.7057 -0.0657 -0.7055
vn -0.8273 -0.1189 -0.5491
vn -0.9186 -0.1104 -0.3794
vn -0.9748 -0.1064 -0.1959
vn -0.4857 0.4331 -0.7593
vn -0.3280 0.4544 -0.8282
vn -0.1667 0.4690 -0.8673
vn -0.0000 0.2454 -0.9694
vn -0.0000 0.0421 -0.9991
vn -0.0000 -0.1103 -0.9939
vn -0.1907 -0.2249 -0.9555
vn -0.3686 -0.2372 -0.8988
vn -0.5319 -0.2542 -0.8077
vn -0.6927 -0.1743 -0.6999
vn -0.7013 -0.0317 -0.7122
vn -0.6895 0.1691 -0.7042
vn -0.9121 0.3669 -0.1830
vn -0.8565 0.3739 -0.3559
vn -0.7643 0.3880 -0.5151
vn -0.7975 -0.2851 -0.5317
vn -0.8830 -0.2934 -0.3663
vn -0.9359 -0.2974 -0.1888
vn -0.5324 0.2772 -0.7998
vn -0.3683 0.2780 -0.8872
vn -0.1904 0.2784 -0.9414
vn -0.0000 0.1079 -0.9942
vn -0.0000 -0.0051 -1.0000
vn -0.0000 -0.0921 -0.9958
vn -0.1932 -0.1751 -0.9654
vn -0.3753 -0.1639 -0.9123
vn -0.5453 -0.1484 -0.8250
vn -0.7198 0.6791 -0.1435
vn -0.6771 0.6794 -0.2828
vn -0.6048 0.6797 -0.4150
vn -0.4812 0.7151 -0.5070
vn -0.4981 0.6935 -0.5204
vn -0.5559 0.5999 -0.5754
vn -0.5403 0.2171 -0.8130
vn -0.3735 0.2215 -0.9008
vn -0.1930 0.2251 -0.9550
vn -0.0000 0.5312 -0.8472
vn -0.0000 0.5821 -0.8131
vn -0.0000 0.4694 -0.8830
vn -0.7784 0.6097 -0.1494
vn -0.7404 0.6052 -0.2925
vn -0.6754 0.5990 -0.4301
vn -0.6063 0.6857 -0.4026
vn -0.6605 0.6998 -0.2723
vn -0.6923 0.7082 -0.1386
vn -0.8868 0.4264 -0.1784
vn -0.8390 0.4158 -0.3509
vn -0.7595 0.3949 -0.5169
vn -0.6201 0.4374 -0.6512
vn -0.5865 0.5209 -0.6202
vn -0.5461 0.6052 -0.5793
vn -0.3848 0.6777 -0.6266
vn -0.2607 0.6761 -0.6892
vn -0.1329 0.6752 -0.7256
vn -0.0000 0.7296 -0.6839
vn -0.0000 0.7220 -0.6919
vn -0.0000 0.6453 -0.7639
vn -0.6520 -0.3761 -0.6584
vn -0.6749 -0.2863 -0.6801
vn -0.6904 -0.2047 -0.6938
vn -0.0000 -0.2750 -0.9614
vn -0.0000 -0.3726 -0.9280
vn -0.0000 -0.4642 -0.8857
vn -0.1540 -0.6079 -0.7789
vn -0.3016 -0.5978 -0.7427
vn -0.4474 -0.5756 -0.6845
vn -0.6138 0.4868 -0.6215
vn -0.6535 0.3580 -0.6669
vn -0.6592 0.3228 -0.6791
vn -0.5049 0.3223 -0.8008
vn -0.3486 0.2849 -0.8929
vn -0.1799 0.2587 -0.9491
vn -0.0000 0.3409 -0.9401
vn -0.0000 0.4535 -0.8912
vn -0.0000 0.5717 -0.8205
vn -0.0000 0.3958 -0.9183
vn -0.0000 0.2473 -0.9689
vn -0.0000 0.2062 -0.9785
vn -0.8450 -0.5073 -0.1695
vn -0.7897 -0.5198 -0.3259
vn -0.7052 -0.5316 -0.4691
vn -0.3743 -0.8471 -0.3774
vn -0.1189 -0.9855 -0.1209
vn -0.0359 -0.9987 -0.0366
vn -0.0138 -0.9999 -0.0087
vn -0.0135 -0.9999 -0.0056
vn -0.0159 -0.9999 -0.0038
vn -0.6663 -0.3299 -0.6687
vn -0.6686 -0.3230 -0.6698
vn -0.6976 -0.1618 -0.6979
vn -0.0000 -0.8615 -0.5077
vn -0.0000 -0.9856 -0.1691
vn -0.0000 -0.9987 -0.0519
vn -0.0037 -0.9999 -0.0162
vn -0.0055 -0.9999 -0.0138
vn -0.0085 -0.9999 -0.0141
vn -0.0000 -0.2927 -0.9562
vn -0.0000 -0.2983 -0.9545
vn -0.0000 -0.1453 -0.9894
vn -0.6472 0.4419 -0.6211
vn -0.6832 0.3299 -0.6515
vn -0.7022 0.2513 -0.6662
vn -0.5585 0.1925 -0.8069
vn -0.3842 0.1914 -0.9032
vn -0.1969 0.1908 -0.9617
vn -0.0000 0.2459 -0.9693
vn -0.0000 0.3214 -0.9469
vn -0.0000 0.4292 -0.9032
vn -0.6678 -0.7335 -0.1269
vn -0.6370 -0.7295 -0.2492
vn -0.5832 -0.7242 -0.3680
vn -0.8504 0.0619 -0.5226
vn -0.9331 0.0610 -0.3545
vn -0.9816 0.0604 -0.1809
vn -0.9638 0.1974 -0.1793
vn -0.9155 0.1964 -0.3511
vn -0.8337 0.1952 -0.5166
vn -0.7196 0.1504 -0.6779
vn -0.7237 0.1162 -0.6803
vn -0.7262 0.0894 -0.6817
vn -0.0000 0.0900 -0.9959
vn -0.0000 0.1156 -0.9933
vn -0.0000 0.1485 -0.9889
vn -0.3183 -0.8961 -0.3093
vn -0.2175 -0.9523 -0.2142
vn -0.2035 -0.9579 -0.2027
vn -0.2352 -0.9045 -0.3558
vn -0.1641 -0.9025 -0.3982
vn -0.0853 -0.9014 -0.4246
vn -0.0000 -0.9547 -0.2977
vn -0.0000 -0.9486 -0.3165
vn -0.0000 -0.8886 -0.4586
vn -0.5253 -0.6676 -0.5276
vn -0.7047 -0.0707 -0.7060
vn -0.6076 0.5091 -0.6096
vn -0.3682 0.7458 -0.5552
vn -0.2571 0.7393 -0.6224
vn -0.1336 0.7356 -0.6642
vn -0.0000 0.4865 -0.8737
vn -0.0000 -0.0762 -0.9971
vn -0.0000 -0.6572 -0.7537
vn -0.3977 -0.9140 -0.0804
vn -0.3782 -0.9123 -0.1570
vn -0.3452 -0.9099 -0.2299
vn -0.0000 0.5372 -0.8435
vn -0.0000 0.7432 -0.6691
vn -0.0000 0.7952 -0.6063
vn -0.4136 0.8130 -0.4098
vn -0.4607 0.7645 -0.4508
vn -0.5935 0.5647 -0.5736
vn -0.5602 0.1202 -0.8196
vn -0.3859 0.1145 -0.9154
vn -0.1982 0.1113 -0.9738
vn -0.6176 0.7766 -0.1243
vn -0.5883 0.7713 -0.2431
vn -0.5382 0.7635 -0.3569
vn -0.0000 -0.5026 -0.8645
vn -0.0000 -0.4643 -0.8857
vn -0.0000 -0.2905 -0.9569
vn -0.6900 -0.2941 -0.6613
vn -0.6336 -0.4757 -0.6101
vn -0.6155 -0.5148 -0.5968
vn -0.4951 -0.4672 -0.7325
vn -0.3421 -0.4639 -0.8172
vn -0.1762 -0.4622 -0.8691
vn -0.9716 0.1482 -0.1846
vn -0.9217 0.1432 -0.3605
vn -0.8378 0.1361 -0.5287
vn -0.0000 0.9601 -0.2797
vn -0.0000 0.9307 -0.3658
vn -0.0000 0.8925 -0.4510
vn -0.1058 0.8463 -0.5221
vn -0.2053 0.8460 -0.4921
vn -0.2979 0.8454 -0.4434
vn -0.3238 0.8911 -0.3179
vn -0.2627 0.9297 -0.2580
vn -0.2009 0.9596 -0.1972
vn -0.1000 0.9836 -0.1500
vn -0.0654 0.9856 -0.1560
vn -0.0368 0.9837 -0.1760
vn -0.8595 -0.4830 -0.1671
vn -0.8145 -0.4801 -0.3257
vn -0.7394 -0.4762 -0.4760
vn 0.1627 0.5761 -0.8010
vn 0.3158 0.5791 -0.7516
vn 0.4562 0.5846 -0.6709
vn 0.4902 0.7287 -0.4782
vn 0.4295 0.7979 -0.4230
vn 0.4396 0.7843 -0.4377
vn 0.4196 0.6453 -0.6384
vn 0.2947 0.6265 -0.7216
vn 0.1537 0.6137 -0.7744
vn -0.1794 0.9831 -0.0362
vn -0.1592 0.9851 -0.0643
vn -0.1530 0.9833 -0.0982
vn -0.4508 0.8434 -0.2923
vn -0.4996 0.8425 -0.2016
vn -0.5297 0.8418 -0.1041
vn 0.1418 -0.7038 -0.6961
vn 0.2752 -0.7065 -0.6520
vn 0.3967 -0.7116 -0.5798
vn 0.6613 -0.4103 -0.6280
vn 0.7199 -0.1449 -0.6788
vn 0.7289 0.0020 -0.6847
vn 0.5700 0.0639 -0.8191
vn 0.3918 0.0645 -0.9178
vn 0.2006 0.0649 -0.9775
vn 0.6276 0.4623 -0.6264
vn 0.5800 0.5730 -0.5791
vn 0.6045 0.5195 -0.6039
vn 0.8148 0.2085 -0.5409
vn 0.9041 0.2059 -0.3744
vn 0.9594 0.2049 -0.1937
vn 0.9448 0.2665 -0.1904
vn 0.8901 0.2689 -0.3681
vn 0.8020 0.2721 -0.5317
vn 0.9748 -0.1064 -0.1959
vn 0.9186 -0.1104 -0.3794
vn 0.8273 -0.1189 -0.5491
vn 0.7057 -0.0657 -0.7055
vn 0.7076 0.0074 -0.7065
vn 0.7034 0.1110 -0.7020
vn 0.6895 0.1691 -0.7042
vn 0.7013 -0.0317 -0.7122
vn 0.6927 -0.1743 -0.6999
vn 0.5319 -0.2542 -0.8077
vn 0.3686 -0.2372 -0.8988
vn 0.1907 -0.2249 -0.9555
vn 0.1667 0.4690 -0.8673
vn 0.3280 0.4544 -0.8282
vn 0.4857 0.4331 -0.7593
vn 0.9359 -0.2974 -0.1888
vn 0.8830 -0.2934 -0.3663
vn 0.7975 -0.2851 -0.5317
vn 0.7643 0.3880 -0.5151
vn 0.8565 0.3739 -0.3559
vn 0.9121 0.3669 -0.1830
vn 0.5453 -0.1484 -0.8250
vn 0.3753 -0.1639 -0.9123
vn 0.1932 -0.1751 -0.9654
vn 0.1904 0.2784 -0.9414
vn 0.3683 0.2780 -0.8872
vn 0.5324 0.2772 -0.7998
vn 0.5559 0.5999 -0.5754
vn 0.4981 0.6935 -0.5204
vn 0.4812 0.7151 -0.5070
vn 0.6048 0.6797 -0.4150
vn 0.6771 0.6794 -0.2828
vn 0.7198 0.6791 -0.1435
vn 0.1930 0.2251 -0.9550
vn 0.3735 0.2215 -0.9008
vn 0.5403 0.2171 -0.8130
vn 0.6923 0.7082 -0.1386
vn 0.6605 0.6998 -0.2723
vn 0.6063 0.6857 -0.4026
vn 0.6754 0.5990 -0.4301
vn 0.7404 0.6052 -0.2925
vn 0.7784 0.6097 -0.1494
vn 0.5461 0.6052 -0.5793
vn 0.5865 0.5209 -0.6202
vn 0.6201 0.4374 -0.6512
vn 0.7595 0.3949 -0.5169
vn 0.8390 0.4158 -0.3509
vn 0.8868 0.4264 -0.1784
vn 0.1329 0.6752 -0.7256
vn 0.2607 0.6761 -0.6892
vn 0.3848 0.6777 -0.6266
vn 0.4474 -0.5756 -0.6845
vn 0.3016 -0.5978 -0.7427
vn 0.1540 -0.6079 -0.7789
vn 0.6904 -0.2047 -0.6938
vn 0.6749 -0.2863 -0.6801
vn 0.6520 -0.3761 -0.6584
vn 0.6592 0.3228 -0.6791
vn 0.6535 0.3580 -0.6669
vn 0.6138 0.4868 -0.6215
vn 0.1799 0.2587 -0.9491
vn 0.3486 0.2849 -0.8929
vn 0.5049 0.3223 -0.8008
vn 0.0159 -0.9999 -0.0038
vn 0.0135 -0.9999 -0.0056
vn 0.0138 -0.9999 -0.0087
vn 0.0359 -0.9987 -0.0366
vn 0.1189 -0.9855 -0.1209
vn 0.3743 -0.8471 -0.3774
vn 0.7052 -0.5316 -0.4691
vn 0.7897 -0.5198 -0.3259
vn 0.8450 -0.5073 -0.1695
vn 0.6976 -0.1618 -0.6979
vn 0.6686 -0.3230 -0.6698
vn 0.6663 -0.3299 -0.6687
vn 0.0085 -0.9999 -0.0141
vn 0.0055 -0.9999 -0.0138
vn 0.0037 -0.9999 -0.0162
vn 0.1969 0.1908 -0.9617
vn 0.3842 0.1914 -0.9032
vn 0.5585 0.1925 -0.8069
vn 0.7022 0.2513 -0.6662
vn 0.6832 0.3299 -0.6515
vn 0.6472 0.4419 -0.6211
vn 0.9816 0.0604 -0.1809
vn 0.9331 0.0610 -0.3545
vn 0.8504 0.0619 -0.5226
vn 0.5832 -0.7242 -0.3680
vn 0.6370 -0.7295 -0.2492
vn 0.6678 -0.7335 -0.1269
vn 0.8337 0.1952 -0.5166
vn 0.9155 0.1964 -0.3511
vn 0.9638 0.1974 -0.1793
vn 0.7262 0.0894 -0.6817
vn 0.7237 0.1162 -0.6803
vn 0.7196 0.1504 -0.6779
vn 0.0853 -0.9014 -0.4246
vn 0.1641 -0.9025 -0.3982
vn 0.2352 -0.9045 -0.3558
vn 0.2035 -0.9579 -0.2027
vn 0.2175 -0.9523 -0.2142
vn 0.3183 -0.8961 -0.3093
vn 0.1336 0.7356 -0.6642
vn 0.2571 0.7393 -0.6224
vn 0.3682 0.7458 -0.5552
vn 0.6076 0.5091 -0.6096
vn 0.7047 -0.0707 -0.7060
vn 0.5253 -0.6676 -0.5276
vn 0.3452 -0.9099 -0.2299
vn 0.3782 -0.9123 -0.1570
vn 0.3977 -0.9140 -0.0804
vn 0.1982 0.1113 -0.9738
vn 0.3859 0.1145 -0.9154
vn 0.5602 0.1202 -0.8196
vn 0.5935 0.5647 -0.5736
vn 0.4607 0.7645 -0.4508
vn 0.4136 0.8130 -0.4098
vn 0.5382 0.7635 -0.3569
vn 0.5883 0.7713 -0.2431
vn 0.6176 0.7766 -0.1243
vn 0.1762 -0.4622 -0.8691
vn 0.3421 -0.4639 -0.8172
vn 0.4951 -0.4672 -0.7325
vn 0.6155 -0.5148 -0.5968
vn 0.6336 -0.4757 -0.6101
vn 0.6900 -0.2941 -0.6613
vn 0.8378 0.1361 -0.5287
vn 0.9217 0.1432 -0.3605
vn 0.9716 0.1482 -0.1846
vn 0.0368 0.9837 -0.1760
vn 0.0654 0.9856 -0.1560
vn 0.1000 0.9836 -0.1500
vn 0.2009 0.9596 -0.1972
vn 0.2627 0.9297 -0.2580
vn 0.3238 0.8911 -0.3179
vn 0.2979 0.8454 -0.4434
vn 0.2053 0.8460 -0.4921
vn 0.1058 0.8463 -0.5221
vn 0.7394 -0.4762 -0.4760
vn 0.8145 -0.4801 -0.3257
vn 0.8595 -0.4830 -0.1671
vn -0.5532 -0.1297 0.8229
vn -0.3816 -0.1299 0.9151
vn -0.1966 -0.1301 0.9718
vn -0.0000 -0.0633 0.9980
vn -0.0000 -0.0011 1.0000
vn -0.0000 0.0601 0.9982
vn -0.1967 0.1262 0.9723
vn -0.3818 0.1260 0.9156
vn -0.5534 0.1258 0.8233
vn -0.7121 0.0596 0.6996
vn -0.7134 -0.0011 0.7008
vn -0.7119 -0.0628 0.6994
vn 0.5297 0.8418 -0.1041
vn 0.4996 0.8425 -0.2016
vn 0.4508 0.8434 -0.2923
vn 0.1530 0.9833 -0.0982
vn 0.1592 0.9851 -0.0643
vn 0.1794 0.9831 -0.0362
vn -0.0000 -0.3791 0.9253
vn -0.0000 -0.2897 0.9571
vn -0.0000 -0.2056 0.9786
vn -0.6983 -0.2055 0.6857
vn -0.6827 -0.2921 0.6698
vn -0.6594 -0.3852 0.6456
vn 0.9732 -0.1281 -0.1910
vn 0.9196 -0.1284 -0.3712
vn 0.8317 -0.1288 -0.5400
vn 0.7119 -0.0628 -0.6994
vn 0.7134 -0.0011 -0.7008
vn 0.7121 0.0596 -0.6996
vn 0.8322 0.1248 -0.5403
vn 0.9201 0.1242 -0.3714
vn 0.9737 0.1239 -0.1912
vn 0.9983 0.0589 -0.0000
vn 1.0000 -0.0011 -0.0000
vn 0.9981 -0.0620 -0.0000
vn 0.5532 -0.1297 -0.8229
vn 0.3816 -0.1299 -0.9151
vn 0.1966 -0.1301 -0.9718
vn -0.0000 -0.0633 -0.9980
vn -0.0000 -0.0011 -1.0000
vn -0.0000 0.0601 -0.9982
vn 0.1967 0.1262 -0.9723
vn 0.3818 0.1260 -0.9156
vn 0.5534 0.1258 -0.8233
vn -0.9981 -0.0620 -0.0000
vn -1.0000 -0.0011 -0.0000
vn -0.9983 0.0589 -0.0000
vn -0.9737 0.1239 -0.1911
vn -0.9201 0.1242 -0.3714
vn -0.8322 0.1248 -0.5403
vn -0.7121 0.0596 -0.6996
vn -0.7134 -0.0011 -0.7008
vn -0.7119 -0.0628 -0.6994
vn -0.8317 -0.1288 -0.5400
vn -0.9196 -0.1284 -0.3712
vn -0.9732 -0.1281 -0.1910
vn -0.5534 0.1258 -0.8233
vn -0.3818 0.1260 -0.9156
vn -0.1967 0.1262 -0.9723
vn -0.1966 -0.1301 -0.9718
vn -0.3816 -0.1299 -0.9151
vn -0.5532 -0.1297 -0.8229
vn 0.9737 0.1239 0.1912
vn 0.9201 0.1242 0.3714
vn 0.8322 0.1248 0.5403
vn 0.7121 0.0596 0.6996
vn 0.7134 -0.0011 0.7008
vn 0.7119 -0.0628 0.6994
vn 0.8317 -0.1288 0.5400
vn 0.9196 -0.1284 0.3712
vn 0.9732 -0.1281 0.1910
vn 0.5534 0.1258 0.8233
vn 0.3818 0.1260 0.9156
vn 0.1967 0.1262 0.9723
vn 0.1966 -0.1301 0.9718
vn 0.3816 -0.1299 0.9151
vn 0.5532 -0.1297 0.8229
vn -0.9732 -0.1281 0.1910
vn -0.9196 -0.1284 0.3712
vn -0.8317 -0.1288 0.5400
vn -0.8322 0.1248 0.5403
vn -0.9201 0.1242 0.3714
vn -0.9737 0.1239 0.1911
vn 0.6594 -0.3852 0.6456
vn 0.6827 -0.2921 0.6698
vn 0.6983 -0.2055 0.6857
vn -0.9788 -0.2050 -0.0000
vn -0.9555 -0.2948 -0.0000
vn -0.9196 -0.3928 -0.0000
vn -0.0000 -0.2056 -0.9786
vn -0.0000 -0.2897 -0.9571
vn -0.0000 -0.3791 -0.9253
vn -0.6594 -0.3852 -0.6456
vn -0.6827 -0.2921 -0.6698
vn -0.6983 -0.2055 -0.6857
vn 0.9196 -0.3928 -0.0000
vn 0.9555 -0.2948 -0.0000
vn 0.9788 -0.2050 -0.0000
vn 0.6983 -0.2055 -0.6857
vn 0.6827 -0.2921 -0.6698
vn 0.6594 -0.3852 -0.6456
vn -0.0000 0.2102 0.9777
vn -0.0000 0.3179 0.9481
vn -0.0000 0.4393 0.8984
vn -0.1649 0.5551 0.8153
vn -0.3203 0.5545 0.7681
vn -0.4646 0.5537 0.6911
vn -0.6418 0.4365 0.6305
vn -0.6769 0.3157 0.6650
vn -0.6977 0.2086 0.6854
vn -0.0000 0.6521 0.7582
vn -0.0000 0.7287 0.6849
vn -0.0000 0.7920 0.6105
vn -0.4378 0.7897 0.4299
vn -0.4907 0.7260 0.4819
vn -0.5427 0.6491 0.5330
vn 0.6977 0.2086 -0.6854
vn 0.6769 0.3157 -0.6650
vn 0.6418 0.4365 -0.6305
vn 0.7002 0.5506 -0.4545
vn 0.7751 0.5489 -0.3128
vn 0.8208 0.5480 -0.1611
vn 0.9500 0.3123 -0.0000
vn 0.9785 0.2062 -0.0000
vn -0.0000 0.2102 -0.9777
vn -0.0000 0.3179 -0.9481
vn -0.0000 0.4393 -0.8984
vn 0.1649 0.5551 -0.8153
vn 0.3203 0.5545 -0.7681
vn 0.4646 0.5537 -0.6911
vn -0.9785 0.2062 -0.0000
vn -0.9500 0.3123 -0.0000
vn -0.9018 0.4322 -0.0000
vn -0.8208 0.5480 -0.1611
vn -0.7751 0.5489 -0.3128
vn -0.7002 0.5506 -0.4545
vn -0.6418 0.4365 -0.6305
vn -0.6769 0.3157 -0.6650
vn -0.6977 0.2086 -0.6854
vn -0.4646 0.5537 -0.6911
vn -0.3203 0.5545 -0.7681
vn -0.1649 0.5551 -0.8153
vn 0.8208 0.5480 0.1611
vn 0.7751 0.5489 0.3128
vn 0.7002 0.5506 0.4546
vn 0.6418 0.4365 0.6305
vn 0.6769 0.3157 0.6650
vn 0.6977 0.2086 0.6854
vn 0.4646 0.5537 0.6911
vn 0.3203 0.5545 0.7681
vn 0.1649 0.5551 0.8153
vn -0.7002 0.5506 0.4545
vn -0.7751 0.5489 0.3128
vn -0.8208 0.5480 0.1611
vn 0.5427 0.6491 -0.5330
vn 0.4907 0.7260 -0.4819
vn 0.4378 0.7897 -0.4299
vn 0.6182 0.7860 -0.0000
vn 0.6921 0.7218 -0.0000
vn 0.7646 0.6446 -0.0000
vn -0.0000 0.6521 -0.7582
vn -0.0000 0.7287 -0.6849
vn -0.0000 0.7920 -0.6105
vn -0.7646 0.6446 -0.0000
vn -0.6921 0.7218 -0.0000
vn -0.6182 0.7860 -0.0000
vn -0.4378 0.7897 -0.4299
vn -0.4907 0.7260 -0.4819
vn -0.5427 0.6491 -0.5330
vn 0.4377 0.7897 0.4299
vn 0.4907 0.7260 0.4819
vn 0.5427 0.6491 0.5330
vn -0.2009 0.0066 0.9796
vn -0.1988 -0.1347 0.9707
vn -0.1840 -0.3940 0.9005
vn -0.3924 0.0057 0.9198
vn -0.3881 -0.1366 0.9114
vn -0.3584 -0.3970 0.8450
vn -0.5708 0.0041 0.8210
vn -0.5641 -0.1401 0.8137
vn -0.5195 -0.4027 0.7536
vn -0.7405 0.4589 0.4911
vn -0.6849 0.5696 0.4544
vn -0.7138 0.5158 0.4738
vn -0.8224 0.4559 0.3403
vn -0.7611 0.5670 0.3150
vn -0.7930 0.5132 0.3284
vn -0.8734 0.4541 0.1761
vn -0.8083 0.5658 0.1631
vn -0.8419 0.5123 0.1699
vn -0.9789 -0.0561 0.1967
vn -0.9228 -0.0569 0.3810
vn -0.8320 -0.0598 0.5515
vn -0.9803 0.0070 0.1972
vn -0.9243 0.0081 0.3817
vn -0.8336 0.0087 0.5523
vn -0.9749 0.1047 0.1963
vn -0.9189 0.1069 0.3798
vn -0.8286 0.1094 0.5491
vn -0.5316 0.1963 0.8240
vn -0.5451 -0.0060 0.8383
vn -0.5414 -0.1524 0.8268
vn -0.3623 0.2213 0.9054
vn -0.3745 0.0183 0.9271
vn -0.3740 -0.1313 0.9181
vn -0.1852 0.2390 0.9532
vn -0.1925 0.0357 0.9806
vn -0.1931 -0.1159 0.9743
vn -0.9589 -0.2076 0.1933
vn -0.9045 -0.2024 0.3754
vn -0.8161 -0.1916 0.5453
vn -0.9778 -0.0722 0.1969
vn -0.9215 -0.0658 0.3827
vn -0.8296 -0.0526 0.5559
vn -0.9728 0.1238 0.1956
vn -0.9155 0.1311 0.3804
vn -0.8211 0.1460 0.5518
vn -0.5512 -0.0741 0.8311
vn -0.3804 -0.0828 0.9211
vn -0.1963 -0.0895 0.9764
vn -0.5535 0.0041 0.8328
vn -0.3826 -0.0001 0.9239
vn -0.1977 -0.0037 0.9803
vn -0.5505 0.1110 0.8274
vn -0.3808 0.1098 0.9181
vn -0.1969 0.1084 0.9744
vn -0.6722 0.5842 0.4548
vn -0.6037 0.6833 0.4107
vn -0.5817 0.7095 0.3978
vn -0.7565 0.5735 0.3145
vn -0.6803 0.6760 0.2832
vn -0.6543 0.7053 0.2729
vn -0.8069 0.5682 0.1615
vn -0.7258 0.6725 0.1450
vn -0.6972 0.7032 0.1391
vn -0.4905 0.4652 0.7369
vn -0.3390 0.4673 0.8165
vn -0.1752 0.4688 0.8658
vn -0.4528 0.5762 0.6805
vn -0.3126 0.5790 0.7531
vn -0.1614 0.5812 0.7976
vn -0.4719 0.5233 0.7096
vn -0.3257 0.5269 0.7851
vn -0.1681 0.5299 0.8313
vn -0.5763 0.8092 0.1145
vn -0.5507 0.8038 0.2250
vn -0.5065 0.7953 0.3331
vn -0.5661 0.8168 0.1112
vn -0.5407 0.8124 0.2184
vn -0.4963 0.8059 0.3228
vn -0.6523 0.7473 0.1266
vn -0.6219 0.7427 0.2484
vn -0.5691 0.7363 0.3661
vn -0.6504 0.6141 0.4470
vn -0.6942 0.5395 0.4765
vn -0.7309 0.4645 0.5000
vn -0.7244 0.6192 0.3030
vn -0.7699 0.5507 0.3223
vn -0.8085 0.4814 0.3385
vn -0.7682 0.6216 0.1533
vn -0.8150 0.5561 0.1631
vn -0.8549 0.4896 0.1716
vn -0.1429 0.6417 0.7535
vn -0.1275 0.7197 0.6825
vn -0.1243 0.7283 0.6738
vn -0.2824 0.6317 0.7220
vn -0.2521 0.7134 0.6538
vn -0.2452 0.7251 0.6436
vn -0.4208 0.6170 0.6650
vn -0.3763 0.7043 0.6020
vn -0.3646 0.7205 0.5899
vn -0.4995 -0.4091 0.7636
vn -0.3385 -0.4377 0.8330
vn -0.1723 -0.4572 0.8725
vn -0.5201 -0.3181 0.7927
vn -0.3543 -0.3462 0.8687
vn -0.1810 -0.3656 0.9130
vn -0.5353 -0.2299 0.8128
vn -0.3667 -0.2529 0.8953
vn -0.1882 -0.2691 0.9446
vn -0.7735 0.3577 0.5232
vn -0.7636 0.3920 0.5131
vn -0.7124 0.5156 0.4760
vn -0.8534 0.3807 0.3560
vn -0.8400 0.4152 0.3492
vn -0.7800 0.5360 0.3230
vn -0.9015 0.3928 0.1815
vn -0.8860 0.4281 0.1783
vn -0.8202 0.5478 0.1648
vn -0.1475 0.5743 0.8053
vn -0.1611 0.4591 0.8737
vn -0.1720 0.3490 0.9212
vn -0.2876 0.5819 0.7607
vn -0.3130 0.4747 0.8226
vn -0.3336 0.3715 0.8665
vn -0.4210 0.5932 0.6862
vn -0.4555 0.4971 0.7385
vn -0.4837 0.4034 0.7767
vn -0.1846 0.2158 0.9588
vn -0.1851 0.2563 0.9487
vn -0.1769 0.4031 0.8979
vn -0.3574 0.2427 0.9019
vn -0.3574 0.2817 0.8904
vn -0.3403 0.4238 0.8394
vn -0.5166 0.2812 0.8087
vn -0.5147 0.3181 0.7962
vn -0.4869 0.4537 0.7464
vn -0.5304 -0.8410 0.1067
vn -0.1600 -0.9866 0.0337
vn -0.0462 -0.9989 0.0111
vn -0.4897 -0.8482 0.2018
vn -0.1441 -0.9878 0.0598
vn -0.0408 -0.9990 0.0170
vn -0.4429 -0.8471 0.2937
vn -0.1359 -0.9867 0.0894
vn -0.0404 -0.9989 0.0251
vn -0.9659 -0.1702 0.1950
vn -0.9106 -0.1688 0.3773
vn -0.8214 -0.1662 0.5457
vn -0.9235 -0.3354 0.1865
vn -0.8710 -0.3333 0.3611
vn -0.7862 -0.3294 0.5228
vn -0.9187 -0.3486 0.1855
vn -0.8668 -0.3456 0.3595
vn -0.7829 -0.3396 0.5212
vn -0.2814 -0.8571 0.4316
vn -0.0871 -0.9867 0.1370
vn -0.0245 -0.9989 0.0411
vn -0.1879 -0.8660 0.4633
vn -0.0579 -0.9879 0.1440
vn -0.0167 -0.9990 0.0415
vn -0.0978 -0.8648 0.4925
vn -0.0324 -0.9868 0.1588
vn -0.0109 -0.9988 0.0470
vn -0.5463 -0.1561 0.8229
vn -0.3782 -0.1505 0.9134
vn -0.1956 -0.1466 0.9697
vn -0.5244 -0.3145 0.7913
vn -0.3636 -0.3062 0.8798
vn -0.1882 -0.3003 0.9351
vn -0.5230 -0.3172 0.7911
vn -0.3628 -0.3048 0.8806
vn -0.1879 -0.2959 0.9366
vn -0.9320 -0.3104 0.1871
vn -0.8745 -0.3230 0.3618
vn -0.7808 -0.3454 0.5206
vn -0.9552 -0.2254 0.1918
vn -0.8978 -0.2368 0.3713
vn -0.8043 -0.2574 0.5356
vn -0.9679 -0.1593 0.1944
vn -0.9111 -0.1674 0.3766
vn -0.8187 -0.1826 0.5444
vn -0.5080 0.4363 0.7427
vn -0.3506 0.4320 0.8310
vn -0.1802 0.4298 0.8848
vn -0.5355 0.3261 0.7791
vn -0.3689 0.3232 0.8715
vn -0.1894 0.3217 0.9277
vn -0.5501 0.2489 0.7972
vn -0.3786 0.2470 0.8920
vn -0.1942 0.2461 0.9496
vn -0.9834 -0.0039 0.1815
vn -0.9346 -0.0025 0.3556
vn -0.8517 -0.0004 0.5240
vn -0.9710 -0.1569 0.1801
vn -0.9230 -0.1539 0.3528
vn -0.8411 -0.1497 0.5197
vn -0.8881 -0.4286 0.1664
vn -0.8450 -0.4239 0.3261
vn -0.7712 -0.4175 0.4806
vn -0.8744 0.4558 0.1662
vn -0.8306 0.4522 0.3250
vn -0.7563 0.4474 0.4774
vn -0.9245 0.3391 0.1742
vn -0.8779 0.3366 0.3407
vn -0.7989 0.3334 0.5005
vn -0.9500 0.2569 0.1777
vn -0.9021 0.2553 0.3478
vn -0.8212 0.2534 0.5113
vn -0.5636 0.1496 0.8124
vn -0.3876 0.1489 0.9097
vn -0.1985 0.1486 0.9688
vn -0.5668 0.1159 0.8156
vn -0.3897 0.1156 0.9137
vn -0.1995 0.1156 0.9731
vn -0.5688 0.0897 0.8176
vn -0.3910 0.0898 0.9160
vn -0.2002 0.0899 0.9756
vn -0.9718 0.1522 0.1801
vn -0.9234 0.1516 0.3527
vn -0.8411 0.1510 0.5193
vn -0.9767 0.1166 0.1804
vn -0.9282 0.1164 0.3535
vn -0.8457 0.1163 0.5208
vn -0.9796 0.0884 0.1806
vn -0.9311 0.0886 0.3540
vn -0.8485 0.0889 0.5217
vn -0.2527 -0.8928 0.3728
vn -0.1762 -0.8902 0.4200
vn -0.0911 -0.8889 0.4489
vn -0.1729 -0.9507 0.2576
vn -0.1208 -0.9494 0.2899
vn -0.0626 -0.9487 0.3098
vn -0.1616 -0.9565 0.2430
vn -0.1129 -0.9554 0.2729
vn -0.0586 -0.9548 0.2913
vn -0.4128 -0.6632 0.6243
vn -0.2865 -0.6599 0.6946
vn -0.1484 -0.6580 0.7383
vn -0.5510 -0.0731 0.8313
vn -0.3810 -0.0749 0.9216
vn -0.1969 -0.0759 0.9775
vn -0.4782 0.4993 0.7225
vn -0.3321 0.4921 0.8047
vn -0.1721 0.4879 0.8558
vn -0.4204 -0.9037 0.0813
vn -0.4016 -0.9018 0.1598
vn -0.3685 -0.8992 0.2361
vn -0.2875 -0.9561 0.0566
vn -0.2745 -0.9551 0.1111
vn -0.2517 -0.9538 0.1639
vn -0.2701 -0.9613 0.0540
vn -0.2575 -0.9605 0.1058
vn -0.2358 -0.9593 0.1556
vn -0.1196 0.7962 0.5932
vn -0.1326 0.7442 0.6546
vn -0.1678 0.5385 0.8258
vn -0.2303 0.7994 0.5549
vn -0.2558 0.7481 0.6123
vn -0.3253 0.5434 0.7739
vn -0.3292 0.8053 0.4931
vn -0.3664 0.7552 0.5435
vn -0.4688 0.5526 0.6891
vn -0.7189 -0.6797 0.1456
vn -0.6798 -0.6768 0.2826
vn -0.6157 -0.6725 0.4106
vn -0.9782 -0.0639 0.1975
vn -0.9217 -0.0656 0.3823
vn -0.8307 -0.0680 0.5526
vn -0.8277 0.5356 0.1673
vn -0.7837 0.5292 0.3253
vn -0.7110 0.5198 0.4735
vn -0.1910 -0.2906 0.9376
vn -0.1766 -0.4647 0.8677
vn -0.1720 -0.5031 0.8469
vn -0.3720 -0.2911 0.8814
vn -0.3433 -0.4667 0.8151
vn -0.3340 -0.5052 0.7957
vn -0.5402 -0.2924 0.7891
vn -0.4973 -0.4706 0.7288
vn -0.4833 -0.5093 0.7120
vn -0.5442 0.8320 0.1081
vn -0.5200 0.8274 0.2122
vn -0.4777 0.8208 0.3133
vn -0.6056 0.7869 0.1182
vn -0.5791 0.7814 0.2324
vn -0.5322 0.7737 0.3438
vn -0.7900 0.5941 0.1515
vn -0.7532 0.5868 0.2974
vn -0.6893 0.5765 0.4387
vn -0.0906 0.8929 0.4410
vn -0.0763 0.9318 0.3548
vn -0.0629 0.9623 0.2648
vn -0.1732 0.8932 0.4150
vn -0.1387 0.9329 0.3323
vn -0.1021 0.9643 0.2442
vn -0.2509 0.8923 0.3754
vn -0.1995 0.9314 0.3044
vn -0.1448 0.9621 0.2311
vn -0.9381 -0.2972 0.1779
vn -0.8897 -0.2962 0.3474
vn -0.8084 -0.2951 0.5093
vn -0.8572 -0.4883 0.1636
vn -0.8140 -0.4849 0.3199
vn -0.7407 -0.4806 0.4694
vn -0.8336 -0.5284 0.1607
vn -0.7912 -0.5249 0.3139
vn -0.7197 -0.5201 0.4599
vn 0.1395 0.7113 0.6889
vn 0.1240 0.7785 0.6153
vn 0.1285 0.7557 0.6421
vn 0.2698 0.7147 0.6453
vn 0.2389 0.7825 0.5750
vn 0.2466 0.7622 0.5985
vn 0.3880 0.7208 0.5744
vn 0.3417 0.7894 0.5100
vn 0.3512 0.7724 0.5293
vn -0.4481 0.8895 0.0892
vn -0.4219 0.8905 0.1702
vn -0.3819 0.8908 0.2463
vn -0.3609 0.9296 0.0752
vn -0.3382 0.9311 0.1364
vn -0.3099 0.9304 0.1959
vn -0.2696 0.9610 0.0618
vn -0.2488 0.9633 0.1004
vn -0.2355 0.9614 0.1423
vn 0.1840 -0.3940 0.9005
vn 0.1988 -0.1347 0.9707
vn 0.2009 0.0066 0.9796
vn 0.3584 -0.3970 0.8450
vn 0.3881 -0.1366 0.9114
vn 0.3924 0.0057 0.9198
vn 0.5195 -0.4027 0.7536
vn 0.5641 -0.1401 0.8137
vn 0.5708 0.0041 0.8210
vn 0.7405 0.4589 0.4911
vn 0.8224 0.4559 0.3403
vn 0.8734 0.4541 0.1761
vn 0.6849 0.5696 0.4544
vn 0.7611 0.5670 0.3150
vn 0.8083 0.5658 0.1631
vn 0.7138 0.5158 0.4738
vn 0.7930 0.5132 0.3284
vn 0.8419 0.5123 0.1699
vn 0.9789 -0.0561 0.1967
vn 0.9803 0.0070 0.1972
vn 0.9749 0.1047 0.1963
vn 0.9228 -0.0569 0.3810
vn 0.9243 0.0081 0.3817
vn 0.9189 0.1069 0.3798
vn 0.8320 -0.0598 0.5515
vn 0.8336 0.0087 0.5523
vn 0.8286 0.1094 0.5491
vn 0.5316 0.1963 0.8240
vn 0.3623 0.2213 0.9054
vn 0.1852 0.2390 0.9532
vn 0.5451 -0.0060 0.8383
vn 0.3745 0.0183 0.9271
vn 0.1925 0.0357 0.9806
vn 0.5414 -0.1524 0.8268
vn 0.3740 -0.1313 0.9181
vn 0.1931 -0.1159 0.9743
vn 0.9589 -0.2076 0.1933
vn 0.9778 -0.0722 0.1969
vn 0.9728 0.1238 0.1956
vn 0.9045 -0.2024 0.3754
vn 0.9215 -0.0658 0.3827
vn 0.9155 0.1311 0.3804
vn 0.8161 -0.1916 0.5453
vn 0.8296 -0.0526 0.5559
vn 0.8211 0.1460 0.5518
vn 0.5512 -0.0741 0.8311
vn 0.5535 0.0041 0.8328
vn 0.5505 0.1110 0.8274
vn 0.3804 -0.0828 0.9211
vn 0.3826 -0.0001 0.9239
vn 0.3808 0.1098 0.9181
vn 0.1963 -0.0895 0.9764
vn 0.1977 -0.0037 0.9803
vn 0.1969 0.1084 0.9744
vn 0.6722 0.5842 0.4548
vn 0.7565 0.5735 0.3145
vn 0.8069 0.5682 0.1615
vn 0.6037 0.6833 0.4107
vn 0.6803 0.6760 0.2832
vn 0.7258 0.6725 0.1450
vn 0.5817 0.7095 0.3978
vn 0.6543 0.7053 0.2729
vn 0.6972 0.7033 0.1391
vn 0.4905 0.4652 0.7369
vn 0.4528 0.5762 0.6805
vn 0.4719 0.5233 0.7096
vn 0.3390 0.4673 0.8165
vn 0.3126 0.5790 0.7531
vn 0.3257 0.5269 0.7851
vn 0.1752 0.4688 0.8658
vn 0.1614 0.5812 0.7976
vn 0.1681 0.5299 0.8313
vn 0.5763 0.8092 0.1145
vn 0.5661 0.8168 0.1112
vn 0.6523 0.7473 0.1266
vn 0.5507 0.8038 0.2250
vn 0.5407 0.8124 0.2184
vn 0.6219 0.7427 0.2484
vn 0.5065 0.7953 0.3331
vn 0.4963 0.8059 0.3228
vn 0.5691 0.7363 0.3661
vn 0.6504 0.6141 0.4470
vn 0.7244 0.6192 0.3030
vn 0.7682 0.6216 0.1533
vn 0.6942 0.5395 0.4765
vn 0.7699 0.5507 0.3223
vn 0.8150 0.5561 0.1631
vn 0.7309 0.4645 0.5000
vn 0.8085 0.4814 0.3385
vn 0.8549 0.4896 0.1716
vn 0.1429 0.6417 0.7535
vn 0.2824 0.6317 0.7220
vn 0.4208 0.6170 0.6650
vn 0.1275 0.7197 0.6825
vn 0.2521 0.7134 0.6538
vn 0.3763 0.7043 0.6020
vn 0.1243 0.7283 0.6738
vn 0.2452 0.7251 0.6436
vn 0.3646 0.7205 0.5899
vn 0.4995 -0.4091 0.7636
vn 0.5201 -0.3181 0.7927
vn 0.5353 -0.2299 0.8128
vn 0.3385 -0.4377 0.8330
vn 0.3543 -0.3462 0.8687
vn 0.3667 -0.2529 0.8953
vn 0.1723 -0.4572 0.8725
vn 0.1810 -0.3656 0.9130
vn 0.1882 -0.2691 0.9446
vn 0.7735 0.3577 0.5232
vn 0.8534 0.3807 0.3560
vn 0.9015 0.3928 0.1815
vn 0.7636 0.3920 0.5131
vn 0.8400 0.4152 0.3492
vn 0.8860 0.4281 0.1783
vn 0.7124 0.5156 0.4760
vn 0.7800 0.5360 0.3230
vn 0.8202 0.5478 0.1648
vn 0.1475 0.5743 0.8053
vn 0.2876 0.5819 0.7607
vn 0.4210 0.5932 0.6862
vn 0.1611 0.4591 0.8737
vn 0.3130 0.4747 0.8226
vn 0.4555 0.4971 0.7385
vn 0.1720 0.3490 0.9212
vn 0.3336 0.3715 0.8665
vn 0.4837 0.4034 0.7767
vn 0.1846 0.2158 0.9588
vn 0.3574 0.2427 0.9019
vn 0.5166 0.2812 0.8087
vn 0.1851 0.2563 0.9487
vn 0.3574 0.2817 0.8904
vn 0.5147 0.3181 0.7962
vn 0.1769 0.4031 0.8979
vn 0.3403 0.4238 0.8394
vn 0.4869 0.4537 0.7464
vn 0.5304 -0.8410 0.1067
vn 0.4897 -0.8482 0.2018
vn 0.4429 -0.8471 0.2937
vn 0.1600 -0.9866 0.0337
vn 0.1441 -0.9878 0.0598
vn 0.1359 -0.9867 0.0894
vn 0.0462 -0.9989 0.0111
vn 0.0408 -0.9990 0.0170
vn 0.0404 -0.9989 0.0251
vn 0.9659 -0.1702 0.1950
vn 0.9235 -0.3354 0.1865
vn 0.9187 -0.3486 0.1855
vn 0.9106 -0.1688 0.3773
vn 0.8710 -0.3333 0.3611
vn 0.8668 -0.3456 0.3595
vn 0.8214 -0.1662 0.5457
vn 0.7862 -0.3294 0.5228
vn 0.7829 -0.3396 0.5212
vn 0.2814 -0.8571 0.4316
vn 0.1879 -0.8660 0.4633
vn 0.0978 -0.8648 0.4925
vn 0.0871 -0.9867 0.1370
vn 0.0579 -0.9879 0.1440
vn 0.0324 -0.9868 0.1588
vn 0.0245 -0.9989 0.0411
vn 0.0167 -0.9990 0.0415
vn 0.0109 -0.9988 0.0470
vn 0.5463 -0.1561 0.8229
vn 0.5244 -0.3145 0.7913
vn 0.5230 -0.3172 0.7911
vn 0.3782 -0.1505 0.9134
vn 0.3636 -0.3062 0.8798
vn 0.3628 -0.3048 0.8806
vn 0.1956 -0.1466 0.9697
vn 0.1882 -0.3003 0.9351
vn 0.1879 -0.2959 0.9366
vn 0.9320 -0.3104 0.1871
vn 0.9552 -0.2254 0.1918
vn 0.9679 -0.1593 0.1944
vn 0.8745 -0.3230 0.3618
vn 0.8978 -0.2368 0.3713
vn 0.9111 -0.1674 0.3766
vn 0.7808 -0.3454 0.5206
vn 0.8043 -0.2574 0.5356
vn 0.8187 -0.1826 0.5444
vn 0.5080 0.4363 0.7427
vn 0.5355 0.3261 0.7791
vn 0.5501 0.2489 0.7972
vn 0.3506 0.4320 0.8310
vn 0.3689 0.3232 0.8715
vn 0.3786 0.2470 0.8920
vn 0.1802 0.4298 0.8848
vn 0.1894 0.3217 0.9277
vn 0.1942 0.2461 0.9496
vn 0.9834 -0.0039 0.1815
vn 0.9710 -0.1569 0.1801
vn 0.8881 -0.4286 0.1664
vn 0.9346 -0.0025 0.3556
vn 0.9230 -0.1539 0.3528
vn 0.8450 -0.4239 0.3261
vn 0.8517 -0.0004 0.5240
vn 0.8411 -0.1497 0.5197
vn 0.7712 -0.4175 0.4806
vn 0.8744 0.4558 0.1662
vn 0.9245 0.3391 0.1742
vn 0.9500 0.2569 0.1777
vn 0.8306 0.4522 0.3250
vn 0.8779 0.3366 0.3407
vn 0.9021 0.2553 0.3478
vn 0.7563 0.4474 0.4774
vn 0.7989 0.3334 0.5005
vn 0.8212 0.2534 0.5113
vn 0.5636 0.1496 0.8124
vn 0.5668 0.1159 0.8156
vn 0.5688 0.0897 0.8176
vn 0.3876 0.1489 0.9097
vn 0.3897 0.1156 0.9137
vn 0.3910 0.0898 0.9160
vn 0.1985 0.1486 0.9688
vn 0.1995 0.1156 0.9731
vn 0.2002 0.0899 0.9756
vn 0.9718 0.1522 0.1801
vn 0.9767 0.1166 0.1804
vn 0.9796 0.0884 0.1806
vn 0.9234 0.1516 0.3527
vn 0.9282 0.1164 0.3535
vn 0.9311 0.0886 0.3540
vn 0.8411 0.1510 0.5193
vn 0.8457 0.1163 0.5208
vn 0.8485 0.0889 0.5217
vn 0.2527 -0.8928 0.3728
vn 0.1729 -0.9507 0.2576
vn 0.1616 -0.9565 0.2430
vn 0.1762 -0.8902 0.4200
vn 0.1208 -0.9494 0.2899
vn 0.1129 -0.9554 0.2729
vn 0.0911 -0.8889 0.4489
vn 0.0626 -0.9487 0.3098
vn 0.0586 -0.9548 0.2913
vn 0.4128 -0.6632 0.6243
vn 0.5510 -0.0731 0.8313
vn 0.4782 0.4993 0.7225
vn 0.2865 -0.6599 0.6946
vn 0.3810 -0.0749 0.9216
vn 0.3321 0.4921 0.8047
vn 0.1484 -0.6580 0.7383
vn 0.1969 -0.0759 0.9775
vn 0.1721 0.4879 0.8558
vn 0.4204 -0.9037 0.0813
vn 0.2875 -0.9561 0.0566
vn 0.2701 -0.9613 0.0540
vn 0.4016 -0.9018 0.1598
vn 0.2745 -0.9551 0.1111
vn 0.2575 -0.9605 0.1058
vn 0.3685 -0.8992 0.2361
vn 0.2517 -0.9538 0.1639
vn 0.2358 -0.9593 0.1556
vn 0.1678 0.5385 0.8258
vn 0.1326 0.7442 0.6546
vn 0.1196 0.7962 0.5932
vn 0.3253 0.5434 0.7739
vn 0.2558 0.7481 0.6123
vn 0.2303 0.7994 0.5549
vn 0.4688 0.5526 0.6891
vn 0.3664 0.7552 0.5435
vn 0.3292 0.8053 0.4931
vn 0.7189 -0.6797 0.1456
vn 0.9782 -0.0639 0.1975
vn 0.8277 0.5356 0.1673
vn 0.6798 -0.6768 0.2826
vn 0.9217 -0.0656 0.3823
vn 0.7837 0.5292 0.3253
vn 0.6157 -0.6725 0.4106
vn 0.8307 -0.0680 0.5526
vn 0.7110 0.5198 0.4735
vn 0.1720 -0.5031 0.8469
vn 0.1766 -0.4647 0.8677
vn 0.1910 -0.2906 0.9376
vn 0.3340 -0.5052 0.7957
vn 0.3433 -0.4667 0.8151
vn 0.3720 -0.2911 0.8814
vn 0.4833 -0.5093 0.7120
vn 0.4973 -0.4706 0.7288
vn 0.5402 -0.2924 0.7891
vn 0.5442 0.8320 0.1081
vn 0.6056 0.7869 0.1182
vn 0.7900 0.5941 0.1515
vn 0.5200 0.8274 0.2122
vn 0.5791 0.7814 0.2324
vn 0.7532 0.5868 0.2974
vn 0.4777 0.8208 0.3133
vn 0.5322 0.7737 0.3438
vn 0.6893 0.5765 0.4387
vn 0.0629 0.9623 0.2648
vn 0.0763 0.9318 0.3548
vn 0.0906 0.8929 0.4410
vn 0.1021 0.9643 0.2442
vn 0.1387 0.9329 0.3323
vn 0.1732 0.8932 0.4151
vn 0.1448 0.9621 0.2311
vn 0.1995 0.9314 0.3044
vn 0.2509 0.8923 0.3754
vn 0.9381 -0.2972 0.1779
vn 0.8572 -0.4883 0.1636
vn 0.8336 -0.5284 0.1607
vn 0.8897 -0.2962 0.3474
vn 0.8140 -0.4849 0.3199
vn 0.7912 -0.5249 0.3139
vn 0.8084 -0.2951 0.5093
vn 0.7407 -0.4806 0.4694
vn 0.7197 -0.5201 0.4599
vn -0.1395 0.7113 -0.6889
vn -0.1240 0.7785 -0.6153
vn -0.1285 0.7557 -0.6421
vn -0.2698 0.7147 -0.6453
vn -0.2389 0.7825 -0.5750
vn -0.2466 0.7622 -0.5985
vn -0.3880 0.7208 -0.5744
vn -0.3417 0.7894 -0.5100
vn -0.3512 0.7724 -0.5293
vn 0.4481 0.8895 0.0892
vn 0.3609 0.9296 0.0752
vn 0.2696 0.9610 0.0618
vn 0.4219 0.8905 0.1702
vn 0.3382 0.9311 0.1364
vn 0.2488 0.9633 0.1004
vn 0.3819 0.8908 0.2463
vn 0.3099 0.9304 0.1959
vn 0.2355 0.9614 0.1423
vn -0.1840 -0.3940 -0.9005
vn -0.1988 -0.1347 -0.9707
vn -0.2009 0.0066 -0.9796
vn -0.3584 -0.3970 -0.8450
vn -0.3881 -0.1366 -0.9114
vn -0.3924 0.0057 -0.9198
vn -0.5195 -0.4027 -0.7536
vn -0.5641 -0.1401 -0.8137
vn -0.5708 0.0041 -0.8210
vn -0.7405 0.4589 -0.4911
vn -0.8224 0.4559 -0.3403
vn -0.8734 0.4541 -0.1761
vn -0.6849 0.5696 -0.4544
vn -0.7611 0.5670 -0.3150
vn -0.8083 0.5658 -0.1631
vn -0.7138 0.5158 -0.4738
vn -0.7930 0.5132 -0.3284
vn -0.8419 0.5123 -0.1699
vn -0.9789 -0.0561 -0.1967
vn -0.9803 0.0070 -0.1972
vn -0.9749 0.1047 -0.1963
vn -0.9228 -0.0569 -0.3810
vn -0.9243 0.0081 -0.3817
vn -0.9189 0.1069 -0.3798
vn -0.8320 -0.0598 -0.5515
vn -0.8336 0.0087 -0.5523
vn -0.8286 0.1094 -0.5491
vn -0.5316 0.1963 -0.8240
vn -0.3623 0.2213 -0.9054
vn -0.1852 0.2390 -0.9532
vn -0.5451 -0.0060 -0.8383
vn -0.3745 0.0183 -0.9271
vn -0.1925 0.0357 -0.9806
vn -0.5414 -0.1524 -0.8268
vn -0.3740 -0.1313 -0.9181
vn -0.1931 -0.1159 -0.9743
vn -0.9589 -0.2076 -0.1933
vn -0.9778 -0.0722 -0.1969
vn -0.9728 0.1238 -0.1956
vn -0.9045 -0.2024 -0.3754
vn -0.9215 -0.0658 -0.3827
vn -0.9155 0.1311 -0.3804
vn -0.8161 -0.1916 -0.5453
vn -0.8296 -0.0526 -0.5559
vn -0.8211 0.1460 -0.5518
vn -0.5512 -0.0741 -0.8311
vn -0.5535 0.0041 -0.8328
vn -0.5505 0.1110 -0.8274
vn -0.3804 -0.0828 -0.9211
vn -0.3826 -0.0001 -0.9239
vn -0.3808 0.1098 -0.9181
vn -0.1963 -0.0895 -0.9764
vn -0.1977 -0.0037 -0.9803
vn -0.1969 0.1084 -0.9744
vn -0.6722 0.5842 -0.4548
vn -0.7565 0.5735 -0.3145
vn -0.8069 0.5682 -0.1615
vn -0.6037 0.6833 -0.4107
vn -0.6803 0.6760 -0.2832
vn -0.7258 0.6725 -0.1450
vn -0.5817 0.7095 -0.3978
vn -0.6543 0.7053 -0.2729
vn -0.6972 0.7033 -0.1391
vn -0.4905 0.4652 -0.7369
vn -0.4528 0.5762 -0.6805
vn -0.4719 0.5233 -0.7096
vn -0.3390 0.4673 -0.8165
vn -0.3126 0.5790 -0.7531
vn -0.3257 0.5269 -0.7851
vn -0.1752 0.4688 -0.8658
vn -0.1614 0.5812 -0.7976
vn -0.1681 0.5299 -0.8313
vn -0.5763 0.8092 -0.1145
vn -0.5661 0.8168 -0.1112
vn -0.6523 0.7473 -0.1266
vn -0.5507 0.8038 -0.2250
vn -0.5407 0.8124 -0.2184
vn -0.6219 0.7427 -0.2484
vn -0.5065 0.7953 -0.3331
vn -0.4963 0.8059 -0.3228
vn -0.5691 0.7363 -0.3661
vn -0.6504 0.6141 -0.4470
vn -0.7244 0.6192 -0.3030
vn -0.7682 0.6216 -0.1533
vn -0.6942 0.5395 -0.4765
vn -0.7699 0.5507 -0.3223
vn -0.8150 0.5561 -0.1631
vn -0.7309 0.4645 -0.5000
vn -0.8085 0.4814 -0.3385
vn -0.8549 0.4896 -0.1716
vn -0.1429 0.6417 -0.7535
vn -0.2824 0.6317 -0.7220
vn -0.4208 0.6170 -0.6650
vn -0.1275 0.7197 -0.6825
vn -0.2521 0.7134 -0.6538
vn -0.3763 0.7043 -0.6020
vn -0.1243 0.7283 -0.6738
vn -0.2452 0.7251 -0.6436
vn -0.3646 0.7205 -0.5899
vn -0.4995 -0.4091 -0.7636
vn -0.5201 -0.3181 -0.7927
vn -0.5353 -0.2299 -0.8128
vn -0.3385 -0.4377 -0.8330
vn -0.3543 -0.3462 -0.8687
vn -0.3667 -0.2529 -0.8953
vn -0.1723 -0.4572 -0.8725
vn -0.1810 -0.3656 -0.9130
vn -0.1882 -0.2691 -0.9446
vn -0.7735 0.3577 -0.5232
vn -0.8534 0.3807 -0.3560
vn -0.9015 0.3928 -0.1815
vn -0.7636 0.3920 -0.5131
vn -0.8400 0.4152 -0.3492
vn -0.8860 0.4281 -0.1783
vn -0.7124 0.5156 -0.4760
vn -0.7800 0.5360 -0.3230
vn -0.8202 0.5478 -0.1648
vn -0.1475 0.5743 -0.8053
vn -0.2876 0.5819 -0.7607
vn -0.4210 0.5932 -0.6862
vn -0.1611 0.4591 -0.8737
vn -0.3130 0.4747 -0.8226
vn -0.4555 0.4971 -0.7385
vn -0.1720 0.3490 -0.9212
vn -0.3336 0.3715 -0.8665
vn -0.4837 0.4034 -0.7767
vn -0.1846 0.2158 -0.9588
vn -0.3574 0.2427 -0.9019
vn -0.5166 0.2812 -0.8087
vn -0.1851 0.2563 -0.9487
vn -0.3574 0.2817 -0.8904
vn -0.5147 0.3181 -0.7962
vn -0.1769 0.4031 -0.8979
vn -0.3403 0.4238 -0.8394
vn -0.4869 0.4537 -0.7464
vn -0.5304 -0.8410 -0.1067
vn -0.4897 -0.8482 -0.2018
vn -0.4429 -0.8471 -0.2937
vn -0.1600 -0.9866 -0.0337
vn -0.1441 -0.9878 -0.0598
vn -0.1359 -0.9867 -0.0894
vn -0.0462 -0.9989 -0.0111
vn -0.0408 -0.9990 -0.0170
vn -0.0404 -0.9989 -0.0251
vn -0.9659 -0.1702 -0.1950
vn -0.9235 -0.3354 -0.1865
vn -0.9187 -0.3486 -0.1855
vn -0.9106 -0.1688 -0.3773
vn -0.8710 -0.3333 -0.3611
vn -0.8668 -0.3456 -0.3595
vn -0.8214 -0.1662 -0.5457
vn -0.7862 -0.3294 -0.5228
vn -0.7829 -0.3396 -0.5212
vn -0.2814 -0.8571 -0.4316
vn -0.1879 -0.8660 -0.4633
vn -0.0978 -0.8648 -0.4925
vn -0.0871 -0.9867 -0.1370
vn -0.0579 -0.9879 -0.1440
vn -0.0324 -0.9868 -0.1588
vn -0.0245 -0.9989 -0.0411
vn -0.0167 -0.9990 -0.0415
vn -0.0109 -0.9988 -0.0470
vn -0.5463 -0.1561 -0.8229
vn -0.5244 -0.3145 -0.7913
vn -0.5230 -0.3172 -0.7911
vn -0.3782 -0.1505 -0.9134
vn -0.3636 -0.3062 -0.8798
vn -0.3628 -0.3048 -0.8806
vn -0.1956 -0.1466 -0.9697
vn -0.1882 -0.3003 -0.9351
vn -0.1879 -0.2959 -0.9366
vn -0.9320 -0.3104 -0.1871
vn -0.9552 -0.2254 -0.1918
vn -0.9679 -0.1593 -0.1944
vn -0.8745 -0.3230 -0.3618
vn -0.8978 -0.2368 -0.3713
vn -0.9111 -0.1674 -0.3766
vn -0.7808 -0.3454 -0.5206
vn -0.8043 -0.2574 -0.5356
vn -0.8187 -0.1826 -0.5444
vn -0.5080 0.4363 -0.7427
vn -0.5355 0.3261 -0.7791
vn -0.5501 0.2489 -0.7972
vn -0.3506 0.4320 -0.8310
vn -0.3689 0.3232 -0.8715
vn -0.3786 0.2470 -0.8920
vn -0.1802 0.4298 -0.8848
vn -0.1894 0.3217 -0.9277
vn -0.1942 0.2461 -0.9496
vn -0.9834 -0.0039 -0.1815
vn -0.9710 -0.1569 -0.1801
vn -0.8881 -0.4286 -0.1664
vn -0.9346 -0.0025 -0.3556
vn -0.9230 -0.1539 -0.3528
vn -0.8450 -0.4239 -0.3261
vn -0.8517 -0.0004 -0.5240
vn -0.8411 -0.1497 -0.5197
vn -0.7712 -0.4175 -0.4806
vn -0.8744 0.4558 -0.1662
vn -0.9245 0.3391 -0.1742
vn -0.9500 0.2569 -0.1777
vn -0.8306 0.4522 -0.3250
vn -0.8779 0.3366 -0.3407
vn -0.9021 0.2553 -0.3478
vn -0.7563 0.4474 -0.4774
vn -0.7989 0.3334 -0.5005
vn -0.8212 0.2534 -0.5113
vn -0.5636 0.1496 -0.8124
vn -0.5668 0.1159 -0.8156
vn -0.5688 0.0897 -0.8176
vn -0.3876 0.1489 -0.9097
vn -0.3897 0.1156 -0.9137
vn -0.3910 0.0898 -0.9160
vn -0.1985 0.1486 -0.9688
vn -0.1995 0.1156 -0.9731
vn -0.2002 0.0899 -0.9756
vn -0.9718 0.1522 -0.1801
vn -0.9767 0.1166 -0.1804
vn -0.9796 0.0884 -0.1806
vn -0.9234 0.1516 -0.3527
vn -0.9282 0.1164 -0.3535
vn -0.9311 0.0886 -0.3540
vn -0.8411 0.1510 -0.5193
vn -0.8457 0.1163 -0.5208
vn -0.8485 0.0889 -0.5217
vn -0.2527 -0.8928 -0.3728
vn -0.1729 -0.9507 -0.2576
vn -0.1616 -0.9565 -0.2430
vn -0.1762 -0.8902 -0.4200
vn -0.1208 -0.9494 -0.2899
vn -0.1129 -0.9554 -0.2729
vn -0.0911 -0.8889 -0.4489
vn -0.0626 -0.9487 -0.3098
vn -0.0586 -0.9548 -0.2913
vn -0.4128 -0.6632 -0.6243
vn -0.5510 -0.0731 -0.8313
vn -0.4782 0.4993 -0.7225
vn -0.2865 -0.6599 -0.6946
vn -0.3810 -0.0749 -0.9216
vn -0.3321 0.4921 -0.8047
vn -0.1484 -0.6580 -0.7383
vn -0.1969 -0.0759 -0.9775
vn -0.1721 0.4879 -0.8558
vn -0.4204 -0.9037 -0.0813
vn -0.2875 -0.9561 -0.0566
vn -0.2701 -0.9613 -0.0540
vn -0.4016 -0.9018 -0.1598
vn -0.2745 -0.9551 -0.1111
vn -0.2575 -0.9605 -0.1058
vn -0.3685 -0.8992 -0.2361
vn -0.2517 -0.9538 -0.1639
vn -0.2358 -0.9593 -0.1556
vn -0.1678 0.5385 -0.8258
vn -0.1326 0.7442 -0.6546
vn -0.1196 0.7962 -0.5932
vn -0.3253 0.5434 -0.7739
vn -0.2558 0.7481 -0.6123
vn -0.2303 0.7994 -0.5549
vn -0.4688 0.5526 -0.6891
vn -0.3664 0.7552 -0.5435
vn -0.3292 0.8053 -0.4931
vn -0.7189 -0.6797 -0.1456
vn -0.9782 -0.0639 -0.1975
vn -0.8277 0.5356 -0.1673
vn -0.6798 -0.6768 -0.2826
vn -0.9217 -0.0656 -0.3823
vn -0.7837 0.5292 -0.3253
vn -0.6157 -0.6725 -0.4106
vn -0.8307 -0.0680 -0.5526
vn -0.7110 0.5198 -0.4735
vn -0.1720 -0.5031 -0.8469
vn -0.1766 -0.4647 -0.8677
vn -0.1910 -0.2906 -0.9376
vn -0.3340 -0.5052 -0.7957
vn -0.3433 -0.4667 -0.8151
vn -0.3720 -0.2911 -0.8814
vn -0.4833 -0.5093 -0.7120
vn -0.4973 -0.4706 -0.7288
vn -0.5402 -0.2924 -0.7891
vn -0.5442 0.8320 -0.1081
vn -0.6056 0.7869 -0.1182
vn -0.7900 0.5941 -0.1515
vn -0.5200 0.8274 -0.2122
vn -0.5791 0.7814 -0.2324
vn -0.7532 0.5868 -0.2974
vn -0.4777 0.8208 -0.3133
vn -0.5322 0.7737 -0.3438
vn -0.6893 0.5765 -0.4387
vn -0.0629 0.9623 -0.2648
vn -0.0763 0.9318 -0.3548
vn -0.0905 0.8929 -0.4410
vn -0.1021 0.9643 -0.2442
vn -0.1387 0.9329 -0.3323
vn -0.1732 0.8932 -0.4151
vn -0.1448 0.9621 -0.2311
vn -0.1995 0.9314 -0.3044
vn -0.2509 0.8923 -0.3754
vn -0.9381 -0.2972 -0.1779
vn -0.8572 -0.4883 -0.1636
vn -0.8336 -0.5284 -0.1607
vn -0.8897 -0.2962 -0.3474
vn -0.8140 -0.4849 -0.3199
vn -0.7912 -0.5249 -0.3139
vn -0.8084 -0.2951 -0.5093
vn -0.7407 -0.4806 -0.4694
vn -0.7197 -0.5201 -0.4599
vn 0.1285 0.7557 -0.6421
vn 0.1240 0.7785 -0.6153
vn 0.1395 0.7113 -0.6889
vn 0.2466 0.7622 -0.5985
vn 0.2389 0.7825 -0.5750
vn 0.2698 0.7147 -0.6453
vn 0.3512 0.7724 -0.5293
vn 0.3417 0.7894 -0.5100
vn 0.3880 0.7208 -0.5744
vn -0.4481 0.8895 -0.0892
vn -0.3609 0.9296 -0.0752
vn -0.2696 0.9610 -0.0618
vn -0.4219 0.8905 -0.1702
vn -0.3382 0.9311 -0.1364
vn -0.2488 0.9633 -0.1004
vn -0.3819 0.8908 -0.2463
vn -0.3099 0.9304 -0.1959
vn -0.2355 0.9614 -0.1423
vn 0.2009 0.0066 -0.9796
vn 0.1988 -0.1347 -0.9707
vn 0.1840 -0.3940 -0.9005
vn 0.3924 0.0057 -0.9198
vn 0.3881 -0.1366 -0.9114
vn 0.3584 -0.3970 -0.8450
vn 0.5708 0.0041 -0.8210
vn 0.5641 -0.1401 -0.8137
vn 0.5195 -0.4027 -0.7536
vn 0.7405 0.4589 -0.4911
vn 0.6849 0.5696 -0.4544
vn 0.7138 0.5158 -0.4738
vn 0.8224 0.4559 -0.3403
vn 0.7611 0.5670 -0.3150
vn 0.7930 0.5132 -0.3284
vn 0.8734 0.4541 -0.1761
vn 0.8083 0.5658 -0.1631
vn 0.8419 0.5123 -0.1699
vn 0.9789 -0.0561 -0.1967
vn 0.9228 -0.0569 -0.3810
vn 0.8320 -0.0598 -0.5515
vn 0.9803 0.0070 -0.1972
vn 0.9243 0.0081 -0.3817
vn 0.8336 0.0087 -0.5523
vn 0.9749 0.1047 -0.1963
vn 0.9189 0.1069 -0.3798
vn 0.8286 0.1094 -0.5491
vn 0.5316 0.1963 -0.8240
vn 0.5451 -0.0060 -0.8383
vn 0.5414 -0.1524 -0.8268
vn 0.3623 0.2213 -0.9054
vn 0.3745 0.0183 -0.9271
vn 0.3740 -0.1313 -0.9181
vn 0.1852 0.2390 -0.9532
vn 0.1925 0.0357 -0.9806
vn 0.1931 -0.1159 -0.9743
vn 0.9589 -0.2076 -0.1933
vn 0.9045 -0.2024 -0.3754
vn 0.8161 -0.1916 -0.5453
vn 0.9778 -0.0722 -0.1969
vn 0.9215 -0.0658 -0.3827
vn 0.8296 -0.0526 -0.5559
vn 0.9728 0.1238 -0.1956
vn 0.9155 0.1311 -0.3804
vn 0.8211 0.1460 -0.5518
vn 0.5512 -0.0741 -0.8311
vn 0.3804 -0.0828 -0.9211
vn 0.1963 -0.0895 -0.9764
vn 0.5535 0.0041 -0.8328
vn 0.3826 -0.0001 -0.9239
vn 0.1977 -0.0037 -0.9803
vn 0.5505 0.1110 -0.8274
vn 0.3808 0.1098 -0.9181
vn 0.1969 0.1084 -0.9744
vn 0.6722 0.5842 -0.4548
vn 0.6037 0.6833 -0.4107
vn 0.5817 0.7095 -0.3978
vn 0.7565 0.5735 -0.3145
vn 0.6803 0.6760 -0.2832
vn 0.6543 0.7053 -0.2729
vn 0.8069 0.5682 -0.1615
vn 0.7258 0.6725 -0.1450
vn 0.6972 0.7032 -0.1391
vn 0.4905 0.4652 -0.7369
vn 0.3390 0.4673 -0.8165
vn 0.1752 0.4688 -0.8658
vn 0.4528 0.5762 -0.6805
vn 0.3126 0.5790 -0.7531
vn 0.1614 0.5812 -0.7976
vn 0.4719 0.5233 -0.7096
vn 0.3257 0.5269 -0.7851
vn 0.1681 0.5299 -0.8313
vn 0.5763 0.8092 -0.1145
vn 0.5507 0.8038 -0.2250
vn 0.5065 0.7953 -0.3331
vn 0.5661 0.8168 -0.1112
vn 0.5407 0.8124 -0.2184
vn 0.4963 0.8059 -0.3228
vn 0.6523 0.7473 -0.1266
vn 0.6219 0.7427 -0.2484
vn 0.5691 0.7363 -0.3661
vn 0.6504 0.6141 -0.4470
vn 0.6942 0.5395 -0.4765
vn 0.7309 0.4645 -0.5000
vn 0.7244 0.6192 -0.3030
vn 0.7699 0.5507 -0.3223
vn 0.8085 0.4814 -0.3385
vn 0.7682 0.6216 -0.1533
vn 0.8150 0.5561 -0.1631
vn 0.8549 0.4896 -0.1716
vn 0.1429 0.6417 -0.7535
vn 0.1275 0.7197 -0.6825
vn 0.1243 0.7283 -0.6738
vn 0.2824 0.6317 -0.7220
vn 0.2521 0.7134 -0.6538
vn 0.2452 0.7251 -0.6436
vn 0.4208 0.6170 -0.6650
vn 0.3763 0.7043 -0.6020
vn 0.3646 0.7205 -0.5899
vn 0.4995 -0.4091 -0.7636
vn 0.3385 -0.4377 -0.8330
vn 0.1723 -0.4572 -0.8725
vn 0.5201 -0.3181 -0.7927
vn 0.3543 -0.3462 -0.8687
vn 0.1810 -0.3656 -0.9130
vn 0.5353 -0.2299 -0.8128
vn 0.3667 -0.2529 -0.8953
vn 0.1882 -0.2691 -0.9446
vn 0.7735 0.3577 -0.5232
vn 0.7636 0.3920 -0.5131
vn 0.7124 0.5156 -0.4760
vn 0.8534 0.3807 -0.3560
vn 0.8400 0.4152 -0.3492
vn 0.7800 0.5360 -0.3230
vn 0.9015 0.3928 -0.1815
vn 0.8860 0.4281 -0.1783
vn 0.8202 0.5478 -0.1648
vn 0.1475 0.5743 -0.8053
vn 0.1611 0.4591 -0.8737
vn 0.1720 0.3490 -0.9212
vn 0.2876 0.5819 -0.7607
vn 0.3130 0.4747 -0.8226
vn 0.3336 0.3715 -0.8665
vn 0.4210 0.5932 -0.6862
vn 0.4555 0.4971 -0.7385
vn 0.4837 0.4034 -0.7767
vn 0.1846 0.2158 -0.9588
vn 0.1851 0.2563 -0.9487
vn 0.1769 0.4031 -0.8979
vn 0.3574 0.2427 -0.9019
vn 0.3574 0.2817 -0.8904
vn 0.3403 0.4238 -0.8394
vn 0.5166 0.2812 -0.8087
vn 0.5147 0.3181 -0.7962
vn 0.4869 0.4537 -0.7464
vn 0.5304 -0.8410 -0.1067
vn 0.1600 -0.9865 -0.0337
vn 0.0462 -0.9989 -0.0111
vn 0.4897 -0.8482 -0.2018
vn 0.1441 -0.9878 -0.0598
vn 0.0408 -0.9990 -0.0170
vn 0.4429 -0.8471 -0.2937
vn 0.1359 -0.9867 -0.0894
vn 0.0404 -0.9989 -0.0251
vn 0.9659 -0.1702 -0.1950
vn 0.9106 -0.1688 -0.3773
vn 0.8214 -0.1662 -0.5457
vn 0.9235 -0.3354 -0.1865
vn 0.8710 -0.3333 -0.3611
vn 0.7862 -0.3294 -0.5228
vn 0.9187 -0.3486 -0.1855
vn 0.8668 -0.3456 -0.3595
vn 0.7829 -0.3396 -0.5212
vn 0.2814 -0.8571 -0.4316
vn 0.0871 -0.9867 -0.1370
vn 0.0245 -0.9989 -0.0411
vn 0.1879 -0.8660 -0.4633
vn 0.0579 -0.9879 -0.1440
vn 0.0167 -0.9990 -0.0415
vn 0.0978 -0.8648 -0.4925
vn 0.0324 -0.9868 -0.1588
vn 0.0109 -0.9988 -0.0470
vn 0.5463 -0.1561 -0.8229
vn 0.3782 -0.1505 -0.9134
vn 0.1956 -0.1466 -0.9697
vn 0.5244 -0.3145 -0.7913
vn 0.3636 -0.3062 -0.8798
vn 0.1882 -0.3003 -0.9351
vn 0.5230 -0.3172 -0.7911
vn 0.3628 -0.3048 -0.8806
vn 0.1879 -0.2959 -0.9366
vn 0.9320 -0.3104 -0.1871
vn 0.8745 -0.3230 -0.3618
vn 0.7808 -0.3454 -0.5206
vn 0.9552 -0.2254 -0.1918
vn 0.8978 -0.2368 -0.3713
vn 0.8043 -0.2574 -0.5356
vn 0.9679 -0.1593 -0.1944
vn 0.9111 -0.1674 -0.3766
vn 0.8187 -0.1826 -0.5444
vn 0.5080 0.4363 -0.7427
vn 0.3506 0.4320 -0.8310
vn 0.1802 0.4298 -0.8848
vn 0.5355 0.3261 -0.7791
vn 0.3689 0.3232 -0.8715
vn 0.1894 0.3217 -0.9277
vn 0.5501 0.2489 -0.7972
vn 0.3786 0.2470 -0.8920
vn 0.1942 0.2461 -0.9496
vn 0.9834 -0.0039 -0.1815
vn 0.9346 -0.0025 -0.3556
vn 0.8517 -0.0004 -0.5240
vn 0.9710 -0.1569 -0.1801
vn 0.9230 -0.1539 -0.3528
vn 0.8411 -0.1497 -0.5197
vn 0.8881 -0.4286 -0.1664
vn 0.8450 -0.4239 -0.3261
vn 0.7712 -0.4175 -0.4806
vn 0.8744 0.4558 -0.1662
vn 0.8306 0.4522 -0.3250
vn 0.7563 0.4474 -0.4774
vn 0.9245 0.3391 -0.1742
vn 0.8779 0.3366 -0.3407
vn 0.7989 0.3334 -0.5005
vn 0.9500 0.2569 -0.1777
vn 0.9021 0.2553 -0.3478
vn 0.8212 0.2534 -0.5113
vn 0.5636 0.1496 -0.8124
vn 0.3876 0.1489 -0.9097
vn 0.1985 0.1486 -0.9688
vn 0.5668 0.1159 -0.8156
vn 0.3897 0.1156 -0.9137
vn 0.1995 0.1156 -0.9731
vn 0.5688 0.0897 -0.8176
vn 0.3910 0.0898 -0.9160
vn 0.2002 0.0899 -0.9756
vn 0.9718 0.1522 -0.1801
vn 0.9234 0.1516 -0.3527
vn 0.8411 0.1510 -0.5193
vn 0.9767 0.1166 -0.1804
vn 0.9282 0.1164 -0.3535
vn 0.8457 0.1163 -0.5208
vn 0.9796 0.0884 -0.1806
vn 0.9311 0.0886 -0.3540
vn 0.8485 0.0889 -0.5217
vn 0.2527 -0.8928 -0.3728
vn 0.1762 -0.8902 -0.4200
vn 0.0911 -0.8889 -0.4489
vn 0.1729 -0.9507 -0.2576
vn 0.1208 -0.9494 -0.2899
vn 0.0626 -0.9487 -0.3098
vn 0.1616 -0.9565 -0.2430
vn 0.1129 -0.9554 -0.2729
vn 0.0586 -0.9548 -0.2913
vn 0.4128 -0.6632 -0.6243
vn 0.2865 -0.6599 -0.6946
vn 0.1484 -0.6580 -0.7383
vn 0.5510 -0.0731 -0.8313
vn 0.3810 -0.0749 -0.9216
vn 0.1969 -0.0759 -0.9775
vn 0.4782 0.4993 -0.7225
vn 0.3321 0.4921 -0.8047
vn 0.1721 0.4879 -0.8558
vn 0.4204 -0.9037 -0.0813
vn 0.4016 -0.9018 -0.1598
vn 0.3685 -0.8992 -0.2361
vn 0.2875 -0.9561 -0.0566
vn 0.2745 -0.9551 -0.1111
vn 0.2517 -0.9538 -0.1639
vn 0.2701 -0.9613 -0.0540
vn 0.2575 -0.9605 -0.1058
vn 0.2358 -0.9593 -0.1556
vn 0.1196 0.7962 -0.5932
vn 0.1326 0.7442 -0.6546
vn 0.1678 0.5385 -0.8258
vn 0.2303 0.7994 -0.5549
vn 0.2558 0.7481 -0.6123
vn 0.3253 0.5434 -0.7739
vn 0.3292 0.8053 -0.4931
vn 0.3664 0.7552 -0.5435
vn 0.4688 0.5526 -0.6891
vn 0.7189 -0.6797 -0.1456
vn 0.6798 -0.6768 -0.2826
vn 0.6157 -0.6725 -0.4106
vn 0.9782 -0.0639 -0.1975
vn 0.9217 -0.0656 -0.3823
vn 0.8307 -0.0680 -0.5526
vn 0.8277 0.5356 -0.1673
vn 0.7837 0.5292 -0.3253
vn 0.7110 0.5198 -0.4735
vn 0.1910 -0.2906 -0.9376
vn 0.1766 -0.4647 -0.8677
vn 0.1720 -0.5031 -0.8469
vn 0.3720 -0.2911 -0.8814
vn 0.3433 -0.4667 -0.8151
vn 0.3340 -0.5052 -0.7957
vn 0.5402 -0.2924 -0.7891
vn 0.4973 -0.4706 -0.7288
vn 0.4833 -0.5093 -0.7120
vn 0.5442 0.8320 -0.1081
vn 0.5200 0.8274 -0.2122
vn 0.4777 0.8208 -0.3133
vn 0.6056 0.7869 -0.1182
vn 0.5791 0.7814 -0.2324
vn 0.5322 0.7737 -0.3438
vn 0.7900 0.5941 -0.1515
vn 0.7532 0.5868 -0.2974
vn 0.6893 0.5765 -0.4387
vn 0.0905 0.8929 -0.4410
vn 0.0763 0.9318 -0.3548
vn 0.0629 0.9623 -0.2648
vn 0.1732 0.8932 -0.4150
vn 0.1387 0.9329 -0.3323
vn 0.1021 0.9643 -0.2442
vn 0.2509 0.8923 -0.3754
vn 0.1995 0.9314 -0.3044
vn 0.1448 0.9621 -0.2311
vn 0.9381 -0.2972 -0.1779
vn 0.8897 -0.2962 -0.3474
vn 0.8084 -0.2951 -0.5093
vn 0.8572 -0.4883 -0.1636
vn 0.8140 -0.4849 -0.3199
vn 0.7407 -0.4806 -0.4694
vn 0.8336 -0.5284 -0.1607
vn 0.7912 -0.5249 -0.3139
vn 0.7197 -0.5201 -0.4599
vn -0.5568 -0.0630 0.8283
vn -0.3841 -0.0631 0.9211
vn -0.1979 -0.0632 0.9782
vn -0.5579 -0.0011 0.8299
vn -0.3849 -0.0011 0.9230
vn -0.1983 -0.0011 0.9801
vn -0.5569 0.0598 0.8284
vn -0.3842 0.0599 0.9213
vn -0.1979 0.0600 0.9784
vn 0.4481 0.8895 -0.0892
vn 0.4219 0.8905 -0.1702
vn 0.3819 0.8908 -0.2463
vn 0.3609 0.9296 -0.0752
vn 0.3382 0.9311 -0.1364
vn 0.3099 0.9304 -0.1959
vn 0.2696 0.9610 -0.0618
vn 0.2488 0.9633 -0.1004
vn 0.2355 0.9614 -0.1423
vn -0.1837 -0.3793 0.9068
vn -0.1899 -0.2898 0.9381
vn -0.1941 -0.2055 0.9592
vn -0.3565 -0.3804 0.8534
vn -0.3686 -0.2901 0.8832
vn -0.3768 -0.2054 0.9033
vn -0.5164 -0.3825 0.7662
vn -0.5341 -0.2910 0.7938
vn -0.5461 -0.2054 0.8121
vn 0.9794 -0.0620 -0.1923
vn 0.9255 -0.0622 -0.3736
vn 0.8371 -0.0625 -0.5435
vn 0.9813 -0.0011 -0.1926
vn 0.9273 -0.0011 -0.3743
vn 0.8387 -0.0011 -0.5446
vn 0.9796 0.0589 -0.1923
vn 0.9257 0.0590 -0.3737
vn 0.8372 0.0593 -0.5436
vn 0.5568 -0.0630 -0.8283
vn 0.3841 -0.0631 -0.9211
vn 0.1979 -0.0632 -0.9782
vn 0.5579 -0.0011 -0.8299
vn 0.3849 -0.0011 -0.9230
vn 0.1983 -0.0011 -0.9801
vn 0.5569 0.0598 -0.8284
vn 0.3842 0.0599 -0.9213
vn 0.1979 0.0600 -0.9784
vn -0.9794 -0.0620 -0.1923
vn -0.9813 -0.0011 -0.1926
vn -0.9796 0.0589 -0.1923
vn -0.9255 -0.0622 -0.3736
vn -0.9273 -0.0011 -0.3743
vn -0.9257 0.0590 -0.3737
vn -0.8371 -0.0625 -0.5435
vn -0.8387 -0.0011 -0.5446
vn -0.8372 0.0593 -0.5436
vn -0.5568 -0.0630 -0.8283
vn -0.5579 -0.0011 -0.8299
vn -0.5569 0.0598 -0.8284
vn -0.3841 -0.0631 -0.9211
vn -0.3849 -0.0011 -0.9230
vn -0.3842 0.0599 -0.9213
vn -0.1979 -0.0632 -0.9782
vn -0.1983 -0.0011 -0.9801
vn -0.1979 0.0600 -0.9784
vn 0.9794 -0.0620 0.1923
vn 0.9813 -0.0011 0.1926
vn 0.9796 0.0589 0.1923
vn 0.9255 -0.0622 0.3736
vn 0.9273 -0.0011 0.3743
vn 0.9257 0.0590 0.3737
vn 0.8371 -0.0625 0.5435
vn 0.8387 -0.0011 0.5446
vn 0.8372 0.0593 0.5436
vn 0.5568 -0.0630 0.8283
vn 0.5579 -0.0011 0.8299
vn 0.5569 0.0598 0.8284
vn 0.3841 -0.0631 0.9211
vn 0.3849 -0.0011 0.9230
vn 0.3842 0.0599 0.9213
vn 0.1979 -0.0632 0.9782
vn 0.1983 -0.0011 0.9801
vn 0.1979 0.0600 0.9784
vn -0.9794 -0.0620 0.1923
vn -0.9255 -0.0622 0.3736
vn -0.8371 -0.0625 0.5435
vn -0.9813 -0.0011 0.1926
vn -0.9273 -0.0011 0.3743
vn -0.8387 -0.0011 0.5446
vn -0.9796 0.0589 0.1923
vn -0.9257 0.0590 0.3737
vn -0.8372 0.0593 0.5436
vn 0.5461 -0.2054 0.8121
vn 0.3768 -0.2054 0.9033
vn 0.1941 -0.2055 0.9592
vn 0.5341 -0.2910 0.7938
vn 0.3686 -0.2901 0.8832
vn 0.1899 -0.2898 0.9381
vn 0.5164 -0.3825 0.7662
vn 0.3565 -0.3804 0.8534
vn 0.1837 -0.3793 0.9068
vn -0.9029 -0.3921 0.1764
vn -0.8543 -0.3902 0.3433
vn -0.7740 -0.3879 0.5005
vn -0.9378 -0.2945 0.1838
vn -0.8866 -0.2938 0.3573
vn -0.8023 -0.2930 0.5201
vn -0.9605 -0.2050 0.1885
vn -0.9077 -0.2050 0.3662
vn -0.8210 -0.2052 0.5328
vn -0.5461 -0.2054 -0.8121
vn -0.3768 -0.2054 -0.9033
vn -0.1941 -0.2055 -0.9592
vn -0.5341 -0.2910 -0.7938
vn -0.3686 -0.2901 -0.8832
vn -0.1899 -0.2898 -0.9381
vn -0.5164 -0.3825 -0.7662
vn -0.3565 -0.3804 -0.8534
vn -0.1837 -0.3793 -0.9068
vn 0.9029 -0.3921 0.1764
vn 0.9378 -0.2945 0.1838
vn 0.9605 -0.2050 0.1885
vn 0.8543 -0.3902 0.3433
vn 0.8866 -0.2938 0.3573
vn 0.9077 -0.2050 0.3662
vn 0.7740 -0.3879 0.5005
vn 0.8023 -0.2930 0.5201
vn 0.8210 -0.2052 0.5328
vn 0.1837 -0.3793 -0.9068
vn 0.1899 -0.2898 -0.9381
vn 0.1941 -0.2055 -0.9592
vn 0.3565 -0.3804 -0.8534
vn 0.3686 -0.2901 -0.8832
vn 0.3768 -0.2054 -0.9033
vn 0.5164 -0.3825 -0.7662
vn 0.5341 -0.2910 -0.7938
vn 0.5461 -0.2054 -0.8121
vn -0.9029 -0.3921 -0.1764
vn -0.9378 -0.2945 -0.1838
vn -0.9605 -0.2050 -0.1885
vn -0.8543 -0.3902 -0.3433
vn -0.8866 -0.2938 -0.3573
vn -0.9077 -0.2050 -0.3662
vn -0.7740 -0.3879 -0.5005
vn -0.8023 -0.2930 -0.5201
vn -0.8210 -0.2052 -0.5328
vn -0.5455 0.2092 0.8116
vn -0.3763 0.2096 0.9025
vn -0.1938 0.2100 0.9583
vn -0.5292 0.3166 0.7872
vn -0.3650 0.3172 0.8753
vn -0.1880 0.3177 0.9294
vn -0.5016 0.4376 0.7462
vn -0.3459 0.4384 0.8296
vn -0.1782 0.4390 0.8807
vn 0.9029 -0.3921 -0.1764
vn 0.8543 -0.3902 -0.3433
vn 0.7740 -0.3879 -0.5005
vn 0.9378 -0.2945 -0.1838
vn 0.8866 -0.2938 -0.3573
vn 0.8023 -0.2930 -0.5201
vn 0.9605 -0.2050 -0.1885
vn 0.9077 -0.2050 -0.3662
vn 0.8210 -0.2052 -0.5328
vn -0.4238 0.6503 0.6304
vn -0.2921 0.6511 0.7005
vn -0.1504 0.6517 0.7434
vn -0.3831 0.7271 0.5698
vn -0.2640 0.7278 0.6330
vn -0.1359 0.7284 0.6716
vn -0.3416 0.7906 0.5081
vn -0.2354 0.7913 0.5644
vn -0.1211 0.7918 0.5987
vn 0.9602 0.2063 -0.1885
vn 0.9073 0.2067 -0.3662
vn 0.8204 0.2076 -0.5327
vn 0.9322 0.3124 -0.1830
vn 0.8807 0.3131 -0.3555
vn 0.7962 0.3143 -0.5170
vn 0.8848 0.4324 -0.1737
vn 0.8358 0.4333 -0.3373
vn 0.7553 0.4348 -0.4904
vn 0.5455 0.2092 -0.8116
vn 0.3763 0.2096 -0.9025
vn 0.1938 0.2100 -0.9583
vn 0.5292 0.3166 -0.7872
vn 0.3650 0.3172 -0.8753
vn 0.1880 0.3177 -0.9294
vn 0.5016 0.4376 -0.7462
vn 0.3459 0.4384 -0.8296
vn 0.1782 0.4390 -0.8807
vn -0.9602 0.2063 -0.1885
vn -0.9322 0.3124 -0.1830
vn -0.8848 0.4324 -0.1737
vn -0.9073 0.2067 -0.3662
vn -0.8807 0.3131 -0.3555
vn -0.8358 0.4333 -0.3373
vn -0.8204 0.2076 -0.5327
vn -0.7962 0.3143 -0.5170
vn -0.7553 0.4348 -0.4904
vn -0.5455 0.2092 -0.8116
vn -0.5292 0.3166 -0.7872
vn -0.5016 0.4376 -0.7462
vn -0.3763 0.2096 -0.9025
vn -0.3650 0.3172 -0.8753
vn -0.3459 0.4384 -0.8296
vn -0.1938 0.2100 -0.9583
vn -0.1880 0.3177 -0.9294
vn -0.1782 0.4390 -0.8807
vn 0.9602 0.2063 0.1885
vn 0.9322 0.3124 0.1830
vn 0.8848 0.4324 0.1737
vn 0.9073 0.2067 0.3662
vn 0.8807 0.3131 0.3555
vn 0.8358 0.4333 0.3373
vn 0.8204 0.2076 0.5327
vn 0.7962 0.3143 0.5170
vn 0.7553 0.4348 0.4904
vn 0.5455 0.2092 0.8116
vn 0.5292 0.3166 0.7872
vn 0.5016 0.4376 0.7462
vn 0.3763 0.2096 0.9025
vn 0.3650 0.3172 0.8753
vn 0.3459 0.4384 0.8296
vn 0.1938 0.2100 0.9583
vn 0.1880 0.3177 0.9294
vn 0.1782 0.4390 0.8807
vn -0.9602 0.2063 0.1885
vn -0.9073 0.2067 0.3662
vn -0.8204 0.2076 0.5327
vn -0.9322 0.3124 0.1830
vn -0.8807 0.3131 0.3555
vn -0.7962 0.3143 0.5170
vn -0.8848 0.4324 0.1737
vn -0.8358 0.4333 0.3373
vn -0.7553 0.4348 0.4904
vn 0.7501 0.6448 -0.1472
vn 0.7081 0.6457 -0.2858
vn 0.6394 0.6473 -0.4150
vn 0.6790 0.7220 -0.1333
vn 0.6409 0.7228 -0.2586
vn 0.5784 0.7243 -0.3754
vn 0.6064 0.7862 -0.1190
vn 0.5722 0.7869 -0.2309
vn 0.5162 0.7882 -0.3350
vn 0.4238 0.6503 -0.6304
vn 0.2921 0.6511 -0.7005
vn 0.1504 0.6517 -0.7434
vn 0.3831 0.7271 -0.5698
vn 0.2640 0.7278 -0.6330
vn 0.1359 0.7284 -0.6716
vn 0.3416 0.7906 -0.5081
vn 0.2354 0.7913 -0.5644
vn 0.1211 0.7918 -0.5987
vn -0.7501 0.6448 -0.1472
vn -0.6790 0.7220 -0.1333
vn -0.6064 0.7862 -0.1190
vn -0.7081 0.6457 -0.2858
vn -0.6409 0.7228 -0.2586
vn -0.5722 0.7869 -0.2309
vn -0.6394 0.6473 -0.4150
vn -0.5784 0.7243 -0.3754
vn -0.5162 0.7882 -0.3350
vn -0.4238 0.6503 -0.6304
vn -0.3831 0.7271 -0.5698
vn -0.3416 0.7906 -0.5081
vn -0.2921 0.6511 -0.7005
vn -0.2640 0.7278 -0.6330
vn -0.2354 0.7913 -0.5644
vn -0.1504 0.6517 -0.7434
vn -0.1359 0.7284 -0.6716
vn -0.1211 0.7918 -0.5987
vn 0.7501 0.6448 0.1472
vn 0.6790 0.7220 0.1333
vn 0.6064 0.7862 0.1190
vn 0.7081 0.6457 0.2858
vn 0.6409 0.7228 0.2586
vn 0.5722 0.7869 0.2309
vn 0.6394 0.6473 0.4150
vn 0.5784 0.7243 0.3754
vn 0.5162 0.7882 0.3350
vn 0.4238 0.6503 0.6304
vn 0.3831 0.7271 0.5698
vn 0.3416 0.7906 0.5081
vn 0.2921 0.6511 0.7005
vn 0.2640 0.7278 0.6330
vn 0.2354 0.7913 0.5644
vn 0.1504 0.6517 0.7434
vn 0.1359 0.7284 0.6716
vn 0.1211 0.7918 0.5987
vn -0.7501 0.6448 0.1472
vn -0.7081 0.6457 0.2858
vn -0.6394 0.6473 0.4150
vn -0.6790 0.7220 0.1333
vn -0.6409 0.7228 0.2586
vn -0.5784 0.7243 0.3754
vn -0.6064 0.7862 0.1190
vn -0.5722 0.7869 0.2309
vn -0.5162 0.7882 0.3350
vn -0.0000 1.0000 -0.0000
vn -0.0000 0.9938 0.1114
vn 0.0319 0.9966 0.0758
vn 0.0801 0.9937 0.0785
vn 0.0776 0.9965 0.0315
vn 0.1134 0.9936 -0.0000
vn 0.0776 0.9965 -0.0315
vn 0.0801 0.9937 -0.0785
vn 0.0319 0.9966 -0.0758
vn -0.0000 0.9938 -0.1114
vn -0.0319 0.9966 -0.0758
vn -0.0801 0.9937 -0.0785
vn -0.0776 0.9965 -0.0315
vn -0.1134 0.9936 -0.0000
vn -0.0776 0.9965 0.0315
vn -0.0801 0.9937 0.0785
vn -0.0319 0.9966 0.0758
vn -0.1285 0.7557 0.6421
vn -0.1240 0.7785 0.6153
vn -0.1395 0.7113 0.6889
vn -0.2466 0.7622 0.5985
vn -0.2389 0.7825 0.5750
vn -0.2698 0.7147 0.6453
vn -0.3512 0.7724 0.5293
vn -0.3417 0.7894 0.5100
vn -0.3880 0.7208 0.5744
vn -0.0000 -1.0000 -0.0000
vn -0.0072 -1.0000 -0.0000
vn -0.0046 -1.0000 -0.0019
vn -0.0051 -1.0000 -0.0052
vn -0.0019 -1.0000 -0.0047
vn -0.0000 -1.0000 -0.0073
vn 0.0019 -1.0000 -0.0047
vn 0.0051 -1.0000 -0.0052
vn 0.0046 -1.0000 -0.0019
vn 0.0072 -1.0000 -0.0000
vn 0.0046 -1.0000 0.0019
vn 0.0051 -1.0000 0.0052
vn 0.0019 -1.0000 0.0047
vn -0.0000 -1.0000 0.0073
vn -0.0019 -1.0000 0.0047
vn -0.0051 -1.0000 0.0052
vn -0.0046 -1.0000 0.0019
vt 0.000000 0.000000
s 1
f 1265/1/1264 1266/1/1265 1269/1/1268 1268/1/1267
f 1266/1/1265 1267/1/1266 1270/1/1269 1269/1/1268
f 1268/1/1267 1269/1/1268 1272/1/1271 1271/1/1270
f 1269/1/1268 1270/1/1269 1273/1/1272 1272/1/1271
f 41/1/41 185/1/185 1265/1/1264 196/1/196
f 185/1/185 186/1/186 1266/1/1265 1265/1/1264
f 186/1/186 187/1/187 1267/1/1266 1266/1/1265
f 187/1/187 36/1/36 188/1/188 1267/1/1266
f 1267/1/1266 188/1/188 189/1/189 1270/1/1269
f 1270/1/1269 189/1/189 190/1/190 1273/1/1272
f 1273/1/1272 190/1/190 34/1/34 191/1/191
f 1272/1/1271 1273/1/1272 191/1/191 192/1/192
f 1271/1/1270 1272/1/1271 192/1/192 193/1/193
f 194/1/194 1271/1/1270 193/1/193 42/1/42
f 195/1/195 1268/1/1267 1271/1/1270 194/1/194
f 196/1/196 1265/1/1264 1268/1/1267 195/1/195
f 1274/1/1273 1275/1/1274 1278/1/1277 1277/1/1276
f 1275/1/1274 1276/1/1275 1279/1/1278 1278/1/1277
f 1277/1/1276 1278/1/1277 1281/1/1280 1280/1/1279
f 1278/1/1277 1279/1/1278 1282/1/1281 1281/1/1280
f 13/1/13 197/1/197 1274/1/1273 208/1/208
f 197/1/197 198/1/198 1275/1/1274 1274/1/1273
f 198/1/198 199/1/199 1276/1/1275 1275/1/1274
f 199/1/199 15/1/15 200/1/200 1276/1/1275
f 1276/1/1275 200/1/200 201/1/201 1279/1/1278
f 1279/1/1278 201/1/201 202/1/202 1282/1/1281
f 1282/1/1281 202/1/202 16/1/16 203/1/203
f 1281/1/1280 1282/1/1281 203/1/203 204/1/204
f 1280/1/1279 1281/1/1280 204/1/204 205/1/205
f 206/1/206 1280/1/1279 205/1/205 14/1/14
f 207/1/207 1277/1/1276 1280/1/1279 206/1/206
f 208/1/208 1274/1/1273 1277/1/1276 207/1/207
f 1283/1/1282 1284/1/1283 1287/1/1286 1286/1/1285
f 1284/1/1283 1285/1/1284 1288/1/1287 1287/1/1286
f 1286/1/1285 1287/1/1286 1290/1/1289 1289/1/1288
f 1287/1/1286 1288/1/1287 1291/1/1290 1290/1/1289
f 30/1/30 209/1/209 1283/1/1282 217/1/217
f 209/1/209 210/1/210 1284/1/1283 1283/1/1282
f 210/1/210 211/1/211 1285/1/1284 1284/1/1283
f 211/1/211 31/1/31 212/1/212 1285/1/1284
f 1285/1/1284 212/1/212 213/1/213 1288/1/1287
f 1288/1/1287 213/1/213 214/1/214 1291/1/1290
f 1291/1/1290 214/1/214 13/1/13 208/1/208
f 1290/1/1289 1291/1/1290 208/1/208 207/1/207
f 1289/1/1288 1290/1/1289 207/1/207 206/1/206
f 215/1/215 1289/1/1288 206/1/206 14/1/14
f 216/1/216 1286/1/1285 1289/1/1288 215/1/215
f 217/1/217 1283/1/1282 1286/1/1285 216/1/216
f 1292/1/1291 1293/1/1292 1296/1/1295 1295/1/1294
f 1293/1/1292 1294/1/1293 1297/1/1296 1296/1/1295
f 1295/1/1294 1296/1/1295 1299/1/1298 1298/1/1297
f 1296/1/1295 1297/1/1296 1300/1/1299 1299/1/1298
f 17/1/17 218/1/218 1292/1/1291 229/1/229
f 218/1/218 219/1/219 1293/1/1292 1292/1/1291
f 219/1/219 220/1/220 1294/1/1293 1293/1/1292
f 220/1/220 29/1/29 221/1/221 1294/1/1293
f 1294/1/1293 221/1/221 222/1/222 1297/1/1296
f 1297/1/1296 222/1/222 223/1/223 1300/1/1299
f 1300/1/1299 223/1/223 9/1/9 224/1/224
f 1299/1/1298 1300/1/1299 224/1/224 225/1/225
f 1298/1/1297 1299/1/1298 225/1/225 226/1/226
f 227/1/227 1298/1/1297 226/1/226 4/1/4
f 228/1/228 1295/1/1294 1298/1/1297 227/1/227
f 229/1/229 1292/1/1291 1295/1/1294 228/1/228
f 1301/1/1300 1302/1/1301 1305/1/1304 1304/1/1303
f 1302/1/1301 1303/1/1302 1306/1/1305 1305/1/1304
f 1304/1/1303 1305/1/1304 1308/1/1307 1307/1/1306
f 1305/1/1304 1306/1/1305 1309/1/1308 1308/1/1307
f 28/1/28 230/1/230 1301/1/1300 238/1/238
f 230/1/230 231/1/231 1302/1/1301 1301/1/1300
f 231/1/231 232/1/232 1303/1/1302 1302/1/1301
f 232/1/232 29/1/29 220/1/220 1303/1/1302
f 1303/1/1302 220/1/220 219/1/219 1306/1/1305
f 1306/1/1305 219/1/219 218/1/218 1309/1/1308
f 1309/1/1308 218/1/218 17/1/17 233/1/233
f 1308/1/1307 1309/1/1308 233/1/233 234/1/234
f 1307/1/1306 1308/1/1307 234/1/234 235/1/235
f 236/1/236 1307/1/1306 235/1/235 18/1/18
f 237/1/237 1304/1/1303 1307/1/1306 236/1/236
f 238/1/238 1301/1/1300 1304/1/1303 237/1/237
f 1310/1/1309 1311/1/1310 1314/1/1313 1313/1/1312
f 1311/1/1310 1312/1/1311 1315/1/1314 1314/1/1313
f 1313/1/1312 1314/1/1313 1317/1/1316 1316/1/1315
f 1314/1/1313 1315/1/1314 1318/1/1317 1317/1/1316
f 31/1/31 239/1/239 1310/1/1309 212/1/212
f 239/1/239 240/1/240 1311/1/1310 1310/1/1309
f 240/1/240 241/1/241 1312/1/1311 1311/1/1310
f 241/1/241 10/1/10 242/1/242 1312/1/1311
f 1312/1/1311 242/1/242 243/1/243 1315/1/1314
f 1315/1/1314 243/1/243 244/1/244 1318/1/1317
f 1318/1/1317 244/1/244 2/1/2 245/1/245
f 1317/1/1316 1318/1/1317 245/1/245 246/1/246
f 1316/1/1315 1317/1/1316 246/1/246 247/1/247
f 214/1/214 1316/1/1315 247/1/247 13/1/13
f 213/1/213 1313/1/1312 1316/1/1315 214/1/214
f 212/1/212 1310/1/1309 1313/1/1312 213/1/213
f 1319/1/1318 1320/1/1319 1323/1/1322 1322/1/1321
f 1320/1/1319 1321/1/1320 1324/1/1323 1323/1/1322
f 1322/1/1321 1323/1/1322 1326/1/1325 1325/1/1324
f 1323/1/1322 1324/1/1323 1327/1/1326 1326/1/1325
f 17/1/17 248/1/248 1319/1/1318 233/1/233
f 248/1/248 249/1/249 1320/1/1319 1319/1/1318
f 249/1/249 250/1/250 1321/1/1320 1320/1/1319
f 250/1/250 19/1/19 251/1/251 1321/1/1320
f 1321/1/1320 251/1/251 252/1/252 1324/1/1323
f 1324/1/1323 252/1/252 253/1/253 1327/1/1326
f 1327/1/1326 253/1/253 20/1/20 254/1/254
f 1326/1/1325 1327/1/1326 254/1/254 255/1/255
f 1325/1/1324 1326/1/1325 255/1/255 256/1/256
f 235/1/235 1325/1/1324 256/1/256 18/1/18
f 234/1/234 1322/1/1321 1325/1/1324 235/1/235
f 233/1/233 1319/1/1318 1322/1/1321 234/1/234
f 1328/1/1327 1329/1/1328 1332/1/1331 1331/1/1330
f 1329/1/1328 1330/1/1329 1333/1/1332 1332/1/1331
f 1331/1/1330 1332/1/1331 1335/1/1334 1334/1/1333
f 1332/1/1331 1333/1/1332 1336/1/1335 1335/1/1334
f 13/1/13 247/1/247 1328/1/1327 197/1/197
f 247/1/247 246/1/246 1329/1/1328 1328/1/1327
f 246/1/246 245/1/245 1330/1/1329 1329/1/1328
f 245/1/245 2/1/2 257/1/257 1330/1/1329
f 1330/1/1329 257/1/257 258/1/258 1333/1/1332
f 1333/1/1332 258/1/258 259/1/259 1336/1/1335
f 1336/1/1335 259/1/259 3/1/3 260/1/260
f 1335/1/1334 1336/1/1335 260/1/260 261/1/261
f 1334/1/1333 1335/1/1334 261/1/261 262/1/262
f 199/1/199 1334/1/1333 262/1/262 15/1/15
f 198/1/198 1331/1/1330 1334/1/1333 199/1/199
f 197/1/197 1328/1/1327 1331/1/1330 198/1/198
f 1337/1/1336 1338/1/1337 1341/1/1340 1340/1/1339
f 1338/1/1337 1339/1/1338 1342/1/1341 1341/1/1340
f 1340/1/1339 1341/1/1340 1344/1/1343 1343/1/1342
f 1341/1/1340 1342/1/1341 1345/1/1344 1344/1/1343
f 23/1/23 263/1/263 1337/1/1336 274/1/274
f 263/1/263 264/1/264 1338/1/1337 1337/1/1336
f 264/1/264 265/1/265 1339/1/1338 1338/1/1337
f 265/1/265 24/1/24 266/1/266 1339/1/1338
f 1339/1/1338 266/1/266 267/1/267 1342/1/1341
f 1342/1/1341 267/1/267 268/1/268 1345/1/1344
f 1345/1/1344 268/1/268 27/1/27 269/1/269
f 1344/1/1343 1345/1/1344 269/1/269 270/1/270
f 1343/1/1342 1344/1/1343 270/1/270 271/1/271
f 272/1/272 1343/1/1342 271/1/271 32/1/32
f 273/1/273 1340/1/1339 1343/1/1342 272/1/272
f 274/1/274 1337/1/1336 1340/1/1339 273/1/273
f 1346/1/1345 1347/1/1346 1350/1/1349 1349/1/1348
f 1347/1/1346 1348/1/1347 1351/1/1350 1350/1/1349
f 1349/1/1348 1350/1/1349 1353/1/1352 1352/1/1351
f 1350/1/1349 1351/1/1350 1354/1/1353 1353/1/1352
f 19/1/19 275/1/275 1346/1/1345 251/1/251
f 275/1/275 276/1/276 1347/1/1346 1346/1/1345
f 276/1/276 277/1/277 1348/1/1347 1347/1/1346
f 277/1/277 22/1/22 278/1/278 1348/1/1347
f 1348/1/1347 278/1/278 279/1/279 1351/1/1350
f 1351/1/1350 279/1/279 280/1/280 1354/1/1353
f 1354/1/1353 280/1/280 21/1/21 281/1/281
f 1353/1/1352 1354/1/1353 281/1/281 282/1/282
f 1352/1/1351 1353/1/1352 282/1/282 283/1/283
f 253/1/253 1352/1/1351 283/1/283 20/1/20
f 252/1/252 1349/1/1348 1352/1/1351 253/1/253
f 251/1/251 1346/1/1345 1349/1/1348 252/1/252
f 1355/1/1354 1356/1/1355 1359/1/1358 1358/1/1357
f 1356/1/1355 1357/1/1356 1360/1/1359 1359/1/1358
f 1358/1/1357 1359/1/1358 1362/1/1361 1361/1/1360
f 1359/1/1358 1360/1/1359 1363/1/1362 1362/1/1361
f 4/1/4 284/1/284 1355/1/1354 227/1/227
f 284/1/284 285/1/285 1356/1/1355 1355/1/1354
f 285/1/285 286/1/286 1357/1/1356 1356/1/1355
f 286/1/286 5/1/5 287/1/287 1357/1/1356
f 1357/1/1356 287/1/287 288/1/288 1360/1/1359
f 1360/1/1359 288/1/288 289/1/289 1363/1/1362
f 1363/1/1362 289/1/289 19/1/19 250/1/250
f 1362/1/1361 1363/1/1362 250/1/250 249/1/249
f 1361/1/1360 1362/1/1361 249/1/249 248/1/248
f 229/1/229 1361/1/1360 248/1/248 17/1/17
f 228/1/228 1358/1/1357 1361/1/1360 229/1/229
f 227/1/227 1355/1/1354 1358/1/1357 228/1/228
f 1364/1/1363 1365/1/1364 1368/1/1367 1367/1/1366
f 1365/1/1364 1366/1/1365 1369/1/1368 1368/1/1367
f 1367/1/1366 1368/1/1367 1371/1/1370 1370/1/1369
f 1368/1/1367 1369/1/1368 1372/1/1371 1371/1/1370
f 11/1/11 290/1/290 1364/1/1363 298/1/298
f 290/1/290 291/1/291 1365/1/1364 1364/1/1363
f 291/1/291 292/1/292 1366/1/1365 1365/1/1364
f 292/1/292 1/1/1 293/1/293 1366/1/1365
f 1366/1/1365 293/1/293 294/1/294 1369/1/1368
f 1369/1/1368 294/1/294 295/1/295 1372/1/1371
f 1372/1/1371 295/1/295 10/1/10 241/1/241
f 1371/1/1370 1372/1/1371 241/1/241 240/1/240
f 1370/1/1369 1371/1/1370 240/1/240 239/1/239
f 296/1/296 1370/1/1369 239/1/239 31/1/31
f 297/1/297 1367/1/1366 1370/1/1369 296/1/296
f 298/1/298 1364/1/1363 1367/1/1366 297/1/297
f 1373/1/1372 1374/1/1373 1377/1/1376 1376/1/1375
f 1374/1/1373 1375/1/1374 1378/1/1377 1377/1/1376
f 1376/1/1375 1377/1/1376 1380/1/1379 1379/1/1378
f 1377/1/1376 1378/1/1377 1381/1/1380 1380/1/1379
f 22/1/22 299/1/299 1373/1/1372 278/1/278
f 299/1/299 300/1/300 1374/1/1373 1373/1/1372
f 300/1/300 301/1/301 1375/1/1374 1374/1/1373
f 301/1/301 24/1/24 265/1/265 1375/1/1374
f 1375/1/1374 265/1/265 264/1/264 1378/1/1377
f 1378/1/1377 264/1/264 263/1/263 1381/1/1380
f 1381/1/1380 263/1/263 23/1/23 302/1/302
f 1380/1/1379 1381/1/1380 302/1/302 303/1/303
f 1379/1/1378 1380/1/1379 303/1/303 304/1/304
f 280/1/280 1379/1/1378 304/1/304 21/1/21
f 279/1/279 1376/1/1375 1379/1/1378 280/1/280
f 278/1/278 1373/1/1372 1376/1/1375 279/1/279
f 1382/1/1381 1383/1/1382 1386/1/1385 1385/1/1384
f 1383/1/1382 1384/1/1383 1387/1/1386 1386/1/1385
f 1385/1/1384 1386/1/1385 1389/1/1388 1388/1/1387
f 1386/1/1385 1387/1/1386 1390/1/1389 1389/1/1388
f 5/1/5 305/1/305 1382/1/1381 287/1/287
f 305/1/305 306/1/306 1383/1/1382 1382/1/1381
f 306/1/306 307/1/307 1384/1/1383 1383/1/1382
f 307/1/307 6/1/6 308/1/308 1384/1/1383
f 1384/1/1383 308/1/308 309/1/309 1387/1/1386
f 1387/1/1386 309/1/309 310/1/310 1390/1/1389
f 1390/1/1389 310/1/310 22/1/22 277/1/277
f 1389/1/1388 1390/1/1389 277/1/277 276/1/276
f 1388/1/1387 1389/1/1388 276/1/276 275/1/275
f 289/1/289 1388/1/1387 275/1/275 19/1/19
f 288/1/288 1385/1/1384 1388/1/1387 289/1/289
f 287/1/287 1382/1/1381 1385/1/1384 288/1/288
f 1391/1/1390 1392/1/1391 1395/1/1394 1394/1/1393
f 1392/1/1391 1393/1/1392 1396/1/1395 1395/1/1394
f 1394/1/1393 1395/1/1394 1398/1/1397 1397/1/1396
f 1395/1/1394 1396/1/1395 1399/1/1398 1398/1/1397
f 6/1/6 311/1/311 1391/1/1390 308/1/308
f 311/1/311 312/1/312 1392/1/1391 1391/1/1390
f 312/1/312 313/1/313 1393/1/1392 1392/1/1391
f 313/1/313 7/1/7 314/1/314 1393/1/1392
f 1393/1/1392 314/1/314 315/1/315 1396/1/1395
f 1396/1/1395 315/1/315 316/1/316 1399/1/1398
f 1399/1/1398 316/1/316 24/1/24 301/1/301
f 1398/1/1397 1399/1/1398 301/1/301 300/1/300
f 1397/1/1396 1398/1/1397 300/1/300 299/1/299
f 310/1/310 1397/1/1396 299/1/299 22/1/22
f 309/1/309 1394/1/1393 1397/1/1396 310/1/310
f 308/1/308 1391/1/1390 1394/1/1393 309/1/309
f 1400/1/1399 1401/1/1400 1404/1/1403 1403/1/1402
f 1401/1/1400 1402/1/1401 1405/1/1404 1404/1/1403
f 1403/1/1402 1404/1/1403 1407/1/1406 1406/1/1405
f 1404/1/1403 1405/1/1404 1408/1/1407 1407/1/1406
f 12/1/12 317/1/317 1400/1/1399 328/1/328
f 317/1/317 318/1/318 1401/1/1400 1400/1/1399
f 318/1/318 319/1/319 1402/1/1401 1401/1/1400
f 319/1/319 25/1/25 320/1/320 1402/1/1401
f 1402/1/1401 320/1/320 321/1/321 1405/1/1404
f 1405/1/1404 321/1/321 322/1/322 1408/1/1407
f 1408/1/1407 322/1/322 26/1/26 323/1/323
f 1407/1/1406 1408/1/1407 323/1/323 324/1/324
f 1406/1/1405 1407/1/1406 324/1/324 325/1/325
f 326/1/326 1406/1/1405 325/1/325 11/1/11
f 327/1/327 1403/1/1402 1406/1/1405 326/1/326
f 328/1/328 1400/1/1399 1403/1/1402 327/1/327
f 1409/1/1408 1410/1/1409 1413/1/1412 1412/1/1411
f 1410/1/1409 1411/1/1410 1414/1/1413 1413/1/1412
f 1412/1/1411 1413/1/1412 1416/1/1415 1415/1/1414
f 1413/1/1412 1414/1/1413 1417/1/1416 1416/1/1415
f 16/1/16 202/1/202 1409/1/1408 334/1/334
f 202/1/202 201/1/201 1410/1/1409 1409/1/1408
f 201/1/201 200/1/200 1411/1/1410 1410/1/1409
f 200/1/200 15/1/15 329/1/329 1411/1/1410
f 1411/1/1410 329/1/329 330/1/330 1414/1/1413
f 1414/1/1413 330/1/330 331/1/331 1417/1/1416
f 1417/1/1416 331/1/331 29/1/29 232/1/232
f 1416/1/1415 1417/1/1416 232/1/232 231/1/231
f 1415/1/1414 1416/1/1415 231/1/231 230/1/230
f 332/1/332 1415/1/1414 230/1/230 28/1/28
f 333/1/333 1412/1/1411 1415/1/1414 332/1/332
f 334/1/334 1409/1/1408 1412/1/1411 333/1/333
f 1418/1/1417 1419/1/1418 1422/1/1421 1421/1/1420
f 1419/1/1418 1420/1/1419 1423/1/1422 1422/1/1421
f 1421/1/1420 1422/1/1421 1425/1/1424 1424/1/1423
f 1422/1/1421 1423/1/1422 1426/1/1425 1425/1/1424
f 11/1/11 325/1/325 1418/1/1417 290/1/290
f 325/1/325 324/1/324 1419/1/1418 1418/1/1417
f 324/1/324 323/1/323 1420/1/1419 1419/1/1418
f 323/1/323 26/1/26 335/1/335 1420/1/1419
f 1420/1/1419 335/1/335 336/1/336 1423/1/1422
f 1423/1/1422 336/1/336 337/1/337 1426/1/1425
f 1426/1/1425 337/1/337 8/1/8 338/1/338
f 1425/1/1424 1426/1/1425 338/1/338 339/1/339
f 1424/1/1423 1425/1/1424 339/1/339 340/1/340
f 292/1/292 1424/1/1423 340/1/340 1/1/1
f 291/1/291 1421/1/1420 1424/1/1423 292/1/292
f 290/1/290 1418/1/1417 1421/1/1420 291/1/291
f 1427/1/1426 1428/1/1427 1431/1/1430 1430/1/1429
f 1428/1/1427 1429/1/1428 1432/1/1431 1431/1/1430
f 1430/1/1429 1431/1/1430 1434/1/1433 1433/1/1432
f 1431/1/1430 1432/1/1431 1435/1/1434 1434/1/1433
f 15/1/15 262/1/262 1427/1/1426 329/1/329
f 262/1/262 261/1/261 1428/1/1427 1427/1/1426
f 261/1/261 260/1/260 1429/1/1428 1428/1/1427
f 260/1/260 3/1/3 341/1/341 1429/1/1428
f 1429/1/1428 341/1/341 342/1/342 1432/1/1431
f 1432/1/1431 342/1/342 343/1/343 1435/1/1434
f 1435/1/1434 343/1/343 9/1/9 223/1/223
f 1434/1/1433 1435/1/1434 223/1/223 222/1/222
f 1433/1/1432 1434/1/1433 222/1/222 221/1/221
f 331/1/331 1433/1/1432 221/1/221 29/1/29
f 330/1/330 1430/1/1429 1433/1/1432 331/1/331
f 329/1/329 1427/1/1426 1430/1/1429 330/1/330
f 1436/1/1435 1437/1/1436 1440/1/1439 1439/1/1438
f 1437/1/1436 1438/1/1437 1441/1/1440 1440/1/1439
f 1439/1/1438 1440/1/1439 1443/1/1442 1442/1/1441
f 1440/1/1439 1441/1/1440 1444/1/1443 1443/1/1442
f 12/1/12 328/1/328 1436/1/1435 346/1/346
f 328/1/328 327/1/327 1437/1/1436 1436/1/1435
f 327/1/327 326/1/326 1438/1/1437 1437/1/1436
f 326/1/326 11/1/11 298/1/298 1438/1/1437
f 1438/1/1437 298/1/298 297/1/297 1441/1/1440
f 1441/1/1440 297/1/297 296/1/296 1444/1/1443
f 1444/1/1443 296/1/296 31/1/31 211/1/211
f 1443/1/1442 1444/1/1443 211/1/211 210/1/210
f 1442/1/1441 1443/1/1442 210/1/210 209/1/209
f 344/1/344 1442/1/1441 209/1/209 30/1/30
f 345/1/345 1439/1/1438 1442/1/1441 344/1/344
f 346/1/346 1436/1/1435 1439/1/1438 345/1/345
f 1445/1/1444 1446/1/1445 1449/1/1448 1448/1/1447
f 1446/1/1445 1447/1/1446 1450/1/1449 1449/1/1448
f 1448/1/1447 1449/1/1448 1452/1/1451 1451/1/1450
f 1449/1/1448 1450/1/1449 1453/1/1452 1452/1/1451
f 27/1/27 347/1/347 1445/1/1444 358/1/358
f 347/1/347 348/1/348 1446/1/1445 1445/1/1444
f 348/1/348 349/1/349 1447/1/1446 1446/1/1445
f 349/1/349 33/1/33 350/1/350 1447/1/1446
f 1447/1/1446 350/1/350 351/1/351 1450/1/1449
f 1450/1/1449 351/1/351 352/1/352 1453/1/1452
f 1453/1/1452 352/1/352 39/1/39 353/1/353
f 1452/1/1451 1453/1/1452 353/1/353 354/1/354
f 1451/1/1450 1452/1/1451 354/1/354 355/1/355
f 356/1/356 1451/1/1450 355/1/355 38/1/38
f 357/1/357 1448/1/1447 1451/1/1450 356/1/356
f 358/1/358 1445/1/1444 1448/1/1447 357/1/357
f 1454/1/1453 1455/1/1454 1458/1/1457 1457/1/1456
f 1455/1/1454 1456/1/1455 1459/1/1458 1458/1/1457
f 1457/1/1456 1458/1/1457 1461/1/1460 1460/1/1459
f 1458/1/1457 1459/1/1458 1462/1/1461 1461/1/1460
f 40/1/40 359/1/359 1454/1/1453 367/1/367
f 359/1/359 360/1/360 1455/1/1454 1454/1/1453
f 360/1/360 361/1/361 1456/1/1455 1455/1/1454
f 361/1/361 42/1/42 193/1/193 1456/1/1455
f 1456/1/1455 193/1/193 192/1/192 1459/1/1458
f 1459/1/1458 192/1/192 191/1/191 1462/1/1461
f 1462/1/1461 191/1/191 34/1/34 362/1/362
f 1461/1/1460 1462/1/1461 362/1/362 363/1/363
f 1460/1/1459 1461/1/1460 363/1/363 364/1/364
f 365/1/365 1460/1/1459 364/1/364 35/1/35
f 366/1/366 1457/1/1456 1460/1/1459 365/1/365
f 367/1/367 1454/1/1453 1457/1/1456 366/1/366
f 1463/1/1462 1464/1/1463 1467/1/1466 1466/1/1465
f 1464/1/1463 1465/1/1464 1468/1/1467 1467/1/1466
f 1466/1/1465 1467/1/1466 1470/1/1469 1469/1/1468
f 1467/1/1466 1468/1/1467 1471/1/1470 1470/1/1469
f 32/1/32 271/1/271 1463/1/1462 373/1/373
f 271/1/271 270/1/270 1464/1/1463 1463/1/1462
f 270/1/270 269/1/269 1465/1/1464 1464/1/1463
f 269/1/269 27/1/27 358/1/358 1465/1/1464
f 1465/1/1464 358/1/358 357/1/357 1468/1/1467
f 1468/1/1467 357/1/357 356/1/356 1471/1/1470
f 1471/1/1470 356/1/356 38/1/38 368/1/368
f 1470/1/1469 1471/1/1470 368/1/368 369/1/369
f 1469/1/1468 1470/1/1469 369/1/369 370/1/370
f 371/1/371 1469/1/1468 370/1/370 37/1/37
f 372/1/372 1466/1/1465 1469/1/1468 371/1/371
f 373/1/373 1463/1/1462 1466/1/1465 372/1/372
f 1472/1/1471 1473/1/1472 1476/1/1475 1475/1/1474
f 1473/1/1472 1474/1/1473 1477/1/1476 1476/1/1475
f 1475/1/1474 1476/1/1475 1479/1/1478 1478/1/1477
f 1476/1/1475 1477/1/1476 1480/1/1479 1479/1/1478
f 38/1/38 355/1/355 1472/1/1471 379/1/379
f 355/1/355 354/1/354 1473/1/1472 1472/1/1471
f 354/1/354 353/1/353 1474/1/1473 1473/1/1472
f 353/1/353 39/1/39 374/1/374 1474/1/1473
f 1474/1/1473 374/1/374 375/1/375 1477/1/1476
f 1477/1/1476 375/1/375 376/1/376 1480/1/1479
f 1480/1/1479 376/1/376 41/1/41 196/1/196
f 1479/1/1478 1480/1/1479 196/1/196 195/1/195
f 1478/1/1477 1479/1/1478 195/1/195 194/1/194
f 377/1/377 1478/1/1477 194/1/194 42/1/42
f 378/1/378 1475/1/1474 1478/1/1477 377/1/377
f 379/1/379 1472/1/1471 1475/1/1474 378/1/378
f 1481/1/1480 1482/1/1481 1485/1/1484 1484/1/1483
f 1482/1/1481 1483/1/1482 1486/1/1485 1485/1/1484
f 1484/1/1483 1485/1/1484 1488/1/1487 1487/1/1486
f 1485/1/1484 1486/1/1485 1489/1/1488 1488/1/1487
f 37/1/37 370/1/370 1481/1/1480 382/1/382
f 370/1/370 369/1/369 1482/1/1481 1481/1/1480
f 369/1/369 368/1/368 1483/1/1482 1482/1/1481
f 368/1/368 38/1/38 379/1/379 1483/1/1482
f 1483/1/1482 379/1/379 378/1/378 1486/1/1485
f 1486/1/1485 378/1/378 377/1/377 1489/1/1488
f 1489/1/1488 377/1/377 42/1/42 361/1/361
f 1488/1/1487 1489/1/1488 361/1/361 360/1/360
f 1487/1/1486 1488/1/1487 360/1/360 359/1/359
f 380/1/380 1487/1/1486 359/1/359 40/1/40
f 381/1/381 1484/1/1483 1487/1/1486 380/1/380
f 382/1/382 1481/1/1480 1484/1/1483 381/1/381
f 1490/1/1489 1491/1/1490 1494/1/1493 1493/1/1492
f 1491/1/1490 1492/1/1491 1495/1/1494 1494/1/1493
f 1493/1/1492 1494/1/1493 1497/1/1496 1496/1/1495
f 1494/1/1493 1495/1/1494 1498/1/1497 1497/1/1496
f 34/1/34 190/1/190 1490/1/1489 391/1/391
f 190/1/190 189/1/189 1491/1/1490 1490/1/1489
f 189/1/189 188/1/188 1492/1/1491 1491/1/1490
f 188/1/188 36/1/36 383/1/383 1492/1/1491
f 1492/1/1491 383/1/383 384/1/384 1495/1/1494
f 1495/1/1494 384/1/384 385/1/385 1498/1/1497
f 1498/1/1497 385/1/385 45/1/45 386/1/386
f 1497/1/1496 1498/1/1497 386/1/386 387/1/387
f 1496/1/1495 1497/1/1496 387/1/387 388/1/388
f 389/1/389 1496/1/1495 388/1/388 43/1/43
f 390/1/390 1493/1/1492 1496/1/1495 389/1/389
f 391/1/391 1490/1/1489 1493/1/1492 390/1/390
f 1499/1/1498 1500/1/1499 1503/1/1502 1502/1/1501
f 1500/1/1499 1501/1/1500 1504/1/1503 1503/1/1502
f 1502/1/1501 1503/1/1502 1506/1/1505 1505/1/1504
f 1503/1/1502 1504/1/1503 1507/1/1506 1506/1/1505
f 43/1/43 388/1/388 1499/1/1498 400/1/400
f 388/1/388 387/1/387 1500/1/1499 1499/1/1498
f 387/1/387 386/1/386 1501/1/1500 1500/1/1499
f 386/1/386 45/1/45 392/1/392 1501/1/1500
f 1501/1/1500 392/1/392 393/1/393 1504/1/1503
f 1504/1/1503 393/1/393 394/1/394 1507/1/1506
f 1507/1/1506 394/1/394 48/1/48 395/1/395
f 1506/1/1505 1507/1/1506 395/1/395 396/1/396
f 1505/1/1504 1506/1/1505 396/1/396 397/1/397
f 398/1/398 1505/1/1504 397/1/397 46/1/46
f 399/1/399 1502/1/1501 1505/1/1504 398/1/398
f 400/1/400 1499/1/1498 1502/1/1501 399/1/399
f 1508/1/1507 1509/1/1508 1512/1/1511 1511/1/1510
f 1509/1/1508 1510/1/1509 1513/1/1512 1512/1/1511
f 1511/1/1510 1512/1/1511 1515/1/1514 1514/1/1513
f 1512/1/1511 1513/1/1512 1516/1/1515 1515/1/1514
f 35/1/35 364/1/364 1508/1/1507 406/1/406
f 364/1/364 363/1/363 1509/1/1508 1508/1/1507
f 363/1/363 362/1/362 1510/1/1509 1509/1/1508
f 362/1/362 34/1/34 391/1/391 1510/1/1509
f 1510/1/1509 391/1/391 390/1/390 1513/1/1512
f 1513/1/1512 390/1/390 389/1/389 1516/1/1515
f 1516/1/1515 389/1/389 43/1/43 401/1/401
f 1515/1/1514 1516/1/1515 401/1/401 402/1/402
f 1514/1/1513 1515/1/1514 402/1/402 403/1/403
f 404/1/404 1514/1/1513 403/1/403 44/1/44
f 405/1/405 1511/1/1510 1514/1/1513 404/1/404
f 406/1/406 1508/1/1507 1511/1/1510 405/1/405
f 1517/1/1516 1518/1/1517 1521/1/1520 1520/1/1519
f 1518/1/1517 1519/1/1518 1522/1/1521 1521/1/1520
f 1520/1/1519 1521/1/1520 1524/1/1523 1523/1/1522
f 1521/1/1520 1522/1/1521 1525/1/1524 1524/1/1523
f 48/1/48 407/1/407 1517/1/1516 395/1/395
f 407/1/407 408/1/408 1518/1/1517 1517/1/1516
f 408/1/408 409/1/409 1519/1/1518 1518/1/1517
f 409/1/409 51/1/51 410/1/410 1519/1/1518
f 1519/1/1518 410/1/410 411/1/411 1522/1/1521
f 1522/1/1521 411/1/411 412/1/412 1525/1/1524
f 1525/1/1524 412/1/412 49/1/49 413/1/413
f 1524/1/1523 1525/1/1524 413/1/413 414/1/414
f 1523/1/1522 1524/1/1523 414/1/414 415/1/415
f 397/1/397 1523/1/1522 415/1/415 46/1/46
f 396/1/396 1520/1/1519 1523/1/1522 397/1/397
f 395/1/395 1517/1/1516 1520/1/1519 396/1/396
f 1526/1/1525 1527/1/1526 1530/1/1529 1529/1/1528
f 1527/1/1526 1528/1/1527 1531/1/1530 1530/1/1529
f 1529/1/1528 1530/1/1529 1533/1/1532 1532/1/1531
f 1530/1/1529 1531/1/1530 1534/1/1533 1533/1/1532
f 44/1/44 403/1/403 1526/1/1525 421/1/421
f 403/1/403 402/1/402 1527/1/1526 1526/1/1525
f 402/1/402 401/1/401 1528/1/1527 1527/1/1526
f 401/1/401 43/1/43 400/1/400 1528/1/1527
f 1528/1/1527 400/1/400 399/1/399 1531/1/1530
f 1531/1/1530 399/1/399 398/1/398 1534/1/1533
f 1534/1/1533 398/1/398 46/1/46 416/1/416
f 1533/1/1532 1534/1/1533 416/1/416 417/1/417
f 1532/1/1531 1533/1/1532 417/1/417 418/1/418
f 419/1/419 1532/1/1531 418/1/418 47/1/47
f 420/1/420 1529/1/1528 1532/1/1531 419/1/419
f 421/1/421 1526/1/1525 1529/1/1528 420/1/420
f 1535/1/1534 1536/1/1535 1539/1/1538 1538/1/1537
f 1536/1/1535 1537/1/1536 1540/1/1539 1539/1/1538
f 1538/1/1537 1539/1/1538 1542/1/1541 1541/1/1540
f 1539/1/1538 1540/1/1539 1543/1/1542 1542/1/1541
f 51/1/51 422/1/422 1535/1/1534 410/1/410
f 422/1/422 423/1/423 1536/1/1535 1535/1/1534
f 423/1/423 424/1/424 1537/1/1536 1536/1/1535
f 424/1/424 54/1/54 425/1/425 1537/1/1536
f 1537/1/1536 425/1/425 426/1/426 1540/1/1539
f 1540/1/1539 426/1/426 427/1/427 1543/1/1542
f 1543/1/1542 427/1/427 52/1/52 428/1/428
f 1542/1/1541 1543/1/1542 428/1/428 429/1/429
f 1541/1/1540 1542/1/1541 429/1/429 430/1/430
f 412/1/412 1541/1/1540 430/1/430 49/1/49
f 411/1/411 1538/1/1537 1541/1/1540 412/1/412
f 410/1/410 1535/1/1534 1538/1/1537 411/1/411
f 1544/1/1543 1545/1/1544 1548/1/1547 1547/1/1546
f 1545/1/1544 1546/1/1545 1549/1/1548 1548/1/1547
f 1547/1/1546 1548/1/1547 1551/1/1550 1550/1/1549
f 1548/1/1547 1549/1/1548 1552/1/1551 1551/1/1550
f 47/1/47 418/1/418 1544/1/1543 436/1/436
f 418/1/418 417/1/417 1545/1/1544 1544/1/1543
f 417/1/417 416/1/416 1546/1/1545 1545/1/1544
f 416/1/416 46/1/46 415/1/415 1546/1/1545
f 1546/1/1545 415/1/415 414/1/414 1549/1/1548
f 1549/1/1548 414/1/414 413/1/413 1552/1/1551
f 1552/1/1551 413/1/413 49/1/49 431/1/431
f 1551/1/1550 1552/1/1551 431/1/431 432/1/432
f 1550/1/1549 1551/1/1550 432/1/432 433/1/433
f 434/1/434 1550/1/1549 433/1/433 50/1/50
f 435/1/435 1547/1/1546 1550/1/1549 434/1/434
f 436/1/436 1544/1/1543 1547/1/1546 435/1/435
f 1553/1/1552 1554/1/1553 1557/1/1556 1556/1/1555
f 1554/1/1553 1555/1/1554 1558/1/1557 1557/1/1556
f 1556/1/1555 1557/1/1556 1560/1/1559 1559/1/1558
f 1557/1/1556 1558/1/1557 1561/1/1560 1560/1/1559
f 178/1/178 437/1/437 1553/1/1552 448/1/448
f 437/1/437 438/1/438 1554/1/1553 1553/1/1552
f 438/1/438 439/1/439 1555/1/1554 1554/1/1553
f 439/1/439 57/1/57 440/1/440 1555/1/1554
f 1555/1/1554 440/1/440 441/1/441 1558/1/1557
f 1558/1/1557 441/1/441 442/1/442 1561/1/1560
f 1561/1/1560 442/1/442 55/1/55 443/1/443
f 1560/1/1559 1561/1/1560 443/1/443 444/1/444
f 1559/1/1558 1560/1/1559 444/1/444 445/1/445
f 446/1/446 1559/1/1558 445/1/445 177/1/177
f 447/1/447 1556/1/1555 1559/1/1558 446/1/446
f 448/1/448 1553/1/1552 1556/1/1555 447/1/447
f 1562/1/1561 1563/1/1562 1566/1/1565 1565/1/1564
f 1563/1/1562 1564/1/1563 1567/1/1566 1566/1/1565
f 1565/1/1564 1566/1/1565 1569/1/1568 1568/1/1567
f 1566/1/1565 1567/1/1566 1570/1/1569 1569/1/1568
f 50/1/50 433/1/433 1562/1/1561 454/1/454
f 433/1/433 432/1/432 1563/1/1562 1562/1/1561
f 432/1/432 431/1/431 1564/1/1563 1563/1/1562
f 431/1/431 49/1/49 430/1/430 1564/1/1563
f 1564/1/1563 430/1/430 429/1/429 1567/1/1566
f 1567/1/1566 429/1/429 428/1/428 1570/1/1569
f 1570/1/1569 428/1/428 52/1/52 449/1/449
f 1569/1/1568 1570/1/1569 449/1/449 450/1/450
f 1568/1/1567 1569/1/1568 450/1/450 451/1/451
f 452/1/452 1568/1/1567 451/1/451 53/1/53
f 453/1/453 1565/1/1564 1568/1/1567 452/1/452
f 454/1/454 1562/1/1561 1565/1/1564 453/1/453
f 1571/1/1570 1572/1/1571 1575/1/1574 1574/1/1573
f 1572/1/1571 1573/1/1572 1576/1/1575 1575/1/1574
f 1574/1/1573 1575/1/1574 1578/1/1577 1577/1/1576
f 1575/1/1574 1576/1/1575 1579/1/1578 1578/1/1577
f 33/1/33 455/1/455 1571/1/1570 466/1/466
f 455/1/455 456/1/456 1572/1/1571 1571/1/1570
f 456/1/456 457/1/457 1573/1/1572 1572/1/1571
f 457/1/457 7/1/7 458/1/458 1573/1/1572
f 1573/1/1572 458/1/458 459/1/459 1576/1/1575
f 1576/1/1575 459/1/459 460/1/460 1579/1/1578
f 1579/1/1578 460/1/460 71/1/71 461/1/461
f 1578/1/1577 1579/1/1578 461/1/461 462/1/462
f 1577/1/1576 1578/1/1577 462/1/462 463/1/463
f 464/1/464 1577/1/1576 463/1/463 74/1/74
f 465/1/465 1574/1/1573 1577/1/1576 464/1/464
f 466/1/466 1571/1/1570 1574/1/1573 465/1/465
f 1580/1/1579 1581/1/1580 1584/1/1583 1583/1/1582
f 1581/1/1580 1582/1/1581 1585/1/1584 1584/1/1583
f 1583/1/1582 1584/1/1583 1587/1/1586 1586/1/1585
f 1584/1/1583 1585/1/1584 1588/1/1587 1587/1/1586
f 179/1/179 467/1/467 1580/1/1579 475/1/475
f 467/1/467 468/1/468 1581/1/1580 1580/1/1579
f 468/1/468 469/1/469 1582/1/1581 1581/1/1580
f 469/1/469 177/1/177 445/1/445 1582/1/1581
f 1582/1/1581 445/1/445 444/1/444 1585/1/1584
f 1585/1/1584 444/1/444 443/1/443 1588/1/1587
f 1588/1/1587 443/1/443 55/1/55 470/1/470
f 1587/1/1586 1588/1/1587 470/1/470 471/1/471
f 1586/1/1585 1587/1/1586 471/1/471 472/1/472
f 473/1/473 1586/1/1585 472/1/472 56/1/56
f 474/1/474 1583/1/1582 1586/1/1585 473/1/473
f 475/1/475 1580/1/1579 1583/1/1582 474/1/474
f 1589/1/1588 1590/1/1589 1593/1/1592 1592/1/1591
f 1590/1/1589 1591/1/1590 1594/1/1593 1593/1/1592
f 1592/1/1591 1593/1/1592 1596/1/1595 1595/1/1594
f 1593/1/1592 1594/1/1593 1597/1/1596 1596/1/1595
f 36/1/36 187/1/187 1589/1/1588 484/1/484
f 187/1/187 186/1/186 1590/1/1589 1589/1/1588
f 186/1/186 185/1/185 1591/1/1590 1590/1/1589
f 185/1/185 41/1/41 476/1/476 1591/1/1590
f 1591/1/1590 476/1/476 477/1/477 1594/1/1593
f 1594/1/1593 477/1/477 478/1/478 1597/1/1596
f 1597/1/1596 478/1/478 85/1/85 479/1/479
f 1596/1/1595 1597/1/1596 479/1/479 480/1/480
f 1595/1/1594 1596/1/1595 480/1/480 481/1/481
f 482/1/482 1595/1/1594 481/1/481 80/1/80
f 483/1/483 1592/1/1591 1595/1/1594 482/1/482
f 484/1/484 1589/1/1588 1592/1/1591 483/1/483
f 1598/1/1597 1599/1/1598 1602/1/1601 1601/1/1600
f 1599/1/1598 1600/1/1599 1603/1/1602 1602/1/1601
f 1601/1/1600 1602/1/1601 1605/1/1604 1604/1/1603
f 1602/1/1601 1603/1/1602 1606/1/1605 1605/1/1604
f 60/1/60 485/1/485 1598/1/1597 496/1/496
f 485/1/485 486/1/486 1599/1/1598 1598/1/1597
f 486/1/486 487/1/487 1600/1/1599 1599/1/1598
f 487/1/487 61/1/61 488/1/488 1600/1/1599
f 1600/1/1599 488/1/488 489/1/489 1603/1/1602
f 1603/1/1602 489/1/489 490/1/490 1606/1/1605
f 1606/1/1605 490/1/490 63/1/63 491/1/491
f 1605/1/1604 1606/1/1605 491/1/491 492/1/492
f 1604/1/1603 1605/1/1604 492/1/492 493/1/493
f 494/1/494 1604/1/1603 493/1/493 62/1/62
f 495/1/495 1601/1/1600 1604/1/1603 494/1/494
f 496/1/496 1598/1/1597 1601/1/1600 495/1/495
f 1607/1/1606 1608/1/1607 1611/1/1610 1610/1/1609
f 1608/1/1607 1609/1/1608 1612/1/1611 1611/1/1610
f 1610/1/1609 1611/1/1610 1614/1/1613 1613/1/1612
f 1611/1/1610 1612/1/1611 1615/1/1614 1614/1/1613
f 77/1/77 497/1/497 1607/1/1606 505/1/505
f 497/1/497 498/1/498 1608/1/1607 1607/1/1606
f 498/1/498 499/1/499 1609/1/1608 1608/1/1607
f 499/1/499 61/1/61 487/1/487 1609/1/1608
f 1609/1/1608 487/1/487 486/1/486 1612/1/1611
f 1612/1/1611 486/1/486 485/1/485 1615/1/1614
f 1615/1/1614 485/1/485 60/1/60 500/1/500
f 1614/1/1613 1615/1/1614 500/1/500 501/1/501
f 1613/1/1612 1614/1/1613 501/1/501 502/1/502
f 503/1/503 1613/1/1612 502/1/502 78/1/78
f 504/1/504 1610/1/1609 1613/1/1612 503/1/503
f 505/1/505 1607/1/1606 1610/1/1609 504/1/504
f 1616/1/1615 1617/1/1616 1620/1/1619 1619/1/1618
f 1617/1/1616 1618/1/1617 1621/1/1620 1620/1/1619
f 1619/1/1618 1620/1/1619 1623/1/1622 1622/1/1621
f 1620/1/1619 1621/1/1620 1624/1/1623 1623/1/1622
f 64/1/64 506/1/506 1616/1/1615 514/1/514
f 506/1/506 507/1/507 1617/1/1616 1616/1/1615
f 507/1/507 508/1/508 1618/1/1617 1617/1/1616
f 508/1/508 4/1/4 226/1/226 1618/1/1617
f 1618/1/1617 226/1/226 225/1/225 1621/1/1620
f 1621/1/1620 225/1/225 224/1/224 1624/1/1623
f 1624/1/1623 224/1/224 9/1/9 509/1/509
f 1623/1/1622 1624/1/1623 509/1/509 510/1/510
f 1622/1/1621 1623/1/1622 510/1/510 511/1/511
f 512/1/512 1622/1/1621 511/1/511 76/1/76
f 513/1/513 1619/1/1618 1622/1/1621 512/1/512
f 514/1/514 1616/1/1615 1619/1/1618 513/1/513
f 1625/1/1624 1626/1/1625 1629/1/1628 1628/1/1627
f 1626/1/1625 1627/1/1626 1630/1/1629 1629/1/1628
f 1628/1/1627 1629/1/1628 1632/1/1631 1631/1/1630
f 1629/1/1628 1630/1/1629 1633/1/1632 1632/1/1631
f 75/1/75 515/1/515 1625/1/1624 523/1/523
f 515/1/515 516/1/516 1626/1/1625 1625/1/1624
f 516/1/516 517/1/517 1627/1/1626 1626/1/1625
f 517/1/517 65/1/65 518/1/518 1627/1/1626
f 1627/1/1626 518/1/518 519/1/519 1630/1/1629
f 1630/1/1629 519/1/519 520/1/520 1633/1/1632
f 1633/1/1632 520/1/520 64/1/64 514/1/514
f 1632/1/1631 1633/1/1632 514/1/514 513/1/513
f 1631/1/1630 1632/1/1631 513/1/513 512/1/512
f 521/1/521 1631/1/1630 512/1/512 76/1/76
f 522/1/522 1628/1/1627 1631/1/1630 521/1/521
f 523/1/523 1625/1/1624 1628/1/1627 522/1/522
f 1634/1/1633 1635/1/1634 1638/1/1637 1637/1/1636
f 1635/1/1634 1636/1/1635 1639/1/1638 1638/1/1637
f 1637/1/1636 1638/1/1637 1641/1/1640 1640/1/1639
f 1638/1/1637 1639/1/1638 1642/1/1641 1641/1/1640
f 78/1/78 502/1/502 1634/1/1633 529/1/529
f 502/1/502 501/1/501 1635/1/1634 1634/1/1633
f 501/1/501 500/1/500 1636/1/1635 1635/1/1634
f 500/1/500 60/1/60 524/1/524 1636/1/1635
f 1636/1/1635 524/1/524 525/1/525 1639/1/1638
f 1639/1/1638 525/1/525 526/1/526 1642/1/1641
f 1642/1/1641 526/1/526 2/1/2 244/1/244
f 1641/1/1640 1642/1/1641 244/1/244 243/1/243
f 1640/1/1639 1641/1/1640 243/1/243 242/1/242
f 527/1/527 1640/1/1639 242/1/242 10/1/10
f 528/1/528 1637/1/1636 1640/1/1639 527/1/527
f 529/1/529 1634/1/1633 1637/1/1636 528/1/528
f 1643/1/1642 1644/1/1643 1647/1/1646 1646/1/1645
f 1644/1/1643 1645/1/1644 1648/1/1647 1647/1/1646
f 1646/1/1645 1647/1/1646 1650/1/1649 1649/1/1648
f 1647/1/1646 1648/1/1647 1651/1/1650 1650/1/1649
f 64/1/64 520/1/520 1643/1/1642 538/1/538
f 520/1/520 519/1/519 1644/1/1643 1643/1/1642
f 519/1/519 518/1/518 1645/1/1644 1644/1/1643
f 518/1/518 65/1/65 530/1/530 1645/1/1644
f 1645/1/1644 530/1/530 531/1/531 1648/1/1647
f 1648/1/1647 531/1/531 532/1/532 1651/1/1650
f 1651/1/1650 532/1/532 67/1/67 533/1/533
f 1650/1/1649 1651/1/1650 533/1/533 534/1/534
f 1649/1/1648 1650/1/1649 534/1/534 535/1/535
f 536/1/536 1649/1/1648 535/1/535 66/1/66
f 537/1/537 1646/1/1645 1649/1/1648 536/1/536
f 538/1/538 1643/1/1642 1646/1/1645 537/1/537
f 1652/1/1651 1653/1/1652 1656/1/1655 1655/1/1654
f 1653/1/1652 1654/1/1653 1657/1/1656 1656/1/1655
f 1655/1/1654 1656/1/1655 1659/1/1658 1658/1/1657
f 1656/1/1655 1657/1/1656 1660/1/1659 1659/1/1658
f 60/1/60 496/1/496 1652/1/1651 524/1/524
f 496/1/496 495/1/495 1653/1/1652 1652/1/1651
f 495/1/495 494/1/494 1654/1/1653 1653/1/1652
f 494/1/494 62/1/62 539/1/539 1654/1/1653
f 1654/1/1653 539/1/539 540/1/540 1657/1/1656
f 1657/1/1656 540/1/540 541/1/541 1660/1/1659
f 1660/1/1659 541/1/541 3/1/3 259/1/259
f 1659/1/1658 1660/1/1659 259/1/259 258/1/258
f 1658/1/1657 1659/1/1658 258/1/258 257/1/257
f 526/1/526 1658/1/1657 257/1/257 2/1/2
f 525/1/525 1655/1/1654 1658/1/1657 526/1/526
f 524/1/524 1652/1/1651 1655/1/1654 525/1/525
f 1661/1/1660 1662/1/1661 1665/1/1664 1664/1/1663
f 1662/1/1661 1663/1/1662 1666/1/1665 1665/1/1664
f 1664/1/1663 1665/1/1664 1668/1/1667 1667/1/1666
f 1665/1/1664 1666/1/1665 1669/1/1668 1668/1/1667
f 70/1/70 542/1/542 1661/1/1660 550/1/550
f 542/1/542 543/1/543 1662/1/1661 1661/1/1660
f 543/1/543 544/1/544 1663/1/1662 1662/1/1661
f 544/1/544 79/1/79 545/1/545 1663/1/1662
f 1663/1/1662 545/1/545 546/1/546 1666/1/1665
f 1666/1/1665 546/1/546 547/1/547 1669/1/1668
f 1669/1/1668 547/1/547 74/1/74 463/1/463
f 1668/1/1667 1669/1/1668 463/1/463 462/1/462
f 1667/1/1666 1668/1/1667 462/1/462 461/1/461
f 548/1/548 1667/1/1666 461/1/461 71/1/71
f 549/1/549 1664/1/1663 1667/1/1666 548/1/548
f 550/1/550 1661/1/1660 1664/1/1663 549/1/549
f 1670/1/1669 1671/1/1670 1674/1/1673 1673/1/1672
f 1671/1/1670 1672/1/1671 1675/1/1674 1674/1/1673
f 1673/1/1672 1674/1/1673 1677/1/1676 1676/1/1675
f 1674/1/1673 1675/1/1674 1678/1/1677 1677/1/1676
f 66/1/66 535/1/535 1670/1/1669 559/1/559
f 535/1/535 534/1/534 1671/1/1670 1670/1/1669
f 534/1/534 533/1/533 1672/1/1671 1671/1/1670
f 533/1/533 67/1/67 551/1/551 1672/1/1671
f 1672/1/1671 551/1/551 552/1/552 1675/1/1674
f 1675/1/1674 552/1/552 553/1/553 1678/1/1677
f 1678/1/1677 553/1/553 68/1/68 554/1/554
f 1677/1/1676 1678/1/1677 554/1/554 555/1/555
f 1676/1/1675 1677/1/1676 555/1/555 556/1/556
f 557/1/557 1676/1/1675 556/1/556 69/1/69
f 558/1/558 1673/1/1672 1676/1/1675 557/1/557
f 559/1/559 1670/1/1669 1673/1/1672 558/1/558
f 1679/1/1678 1680/1/1679 1683/1/1682 1682/1/1681
f 1680/1/1679 1681/1/1680 1684/1/1683 1683/1/1682
f 1682/1/1681 1683/1/1682 1686/1/1685 1685/1/1684
f 1683/1/1682 1684/1/1683 1687/1/1686 1686/1/1685
f 4/1/4 508/1/508 1679/1/1678 284/1/284
f 508/1/508 507/1/507 1680/1/1679 1679/1/1678
f 507/1/507 506/1/506 1681/1/1680 1680/1/1679
f 506/1/506 64/1/64 538/1/538 1681/1/1680
f 1681/1/1680 538/1/538 537/1/537 1684/1/1683
f 1684/1/1683 537/1/537 536/1/536 1687/1/1686
f 1687/1/1686 536/1/536 66/1/66 560/1/560
f 1686/1/1685 1687/1/1686 560/1/560 561/1/561
f 1685/1/1684 1686/1/1685 561/1/561 562/1/562
f 286/1/286 1685/1/1684 562/1/562 5/1/5
f 285/1/285 1682/1/1681 1685/1/1684 286/1/286
f 284/1/284 1679/1/1678 1682/1/1681 285/1/285
f 1688/1/1687 1689/1/1688 1692/1/1691 1691/1/1690
f 1689/1/1688 1690/1/1689 1693/1/1692 1692/1/1691
f 1691/1/1690 1692/1/1691 1695/1/1694 1694/1/1693
f 1692/1/1691 1693/1/1692 1696/1/1695 1695/1/1694
f 58/1/58 563/1/563 1688/1/1687 568/1/568
f 563/1/563 564/1/564 1689/1/1688 1688/1/1687
f 564/1/564 565/1/565 1690/1/1689 1689/1/1688
f 565/1/565 78/1/78 529/1/529 1690/1/1689
f 1690/1/1689 529/1/529 528/1/528 1693/1/1692
f 1693/1/1692 528/1/528 527/1/527 1696/1/1695
f 1696/1/1695 527/1/527 10/1/10 295/1/295
f 1695/1/1694 1696/1/1695 295/1/295 294/1/294
f 1694/1/1693 1695/1/1694 294/1/294 293/1/293
f 566/1/566 1694/1/1693 293/1/293 1/1/1
f 567/1/567 1691/1/1690 1694/1/1693 566/1/566
f 568/1/568 1688/1/1687 1691/1/1690 567/1/567
f 1697/1/1696 1698/1/1697 1701/1/1700 1700/1/1699
f 1698/1/1697 1699/1/1698 1702/1/1701 1701/1/1700
f 1700/1/1699 1701/1/1700 1704/1/1703 1703/1/1702
f 1701/1/1700 1702/1/1701 1705/1/1704 1704/1/1703
f 69/1/69 556/1/556 1697/1/1696 574/1/574
f 556/1/556 555/1/555 1698/1/1697 1697/1/1696
f 555/1/555 554/1/554 1699/1/1698 1698/1/1697
f 554/1/554 68/1/68 569/1/569 1699/1/1698
f 1699/1/1698 569/1/569 570/1/570 1702/1/1701
f 1702/1/1701 570/1/570 571/1/571 1705/1/1704
f 1705/1/1704 571/1/571 70/1/70 550/1/550
f 1704/1/1703 1705/1/1704 550/1/550 549/1/549
f 1703/1/1702 1704/1/1703 549/1/549 548/1/548
f 572/1/572 1703/1/1702 548/1/548 71/1/71
f 573/1/573 1700/1/1699 1703/1/1702 572/1/572
f 574/1/574 1697/1/1696 1700/1/1699 573/1/573
f 1706/1/1705 1707/1/1706 1710/1/1709 1709/1/1708
f 1707/1/1706 1708/1/1707 1711/1/1710 1710/1/1709
f 1709/1/1708 1710/1/1709 1713/1/1712 1712/1/1711
f 1710/1/1709 1711/1/1710 1714/1/1713 1713/1/1712
f 5/1/5 562/1/562 1706/1/1705 305/1/305
f 562/1/562 561/1/561 1707/1/1706 1706/1/1705
f 561/1/561 560/1/560 1708/1/1707 1707/1/1706
f 560/1/560 66/1/66 559/1/559 1708/1/1707
f 1708/1/1707 559/1/559 558/1/558 1711/1/1710
f 1711/1/1710 558/1/558 557/1/557 1714/1/1713
f 1714/1/1713 557/1/557 69/1/69 575/1/575
f 1713/1/1712 1714/1/1713 575/1/575 576/1/576
f 1712/1/1711 1713/1/1712 576/1/576 577/1/577
f 307/1/307 1712/1/1711 577/1/577 6/1/6
f 306/1/306 1709/1/1708 1712/1/1711 307/1/307
f 305/1/305 1706/1/1705 1709/1/1708 306/1/306
f 1715/1/1714 1716/1/1715 1719/1/1718 1718/1/1717
f 1716/1/1715 1717/1/1716 1720/1/1719 1719/1/1718
f 1718/1/1717 1719/1/1718 1722/1/1721 1721/1/1720
f 1719/1/1718 1720/1/1719 1723/1/1722 1722/1/1721
f 6/1/6 577/1/577 1715/1/1714 311/1/311
f 577/1/577 576/1/576 1716/1/1715 1715/1/1714
f 576/1/576 575/1/575 1717/1/1716 1716/1/1715
f 575/1/575 69/1/69 574/1/574 1717/1/1716
f 1717/1/1716 574/1/574 573/1/573 1720/1/1719
f 1720/1/1719 573/1/573 572/1/572 1723/1/1722
f 1723/1/1722 572/1/572 71/1/71 460/1/460
f 1722/1/1721 1723/1/1722 460/1/460 459/1/459
f 1721/1/1720 1722/1/1721 459/1/459 458/1/458
f 313/1/313 1721/1/1720 458/1/458 7/1/7
f 312/1/312 1718/1/1717 1721/1/1720 313/1/313
f 311/1/311 1715/1/1714 1718/1/1717 312/1/312
f 1724/1/1723 1725/1/1724 1728/1/1727 1727/1/1726
f 1725/1/1724 1726/1/1725 1729/1/1728 1728/1/1727
f 1727/1/1726 1728/1/1727 1731/1/1730 1730/1/1729
f 1728/1/1727 1729/1/1728 1732/1/1731 1731/1/1730
f 59/1/59 578/1/578 1724/1/1723 589/1/589
f 578/1/578 579/1/579 1725/1/1724 1724/1/1723
f 579/1/579 580/1/580 1726/1/1725 1725/1/1724
f 580/1/580 58/1/58 581/1/581 1726/1/1725
f 1726/1/1725 581/1/581 582/1/582 1729/1/1728
f 1729/1/1728 582/1/582 583/1/583 1732/1/1731
f 1732/1/1731 583/1/583 73/1/73 584/1/584
f 1731/1/1730 1732/1/1731 584/1/584 585/1/585
f 1730/1/1729 1731/1/1730 585/1/585 586/1/586
f 587/1/587 1730/1/1729 586/1/586 72/1/72
f 588/1/588 1727/1/1726 1730/1/1729 587/1/587
f 589/1/589 1724/1/1723 1727/1/1726 588/1/588
f 1733/1/1732 1734/1/1733 1737/1/1736 1736/1/1735
f 1734/1/1733 1735/1/1734 1738/1/1737 1737/1/1736
f 1736/1/1735 1737/1/1736 1740/1/1739 1739/1/1738
f 1737/1/1736 1738/1/1737 1741/1/1740 1740/1/1739
f 63/1/63 590/1/590 1733/1/1732 491/1/491
f 590/1/590 591/1/591 1734/1/1733 1733/1/1732
f 591/1/591 592/1/592 1735/1/1734 1734/1/1733
f 592/1/592 75/1/75 523/1/523 1735/1/1734
f 1735/1/1734 523/1/523 522/1/522 1738/1/1737
f 1738/1/1737 522/1/522 521/1/521 1741/1/1740
f 1741/1/1740 521/1/521 76/1/76 593/1/593
f 1740/1/1739 1741/1/1740 593/1/593 594/1/594
f 1739/1/1738 1740/1/1739 594/1/594 595/1/595
f 493/1/493 1739/1/1738 595/1/595 62/1/62
f 492/1/492 1736/1/1735 1739/1/1738 493/1/493
f 491/1/491 1733/1/1732 1736/1/1735 492/1/492
f 1742/1/1741 1743/1/1742 1746/1/1745 1745/1/1744
f 1743/1/1742 1744/1/1743 1747/1/1746 1746/1/1745
f 1745/1/1744 1746/1/1745 1749/1/1748 1748/1/1747
f 1746/1/1745 1747/1/1746 1750/1/1749 1749/1/1748
f 58/1/58 568/1/568 1742/1/1741 581/1/581
f 568/1/568 567/1/567 1743/1/1742 1742/1/1741
f 567/1/567 566/1/566 1744/1/1743 1743/1/1742
f 566/1/566 1/1/1 340/1/340 1744/1/1743
f 1744/1/1743 340/1/340 339/1/339 1747/1/1746
f 1747/1/1746 339/1/339 338/1/338 1750/1/1749
f 1750/1/1749 338/1/338 8/1/8 596/1/596
f 1749/1/1748 1750/1/1749 596/1/596 597/1/597
f 1748/1/1747 1749/1/1748 597/1/597 598/1/598
f 583/1/583 1748/1/1747 598/1/598 73/1/73
f 582/1/582 1745/1/1744 1748/1/1747 583/1/583
f 581/1/581 1742/1/1741 1745/1/1744 582/1/582
f 1751/1/1750 1752/1/1751 1755/1/1754 1754/1/1753
f 1752/1/1751 1753/1/1752 1756/1/1755 1755/1/1754
f 1754/1/1753 1755/1/1754 1758/1/1757 1757/1/1756
f 1755/1/1754 1756/1/1755 1759/1/1758 1758/1/1757
f 62/1/62 595/1/595 1751/1/1750 539/1/539
f 595/1/595 594/1/594 1752/1/1751 1751/1/1750
f 594/1/594 593/1/593 1753/1/1752 1752/1/1751
f 593/1/593 76/1/76 511/1/511 1753/1/1752
f 1753/1/1752 511/1/511 510/1/510 1756/1/1755
f 1756/1/1755 510/1/510 509/1/509 1759/1/1758
f 1759/1/1758 509/1/509 9/1/9 343/1/343
f 1758/1/1757 1759/1/1758 343/1/343 342/1/342
f 1757/1/1756 1758/1/1757 342/1/342 341/1/341
f 541/1/541 1757/1/1756 341/1/341 3/1/3
f 540/1/540 1754/1/1753 1757/1/1756 541/1/541
f 539/1/539 1751/1/1750 1754/1/1753 540/1/540
f 1760/1/1759 1761/1/1760 1764/1/1763 1763/1/1762
f 1761/1/1760 1762/1/1761 1765/1/1764 1764/1/1763
f 1763/1/1762 1764/1/1763 1767/1/1766 1766/1/1765
f 1764/1/1763 1765/1/1764 1768/1/1767 1767/1/1766
f 59/1/59 599/1/599 1760/1/1759 578/1/578
f 599/1/599 600/1/600 1761/1/1760 1760/1/1759
f 600/1/600 601/1/601 1762/1/1761 1761/1/1760
f 601/1/601 77/1/77 505/1/505 1762/1/1761
f 1762/1/1761 505/1/505 504/1/504 1765/1/1764
f 1765/1/1764 504/1/504 503/1/503 1768/1/1767
f 1768/1/1767 503/1/503 78/1/78 565/1/565
f 1767/1/1766 1768/1/1767 565/1/565 564/1/564
f 1766/1/1765 1767/1/1766 564/1/564 563/1/563
f 580/1/580 1766/1/1765 563/1/563 58/1/58
f 579/1/579 1763/1/1762 1766/1/1765 580/1/580
f 578/1/578 1760/1/1759 1763/1/1762 579/1/579
f 1769/1/1768 1770/1/1769 1773/1/1772 1772/1/1771
f 1770/1/1769 1771/1/1770 1774/1/1773 1773/1/1772
f 1772/1/1771 1773/1/1772 1776/1/1775 1775/1/1774
f 1773/1/1772 1774/1/1773 1777/1/1776 1776/1/1775
f 74/1/74 602/1/602 1769/1/1768 464/1/464
f 602/1/602 603/1/603 1770/1/1769 1769/1/1768
f 603/1/603 604/1/604 1771/1/1770 1770/1/1769
f 604/1/604 83/1/83 605/1/605 1771/1/1770
f 1771/1/1770 605/1/605 606/1/606 1774/1/1773
f 1774/1/1773 606/1/606 607/1/607 1777/1/1776
f 1777/1/1776 607/1/607 39/1/39 352/1/352
f 1776/1/1775 1777/1/1776 352/1/352 351/1/351
f 1775/1/1774 1776/1/1775 351/1/351 350/1/350
f 466/1/466 1775/1/1774 350/1/350 33/1/33
f 465/1/465 1772/1/1771 1775/1/1774 466/1/466
f 464/1/464 1769/1/1768 1772/1/1771 465/1/465
f 1778/1/1777 1779/1/1778 1782/1/1781 1781/1/1780
f 1779/1/1778 1780/1/1779 1783/1/1782 1782/1/1781
f 1781/1/1780 1782/1/1781 1785/1/1784 1784/1/1783
f 1782/1/1781 1783/1/1782 1786/1/1785 1785/1/1784
f 84/1/84 608/1/608 1778/1/1777 616/1/616
f 608/1/608 609/1/609 1779/1/1778 1778/1/1777
f 609/1/609 610/1/610 1780/1/1779 1779/1/1778
f 610/1/610 81/1/81 611/1/611 1780/1/1779
f 1780/1/1779 611/1/611 612/1/612 1783/1/1782
f 1783/1/1782 612/1/612 613/1/613 1786/1/1785
f 1786/1/1785 613/1/613 80/1/80 481/1/481
f 1785/1/1784 1786/1/1785 481/1/481 480/1/480
f 1784/1/1783 1785/1/1784 480/1/480 479/1/479
f 614/1/614 1784/1/1783 479/1/479 85/1/85
f 615/1/615 1781/1/1780 1784/1/1783 614/1/614
f 616/1/616 1778/1/1777 1781/1/1780 615/1/615
f 1787/1/1786 1788/1/1787 1791/1/1790 1790/1/1789
f 1788/1/1787 1789/1/1788 1792/1/1791 1791/1/1790
f 1790/1/1789 1791/1/1790 1794/1/1793 1793/1/1792
f 1791/1/1790 1792/1/1791 1795/1/1794 1794/1/1793
f 79/1/79 617/1/617 1787/1/1786 545/1/545
f 617/1/617 618/1/618 1788/1/1787 1787/1/1786
f 618/1/618 619/1/619 1789/1/1788 1788/1/1787
f 619/1/619 82/1/82 620/1/620 1789/1/1788
f 1789/1/1788 620/1/620 621/1/621 1792/1/1791
f 1792/1/1791 621/1/621 622/1/622 1795/1/1794
f 1795/1/1794 622/1/622 83/1/83 604/1/604
f 1794/1/1793 1795/1/1794 604/1/604 603/1/603
f 1793/1/1792 1794/1/1793 603/1/603 602/1/602
f 547/1/547 1793/1/1792 602/1/602 74/1/74
f 546/1/546 1790/1/1789 1793/1/1792 547/1/547
f 545/1/545 1787/1/1786 1790/1/1789 546/1/546
f 1796/1/1795 1797/1/1796 1800/1/1799 1799/1/1798
f 1797/1/1796 1798/1/1797 1801/1/1800 1800/1/1799
f 1799/1/1798 1800/1/1799 1803/1/1802 1802/1/1801
f 1800/1/1799 1801/1/1800 1804/1/1803 1803/1/1802
f 83/1/83 623/1/623 1796/1/1795 605/1/605
f 623/1/623 624/1/624 1797/1/1796 1796/1/1795
f 624/1/624 625/1/625 1798/1/1797 1797/1/1796
f 625/1/625 85/1/85 478/1/478 1798/1/1797
f 1798/1/1797 478/1/478 477/1/477 1801/1/1800
f 1801/1/1800 477/1/477 476/1/476 1804/1/1803
f 1804/1/1803 476/1/476 41/1/41 376/1/376
f 1803/1/1802 1804/1/1803 376/1/376 375/1/375
f 1802/1/1801 1803/1/1802 375/1/375 374/1/374
f 607/1/607 1802/1/1801 374/1/374 39/1/39
f 606/1/606 1799/1/1798 1802/1/1801 607/1/607
f 605/1/605 1796/1/1795 1799/1/1798 606/1/606
f 1805/1/1804 1806/1/1805 1809/1/1808 1808/1/1807
f 1806/1/1805 1807/1/1806 1810/1/1809 1809/1/1808
f 1808/1/1807 1809/1/1808 1812/1/1811 1811/1/1810
f 1809/1/1808 1810/1/1809 1813/1/1812 1812/1/1811
f 82/1/82 626/1/626 1805/1/1804 620/1/620
f 626/1/626 627/1/627 1806/1/1805 1805/1/1804
f 627/1/627 628/1/628 1807/1/1806 1806/1/1805
f 628/1/628 84/1/84 616/1/616 1807/1/1806
f 1807/1/1806 616/1/616 615/1/615 1810/1/1809
f 1810/1/1809 615/1/615 614/1/614 1813/1/1812
f 1813/1/1812 614/1/614 85/1/85 625/1/625
f 1812/1/1811 1813/1/1812 625/1/625 624/1/624
f 1811/1/1810 1812/1/1811 624/1/624 623/1/623
f 622/1/622 1811/1/1810 623/1/623 83/1/83
f 621/1/621 1808/1/1807 1811/1/1810 622/1/622
f 620/1/620 1805/1/1804 1808/1/1807 621/1/621
f 1814/1/1813 1815/1/1814 1818/1/1817 1817/1/1816
f 1815/1/1814 1816/1/1815 1819/1/1818 1818/1/1817
f 1817/1/1816 1818/1/1817 1821/1/1820 1820/1/1819
f 1818/1/1817 1819/1/1818 1822/1/1821 1821/1/1820
f 80/1/80 629/1/629 1814/1/1813 482/1/482
f 629/1/629 630/1/630 1815/1/1814 1814/1/1813
f 630/1/630 631/1/631 1816/1/1815 1815/1/1814
f 631/1/631 86/1/86 632/1/632 1816/1/1815
f 1816/1/1815 632/1/632 633/1/633 1819/1/1818
f 1819/1/1818 633/1/633 634/1/634 1822/1/1821
f 1822/1/1821 634/1/634 45/1/45 385/1/385
f 1821/1/1820 1822/1/1821 385/1/385 384/1/384
f 1820/1/1819 1821/1/1820 384/1/384 383/1/383
f 484/1/484 1820/1/1819 383/1/383 36/1/36
f 483/1/483 1817/1/1816 1820/1/1819 484/1/484
f 482/1/482 1814/1/1813 1817/1/1816 483/1/483
f 1823/1/1822 1824/1/1823 1827/1/1826 1826/1/1825
f 1824/1/1823 1825/1/1824 1828/1/1827 1827/1/1826
f 1826/1/1825 1827/1/1826 1830/1/1829 1829/1/1828
f 1827/1/1826 1828/1/1827 1831/1/1830 1830/1/1829
f 86/1/86 635/1/635 1823/1/1822 632/1/632
f 635/1/635 636/1/636 1824/1/1823 1823/1/1822
f 636/1/636 637/1/637 1825/1/1824 1824/1/1823
f 637/1/637 88/1/88 638/1/638 1825/1/1824
f 1825/1/1824 638/1/638 639/1/639 1828/1/1827
f 1828/1/1827 639/1/639 640/1/640 1831/1/1830
f 1831/1/1830 640/1/640 48/1/48 394/1/394
f 1830/1/1829 1831/1/1830 394/1/394 393/1/393
f 1829/1/1828 1830/1/1829 393/1/393 392/1/392
f 634/1/634 1829/1/1828 392/1/392 45/1/45
f 633/1/633 1826/1/1825 1829/1/1828 634/1/634
f 632/1/632 1823/1/1822 1826/1/1825 633/1/633
f 1832/1/1831 1833/1/1832 1836/1/1835 1835/1/1834
f 1833/1/1832 1834/1/1833 1837/1/1836 1836/1/1835
f 1835/1/1834 1836/1/1835 1839/1/1838 1838/1/1837
f 1836/1/1835 1837/1/1836 1840/1/1839 1839/1/1838
f 81/1/81 641/1/641 1832/1/1831 611/1/611
f 641/1/641 642/1/642 1833/1/1832 1832/1/1831
f 642/1/642 643/1/643 1834/1/1833 1833/1/1832
f 643/1/643 87/1/87 644/1/644 1834/1/1833
f 1834/1/1833 644/1/644 645/1/645 1837/1/1836
f 1837/1/1836 645/1/645 646/1/646 1840/1/1839
f 1840/1/1839 646/1/646 86/1/86 631/1/631
f 1839/1/1838 1840/1/1839 631/1/631 630/1/630
f 1838/1/1837 1839/1/1838 630/1/630 629/1/629
f 613/1/613 1838/1/1837 629/1/629 80/1/80
f 612/1/612 1835/1/1834 1838/1/1837 613/1/613
f 611/1/611 1832/1/1831 1835/1/1834 612/1/612
f 1841/1/1840 1842/1/1841 1845/1/1844 1844/1/1843
f 1842/1/1841 1843/1/1842 1846/1/1845 1845/1/1844
f 1844/1/1843 1845/1/1844 1848/1/1847 1847/1/1846
f 1845/1/1844 1846/1/1845 1849/1/1848 1848/1/1847
f 51/1/51 409/1/409 1841/1/1840 652/1/652
f 409/1/409 408/1/408 1842/1/1841 1841/1/1840
f 408/1/408 407/1/407 1843/1/1842 1842/1/1841
f 407/1/407 48/1/48 640/1/640 1843/1/1842
f 1843/1/1842 640/1/640 639/1/639 1846/1/1845
f 1846/1/1845 639/1/639 638/1/638 1849/1/1848
f 1849/1/1848 638/1/638 88/1/88 647/1/647
f 1848/1/1847 1849/1/1848 647/1/647 648/1/648
f 1847/1/1846 1848/1/1847 648/1/648 649/1/649
f 650/1/650 1847/1/1846 649/1/649 90/1/90
f 651/1/651 1844/1/1843 1847/1/1846 650/1/650
f 652/1/652 1841/1/1840 1844/1/1843 651/1/651
f 1850/1/1849 1851/1/1850 1854/1/1853 1853/1/1852
f 1851/1/1850 1852/1/1851 1855/1/1854 1854/1/1853
f 1853/1/1852 1854/1/1853 1857/1/1856 1856/1/1855
f 1854/1/1853 1855/1/1854 1858/1/1857 1857/1/1856
f 87/1/87 653/1/653 1850/1/1849 644/1/644
f 653/1/653 654/1/654 1851/1/1850 1850/1/1849
f 654/1/654 655/1/655 1852/1/1851 1851/1/1850
f 655/1/655 89/1/89 656/1/656 1852/1/1851
f 1852/1/1851 656/1/656 657/1/657 1855/1/1854
f 1855/1/1854 657/1/657 658/1/658 1858/1/1857
f 1858/1/1857 658/1/658 88/1/88 637/1/637
f 1857/1/1856 1858/1/1857 637/1/637 636/1/636
f 1856/1/1855 1857/1/1856 636/1/636 635/1/635
f 646/1/646 1856/1/1855 635/1/635 86/1/86
f 645/1/645 1853/1/1852 1856/1/1855 646/1/646
f 644/1/644 1850/1/1849 1853/1/1852 645/1/645
f 1859/1/1858 1860/1/1859 1863/1/1862 1862/1/1861
f 1860/1/1859 1861/1/1860 1864/1/1863 1863/1/1862
f 1862/1/1861 1863/1/1862 1866/1/1865 1865/1/1864
f 1863/1/1862 1864/1/1863 1867/1/1866 1866/1/1865
f 54/1/54 424/1/424 1859/1/1858 664/1/664
f 424/1/424 423/1/423 1860/1/1859 1859/1/1858
f 423/1/423 422/1/422 1861/1/1860 1860/1/1859
f 422/1/422 51/1/51 652/1/652 1861/1/1860
f 1861/1/1860 652/1/652 651/1/651 1864/1/1863
f 1864/1/1863 651/1/651 650/1/650 1867/1/1866
f 1867/1/1866 650/1/650 90/1/90 659/1/659
f 1866/1/1865 1867/1/1866 659/1/659 660/1/660
f 1865/1/1864 1866/1/1865 660/1/660 661/1/661
f 662/1/662 1865/1/1864 661/1/661 92/1/92
f 663/1/663 1862/1/1861 1865/1/1864 662/1/662
f 664/1/664 1859/1/1858 1862/1/1861 663/1/663
f 1868/1/1867 1869/1/1868 1872/1/1871 1871/1/1870
f 1869/1/1868 1870/1/1869 1873/1/1872 1872/1/1871
f 1871/1/1870 1872/1/1871 1875/1/1874 1874/1/1873
f 1872/1/1871 1873/1/1872 1876/1/1875 1875/1/1874
f 89/1/89 665/1/665 1868/1/1867 656/1/656
f 665/1/665 666/1/666 1869/1/1868 1868/1/1867
f 666/1/666 667/1/667 1870/1/1869 1869/1/1868
f 667/1/667 91/1/91 668/1/668 1870/1/1869
f 1870/1/1869 668/1/668 669/1/669 1873/1/1872
f 1873/1/1872 669/1/669 670/1/670 1876/1/1875
f 1876/1/1875 670/1/670 90/1/90 649/1/649
f 1875/1/1874 1876/1/1875 649/1/649 648/1/648
f 1874/1/1873 1875/1/1874 648/1/648 647/1/647
f 658/1/658 1874/1/1873 647/1/647 88/1/88
f 657/1/657 1871/1/1870 1874/1/1873 658/1/658
f 656/1/656 1868/1/1867 1871/1/1870 657/1/657
f 1877/1/1876 1878/1/1877 1881/1/1880 1880/1/1879
f 1878/1/1877 1879/1/1878 1882/1/1881 1881/1/1880
f 1880/1/1879 1881/1/1880 1884/1/1883 1883/1/1882
f 1881/1/1880 1882/1/1881 1885/1/1884 1884/1/1883
f 57/1/57 439/1/439 1877/1/1876 679/1/679
f 439/1/439 438/1/438 1878/1/1877 1877/1/1876
f 438/1/438 437/1/437 1879/1/1878 1878/1/1877
f 437/1/437 178/1/178 671/1/671 1879/1/1878
f 1879/1/1878 671/1/671 672/1/672 1882/1/1881
f 1882/1/1881 672/1/672 673/1/673 1885/1/1884
f 1885/1/1884 673/1/673 180/1/180 674/1/674
f 1884/1/1883 1885/1/1884 674/1/674 675/1/675
f 1883/1/1882 1884/1/1883 675/1/675 676/1/676
f 677/1/677 1883/1/1882 676/1/676 94/1/94
f 678/1/678 1880/1/1879 1883/1/1882 677/1/677
f 679/1/679 1877/1/1876 1880/1/1879 678/1/678
f 1886/1/1885 1887/1/1886 1890/1/1889 1889/1/1888
f 1887/1/1886 1888/1/1887 1891/1/1890 1890/1/1889
f 1889/1/1888 1890/1/1889 1893/1/1892 1892/1/1891
f 1890/1/1889 1891/1/1890 1894/1/1893 1893/1/1892
f 91/1/91 680/1/680 1886/1/1885 668/1/668
f 680/1/680 681/1/681 1887/1/1886 1886/1/1885
f 681/1/681 682/1/682 1888/1/1887 1887/1/1886
f 682/1/682 93/1/93 683/1/683 1888/1/1887
f 1888/1/1887 683/1/683 684/1/684 1891/1/1890
f 1891/1/1890 684/1/684 685/1/685 1894/1/1893
f 1894/1/1893 685/1/685 92/1/92 661/1/661
f 1893/1/1892 1894/1/1893 661/1/661 660/1/660
f 1892/1/1891 1893/1/1892 660/1/660 659/1/659
f 670/1/670 1892/1/1891 659/1/659 90/1/90
f 669/1/669 1889/1/1888 1892/1/1891 670/1/670
f 668/1/668 1886/1/1885 1889/1/1888 669/1/669
f 1895/1/1894 1896/1/1895 1899/1/1898 1898/1/1897
f 1896/1/1895 1897/1/1896 1900/1/1899 1899/1/1898
f 1898/1/1897 1899/1/1898 1902/1/1901 1901/1/1900
f 1899/1/1898 1900/1/1899 1903/1/1902 1902/1/1901
f 117/1/117 686/1/686 1895/1/1894 697/1/697
f 686/1/686 687/1/687 1896/1/1895 1895/1/1894
f 687/1/687 688/1/688 1897/1/1896 1896/1/1895
f 688/1/688 102/1/102 689/1/689 1897/1/1896
f 1897/1/1896 689/1/689 690/1/690 1900/1/1899
f 1900/1/1899 690/1/690 691/1/691 1903/1/1902
f 1903/1/1902 691/1/691 112/1/112 692/1/692
f 1902/1/1901 1903/1/1902 692/1/692 693/1/693
f 1901/1/1900 1902/1/1901 693/1/693 694/1/694
f 695/1/695 1901/1/1900 694/1/694 114/1/114
f 696/1/696 1898/1/1897 1901/1/1900 695/1/695
f 697/1/697 1895/1/1894 1898/1/1897 696/1/696
f 1904/1/1903 1905/1/1904 1908/1/1907 1907/1/1906
f 1905/1/1904 1906/1/1905 1909/1/1908 1908/1/1907
f 1907/1/1906 1908/1/1907 1911/1/1910 1910/1/1909
f 1908/1/1907 1909/1/1908 1912/1/1911 1911/1/1910
f 181/1/181 698/1/698 1904/1/1903 706/1/706
f 698/1/698 699/1/699 1905/1/1904 1904/1/1903
f 699/1/699 700/1/700 1906/1/1905 1905/1/1904
f 700/1/700 95/1/95 701/1/701 1906/1/1905
f 1906/1/1905 701/1/701 702/1/702 1909/1/1908
f 1909/1/1908 702/1/702 703/1/703 1912/1/1911
f 1912/1/1911 703/1/703 94/1/94 676/1/676
f 1911/1/1910 1912/1/1911 676/1/676 675/1/675
f 1910/1/1909 1911/1/1910 675/1/675 674/1/674
f 704/1/704 1910/1/1909 674/1/674 180/1/180
f 705/1/705 1907/1/1906 1910/1/1909 704/1/704
f 706/1/706 1904/1/1903 1907/1/1906 705/1/705
f 1913/1/1912 1914/1/1913 1917/1/1916 1916/1/1915
f 1914/1/1913 1915/1/1914 1918/1/1917 1917/1/1916
f 1916/1/1915 1917/1/1916 1920/1/1919 1919/1/1918
f 1917/1/1916 1918/1/1917 1921/1/1920 1920/1/1919
f 119/1/119 707/1/707 1913/1/1912 718/1/718
f 707/1/707 708/1/708 1914/1/1913 1913/1/1912
f 708/1/708 709/1/709 1915/1/1914 1914/1/1913
f 709/1/709 122/1/122 710/1/710 1915/1/1914
f 1915/1/1914 710/1/710 711/1/711 1918/1/1917
f 1918/1/1917 711/1/711 712/1/712 1921/1/1920
f 1921/1/1920 712/1/712 123/1/123 713/1/713
f 1920/1/1919 1921/1/1920 713/1/713 714/1/714
f 1919/1/1918 1920/1/1919 714/1/714 715/1/715
f 716/1/716 1919/1/1918 715/1/715 118/1/118
f 717/1/717 1916/1/1915 1919/1/1918 716/1/716
f 718/1/718 1913/1/1912 1916/1/1915 717/1/717
f 1922/1/1921 1923/1/1922 1926/1/1925 1925/1/1924
f 1923/1/1922 1924/1/1923 1927/1/1926 1926/1/1925
f 1925/1/1924 1926/1/1925 1929/1/1928 1928/1/1927
f 1926/1/1925 1927/1/1926 1930/1/1929 1929/1/1928
f 107/1/107 719/1/719 1922/1/1921 727/1/727
f 719/1/719 720/1/720 1923/1/1922 1922/1/1921
f 720/1/720 721/1/721 1924/1/1923 1923/1/1922
f 721/1/721 14/1/14 205/1/205 1924/1/1923
f 1924/1/1923 205/1/205 204/1/204 1927/1/1926
f 1927/1/1926 204/1/204 203/1/203 1930/1/1929
f 1930/1/1929 203/1/203 16/1/16 722/1/722
f 1929/1/1928 1930/1/1929 722/1/722 723/1/723
f 1928/1/1927 1929/1/1928 723/1/723 724/1/724
f 725/1/725 1928/1/1927 724/1/724 108/1/108
f 726/1/726 1925/1/1924 1928/1/1927 725/1/725
f 727/1/727 1922/1/1921 1925/1/1924 726/1/726
f 1931/1/1930 1932/1/1931 1935/1/1934 1934/1/1933
f 1932/1/1931 1933/1/1932 1936/1/1935 1935/1/1934
f 1934/1/1933 1935/1/1934 1938/1/1937 1937/1/1936
f 1935/1/1934 1936/1/1935 1939/1/1938 1938/1/1937
f 30/1/30 217/1/217 1931/1/1930 733/1/733
f 217/1/217 216/1/216 1932/1/1931 1931/1/1930
f 216/1/216 215/1/215 1933/1/1932 1932/1/1931
f 215/1/215 14/1/14 721/1/721 1933/1/1932
f 1933/1/1932 721/1/721 720/1/720 1936/1/1935
f 1936/1/1935 720/1/720 719/1/719 1939/1/1938
f 1939/1/1938 719/1/719 107/1/107 728/1/728
f 1938/1/1937 1939/1/1938 728/1/728 729/1/729
f 1937/1/1936 1938/1/1937 729/1/729 730/1/730
f 731/1/731 1937/1/1936 730/1/730 116/1/116
f 732/1/732 1934/1/1933 1937/1/1936 731/1/731
f 733/1/733 1931/1/1930 1934/1/1933 732/1/732
f 1940/1/1939 1941/1/1940 1944/1/1943 1943/1/1942
f 1941/1/1940 1942/1/1941 1945/1/1944 1944/1/1943
f 1943/1/1942 1944/1/1943 1947/1/1946 1946/1/1945
f 1944/1/1943 1945/1/1944 1948/1/1947 1947/1/1946
f 109/1/109 734/1/734 1940/1/1939 745/1/745
f 734/1/734 735/1/735 1941/1/1940 1940/1/1939
f 735/1/735 736/1/736 1942/1/1941 1941/1/1940
f 736/1/736 99/1/99 737/1/737 1942/1/1941
f 1942/1/1941 737/1/737 738/1/738 1945/1/1944
f 1945/1/1944 738/1/738 739/1/739 1948/1/1947
f 1948/1/1947 739/1/739 104/1/104 740/1/740
f 1947/1/1946 1948/1/1947 740/1/740 741/1/741
f 1946/1/1945 1947/1/1946 741/1/741 742/1/742
f 743/1/743 1946/1/1945 742/1/742 115/1/115
f 744/1/744 1943/1/1942 1946/1/1945 743/1/743
f 745/1/745 1940/1/1939 1943/1/1942 744/1/744
f 1949/1/1948 1950/1/1949 1953/1/1952 1952/1/1951
f 1950/1/1949 1951/1/1950 1954/1/1953 1953/1/1952
f 1952/1/1951 1953/1/1952 1956/1/1955 1955/1/1954
f 1953/1/1952 1954/1/1953 1957/1/1956 1956/1/1955
f 28/1/28 238/1/238 1949/1/1948 751/1/751
f 238/1/238 237/1/237 1950/1/1949 1949/1/1948
f 237/1/237 236/1/236 1951/1/1950 1950/1/1949
f 236/1/236 18/1/18 746/1/746 1951/1/1950
f 1951/1/1950 746/1/746 747/1/747 1954/1/1953
f 1954/1/1953 747/1/747 748/1/748 1957/1/1956
f 1957/1/1956 748/1/748 109/1/109 745/1/745
f 1956/1/1955 1957/1/1956 745/1/745 744/1/744
f 1955/1/1954 1956/1/1955 744/1/744 743/1/743
f 749/1/749 1955/1/1954 743/1/743 115/1/115
f 750/1/750 1952/1/1951 1955/1/1954 749/1/749
f 751/1/751 1949/1/1948 1952/1/1951 750/1/750
f 1958/1/1957 1959/1/1958 1962/1/1961 1961/1/1960
f 1959/1/1958 1960/1/1959 1963/1/1962 1962/1/1961
f 1961/1/1960 1962/1/1961 1965/1/1964 1964/1/1963
f 1962/1/1961 1963/1/1962 1966/1/1965 1965/1/1964
f 116/1/116 730/1/730 1958/1/1957 760/1/760
f 730/1/730 729/1/729 1959/1/1958 1958/1/1957
f 729/1/729 728/1/728 1960/1/1959 1959/1/1958
f 728/1/728 107/1/107 752/1/752 1960/1/1959
f 1960/1/1959 752/1/752 753/1/753 1963/1/1962
f 1963/1/1962 753/1/753 754/1/754 1966/1/1965
f 1966/1/1965 754/1/754 97/1/97 755/1/755
f 1965/1/1964 1966/1/1965 755/1/755 756/1/756
f 1964/1/1963 1965/1/1964 756/1/756 757/1/757
f 758/1/758 1964/1/1963 757/1/757 105/1/105
f 759/1/759 1961/1/1960 1964/1/1963 758/1/758
f 760/1/760 1958/1/1957 1961/1/1960 759/1/759
f 1967/1/1966 1968/1/1967 1971/1/1970 1970/1/1969
f 1968/1/1967 1969/1/1968 1972/1/1971 1971/1/1970
f 1970/1/1969 1971/1/1970 1974/1/1973 1973/1/1972
f 1971/1/1970 1972/1/1971 1975/1/1974 1974/1/1973
f 109/1/109 748/1/748 1967/1/1966 766/1/766
f 748/1/748 747/1/747 1968/1/1967 1967/1/1966
f 747/1/747 746/1/746 1969/1/1968 1968/1/1967
f 746/1/746 18/1/18 256/1/256 1969/1/1968
f 1969/1/1968 256/1/256 255/1/255 1972/1/1971
f 1972/1/1971 255/1/255 254/1/254 1975/1/1974
f 1975/1/1974 254/1/254 20/1/20 761/1/761
f 1974/1/1973 1975/1/1974 761/1/761 762/1/762
f 1973/1/1972 1974/1/1973 762/1/762 763/1/763
f 764/1/764 1973/1/1972 763/1/763 110/1/110
f 765/1/765 1970/1/1969 1973/1/1972 764/1/764
f 766/1/766 1967/1/1966 1970/1/1969 765/1/765
f 1976/1/1975 1977/1/1976 1980/1/1979 1979/1/1978
f 1977/1/1976 1978/1/1977 1981/1/1980 1980/1/1979
f 1979/1/1978 1980/1/1979 1983/1/1982 1982/1/1981
f 1980/1/1979 1981/1/1980 1984/1/1983 1983/1/1982
f 107/1/107 727/1/727 1976/1/1975 752/1/752
f 727/1/727 726/1/726 1977/1/1976 1976/1/1975
f 726/1/726 725/1/725 1978/1/1977 1977/1/1976
f 725/1/725 108/1/108 767/1/767 1978/1/1977
f 1978/1/1977 767/1/767 768/1/768 1981/1/1980
f 1981/1/1980 768/1/768 769/1/769 1984/1/1983
f 1984/1/1983 769/1/769 98/1/98 770/1/770
f 1983/1/1982 1984/1/1983 770/1/770 771/1/771
f 1982/1/1981 1983/1/1982 771/1/771 772/1/772
f 754/1/754 1982/1/1981 772/1/772 97/1/97
f 753/1/753 1979/1/1978 1982/1/1981 754/1/754
f 752/1/752 1976/1/1975 1979/1/1978 753/1/753
f 1985/1/1984 1986/1/1985 1989/1/1988 1988/1/1987
f 1986/1/1985 1987/1/1986 1990/1/1989 1989/1/1988
f 1988/1/1987 1989/1/1988 1992/1/1991 1991/1/1990
f 1989/1/1988 1990/1/1989 1993/1/1992 1992/1/1991
f 23/1/23 274/1/274 1985/1/1984 778/1/778
f 274/1/274 273/1/273 1986/1/1985 1985/1/1984
f 273/1/273 272/1/272 1987/1/1986 1986/1/1985
f 272/1/272 32/1/32 773/1/773 1987/1/1986
f 1987/1/1986 773/1/773 774/1/774 1990/1/1989
f 1990/1/1989 774/1/774 775/1/775 1993/1/1992
f 1993/1/1992 775/1/775 114/1/114 694/1/694
f 1992/1/1991 1993/1/1992 694/1/694 693/1/693
f 1991/1/1990 1992/1/1991 693/1/693 692/1/692
f 776/1/776 1991/1/1990 692/1/692 112/1/112
f 777/1/777 1988/1/1987 1991/1/1990 776/1/776
f 778/1/778 1985/1/1984 1988/1/1987 777/1/777
f 1994/1/1993 1995/1/1994 1998/1/1997 1997/1/1996
f 1995/1/1994 1996/1/1995 1999/1/1998 1998/1/1997
f 1997/1/1996 1998/1/1997 2001/1/2000 2000/1/1999
f 1998/1/1997 1999/1/1998 2002/1/2001 2001/1/2000
f 110/1/110 763/1/763 1994/1/1993 784/1/784
f 763/1/763 762/1/762 1995/1/1994 1994/1/1993
f 762/1/762 761/1/761 1996/1/1995 1995/1/1994
f 761/1/761 20/1/20 283/1/283 1996/1/1995
f 1996/1/1995 283/1/283 282/1/282 1999/1/1998
f 1999/1/1998 282/1/282 281/1/281 2002/1/2001
f 2002/1/2001 281/1/281 21/1/21 779/1/779
f 2001/1/2000 2002/1/2001 779/1/779 780/1/780
f 2000/1/1999 2001/1/2000 780/1/780 781/1/781
f 782/1/782 2000/1/1999 781/1/781 111/1/111
f 783/1/783 1997/1/1996 2000/1/1999 782/1/782
f 784/1/784 1994/1/1993 1997/1/1996 783/1/783
f 2003/1/2002 2004/1/2003 2007/1/2006 2006/1/2005
f 2004/1/2003 2005/1/2004 2008/1/2007 2007/1/2006
f 2006/1/2005 2007/1/2006 2010/1/2009 2009/1/2008
f 2007/1/2006 2008/1/2007 2011/1/2010 2010/1/2009
f 99/1/99 736/1/736 2003/1/2002 790/1/790
f 736/1/736 735/1/735 2004/1/2003 2003/1/2002
f 735/1/735 734/1/734 2005/1/2004 2004/1/2003
f 734/1/734 109/1/109 766/1/766 2005/1/2004
f 2005/1/2004 766/1/766 765/1/765 2008/1/2007
f 2008/1/2007 765/1/765 764/1/764 2011/1/2010
f 2011/1/2010 764/1/764 110/1/110 785/1/785
f 2010/1/2009 2011/1/2010 785/1/785 786/1/786
f 2009/1/2008 2010/1/2009 786/1/786 787/1/787
f 788/1/788 2009/1/2008 787/1/787 100/1/100
f 789/1/789 2006/1/2005 2009/1/2008 788/1/788
f 790/1/790 2003/1/2002 2006/1/2005 789/1/789
f 2012/1/2011 2013/1/2012 2016/1/2015 2015/1/2014
f 2013/1/2012 2014/1/2013 2017/1/2016 2016/1/2015
f 2015/1/2014 2016/1/2015 2019/1/2018 2018/1/2017
f 2016/1/2015 2017/1/2016 2020/1/2019 2019/1/2018
f 106/1/106 791/1/791 2012/1/2011 799/1/799
f 791/1/791 792/1/792 2013/1/2012 2012/1/2011
f 792/1/792 793/1/793 2014/1/2013 2013/1/2012
f 793/1/793 116/1/116 760/1/760 2014/1/2013
f 2014/1/2013 760/1/760 759/1/759 2017/1/2016
f 2017/1/2016 759/1/759 758/1/758 2020/1/2019
f 2020/1/2019 758/1/758 105/1/105 794/1/794
f 2019/1/2018 2020/1/2019 794/1/794 795/1/795
f 2018/1/2017 2019/1/2018 795/1/795 796/1/796
f 797/1/797 2018/1/2017 796/1/796 96/1/96
f 798/1/798 2015/1/2014 2018/1/2017 797/1/797
f 799/1/799 2012/1/2011 2015/1/2014 798/1/798
f 2021/1/2020 2022/1/2021 2025/1/2024 2024/1/2023
f 2022/1/2021 2023/1/2022 2026/1/2025 2025/1/2024
f 2024/1/2023 2025/1/2024 2028/1/2027 2027/1/2026
f 2025/1/2024 2026/1/2025 2029/1/2028 2028/1/2027
f 111/1/111 781/1/781 2021/1/2020 802/1/802
f 781/1/781 780/1/780 2022/1/2021 2021/1/2020
f 780/1/780 779/1/779 2023/1/2022 2022/1/2021
f 779/1/779 21/1/21 304/1/304 2023/1/2022
f 2023/1/2022 304/1/304 303/1/303 2026/1/2025
f 2026/1/2025 303/1/303 302/1/302 2029/1/2028
f 2029/1/2028 302/1/302 23/1/23 778/1/778
f 2028/1/2027 2029/1/2028 778/1/778 777/1/777
f 2027/1/2026 2028/1/2027 777/1/777 776/1/776
f 800/1/800 2027/1/2026 776/1/776 112/1/112
f 801/1/801 2024/1/2023 2027/1/2026 800/1/800
f 802/1/802 2021/1/2020 2024/1/2023 801/1/801
f 2030/1/2029 2031/1/2030 2034/1/2033 2033/1/2032
f 2031/1/2030 2032/1/2031 2035/1/2034 2034/1/2033
f 2033/1/2032 2034/1/2033 2037/1/2036 2036/1/2035
f 2034/1/2033 2035/1/2034 2038/1/2037 2037/1/2036
f 100/1/100 787/1/787 2030/1/2029 808/1/808
f 787/1/787 786/1/786 2031/1/2030 2030/1/2029
f 786/1/786 785/1/785 2032/1/2031 2031/1/2030
f 785/1/785 110/1/110 784/1/784 2032/1/2031
f 2032/1/2031 784/1/784 783/1/783 2035/1/2034
f 2035/1/2034 783/1/783 782/1/782 2038/1/2037
f 2038/1/2037 782/1/782 111/1/111 803/1/803
f 2037/1/2036 2038/1/2037 803/1/803 804/1/804
f 2036/1/2035 2037/1/2036 804/1/804 805/1/805
f 806/1/806 2036/1/2035 805/1/805 101/1/101
f 807/1/807 2033/1/2032 2036/1/2035 806/1/806
f 808/1/808 2030/1/2029 2033/1/2032 807/1/807
f 2039/1/2038 2040/1/2039 2043/1/2042 2042/1/2041
f 2040/1/2039 2041/1/2040 2044/1/2043 2043/1/2042
f 2042/1/2041 2043/1/2042 2046/1/2045 2045/1/2044
f 2043/1/2042 2044/1/2043 2047/1/2046 2046/1/2045
f 101/1/101 805/1/805 2039/1/2038 811/1/811
f 805/1/805 804/1/804 2040/1/2039 2039/1/2038
f 804/1/804 803/1/803 2041/1/2040 2040/1/2039
f 803/1/803 111/1/111 802/1/802 2041/1/2040
f 2041/1/2040 802/1/802 801/1/801 2044/1/2043
f 2044/1/2043 801/1/801 800/1/800 2047/1/2046
f 2047/1/2046 800/1/800 112/1/112 691/1/691
f 2046/1/2045 2047/1/2046 691/1/691 690/1/690
f 2045/1/2044 2046/1/2045 690/1/690 689/1/689
f 809/1/809 2045/1/2044 689/1/689 102/1/102
f 810/1/810 2042/1/2041 2045/1/2044 809/1/809
f 811/1/811 2039/1/2038 2042/1/2041 810/1/810
f 2048/1/2047 2049/1/2048 2052/1/2051 2051/1/2050
f 2049/1/2048 2050/1/2049 2053/1/2052 2052/1/2051
f 2051/1/2050 2052/1/2051 2055/1/2054 2054/1/2053
f 2052/1/2051 2053/1/2052 2056/1/2055 2055/1/2054
f 12/1/12 812/1/812 2048/1/2047 317/1/317
f 812/1/812 813/1/813 2049/1/2048 2048/1/2047
f 813/1/813 814/1/814 2050/1/2049 2049/1/2048
f 814/1/814 106/1/106 815/1/815 2050/1/2049
f 2050/1/2049 815/1/815 816/1/816 2053/1/2052
f 2053/1/2052 816/1/816 817/1/817 2056/1/2055
f 2056/1/2055 817/1/817 113/1/113 818/1/818
f 2055/1/2054 2056/1/2055 818/1/818 819/1/819
f 2054/1/2053 2055/1/2054 819/1/819 820/1/820
f 319/1/319 2054/1/2053 820/1/820 25/1/25
f 318/1/318 2051/1/2050 2054/1/2053 319/1/319
f 317/1/317 2048/1/2047 2051/1/2050 318/1/318
f 2057/1/2056 2058/1/2057 2061/1/2060 2060/1/2059
f 2058/1/2057 2059/1/2058 2062/1/2061 2061/1/2060
f 2060/1/2059 2061/1/2060 2064/1/2063 2063/1/2062
f 2061/1/2060 2062/1/2061 2065/1/2064 2064/1/2063
f 16/1/16 334/1/334 2057/1/2056 722/1/722
f 334/1/334 333/1/333 2058/1/2057 2057/1/2056
f 333/1/333 332/1/332 2059/1/2058 2058/1/2057
f 332/1/332 28/1/28 751/1/751 2059/1/2058
f 2059/1/2058 751/1/751 750/1/750 2062/1/2061
f 2062/1/2061 750/1/750 749/1/749 2065/1/2064
f 2065/1/2064 749/1/749 115/1/115 821/1/821
f 2064/1/2063 2065/1/2064 821/1/821 822/1/822
f 2063/1/2062 2064/1/2063 822/1/822 823/1/823
f 724/1/724 2063/1/2062 823/1/823 108/1/108
f 723/1/723 2060/1/2059 2063/1/2062 724/1/724
f 722/1/722 2057/1/2056 2060/1/2059 723/1/723
f 2066/1/2065 2067/1/2066 2070/1/2069 2069/1/2068
f 2067/1/2066 2068/1/2067 2071/1/2070 2070/1/2069
f 2069/1/2068 2070/1/2069 2073/1/2072 2072/1/2071
f 2070/1/2069 2071/1/2070 2074/1/2073 2073/1/2072
f 106/1/106 799/1/799 2066/1/2065 815/1/815
f 799/1/799 798/1/798 2067/1/2066 2066/1/2065
f 798/1/798 797/1/797 2068/1/2067 2067/1/2066
f 797/1/797 96/1/96 824/1/824 2068/1/2067
f 2068/1/2067 824/1/824 825/1/825 2071/1/2070
f 2071/1/2070 825/1/825 826/1/826 2074/1/2073
f 2074/1/2073 826/1/826 103/1/103 827/1/827
f 2073/1/2072 2074/1/2073 827/1/827 828/1/828
f 2072/1/2071 2073/1/2072 828/1/828 829/1/829
f 817/1/817 2072/1/2071 829/1/829 113/1/113
f 816/1/816 2069/1/2068 2072/1/2071 817/1/817
f 815/1/815 2066/1/2065 2069/1/2068 816/1/816
f 2075/1/2074 2076/1/2075 2079/1/2078 2078/1/2077
f 2076/1/2075 2077/1/2076 2080/1/2079 2079/1/2078
f 2078/1/2077 2079/1/2078 2082/1/2081 2081/1/2080
f 2079/1/2078 2080/1/2079 2083/1/2082 2082/1/2081
f 108/1/108 823/1/823 2075/1/2074 767/1/767
f 823/1/823 822/1/822 2076/1/2075 2075/1/2074
f 822/1/822 821/1/821 2077/1/2076 2076/1/2075
f 821/1/821 115/1/115 742/1/742 2077/1/2076
f 2077/1/2076 742/1/742 741/1/741 2080/1/2079
f 2080/1/2079 741/1/741 740/1/740 2083/1/2082
f 2083/1/2082 740/1/740 104/1/104 830/1/830
f 2082/1/2081 2083/1/2082 830/1/830 831/1/831
f 2081/1/2080 2082/1/2081 831/1/831 832/1/832
f 769/1/769 2081/1/2080 832/1/832 98/1/98
f 768/1/768 2078/1/2077 2081/1/2080 769/1/769
f 767/1/767 2075/1/2074 2078/1/2077 768/1/768
f 2084/1/2083 2085/1/2084 2088/1/2087 2087/1/2086
f 2085/1/2084 2086/1/2085 2089/1/2088 2088/1/2087
f 2087/1/2086 2088/1/2087 2091/1/2090 2090/1/2089
f 2088/1/2087 2089/1/2088 2092/1/2091 2091/1/2090
f 12/1/12 346/1/346 2084/1/2083 812/1/812
f 346/1/346 345/1/345 2085/1/2084 2084/1/2083
f 345/1/345 344/1/344 2086/1/2085 2085/1/2084
f 344/1/344 30/1/30 733/1/733 2086/1/2085
f 2086/1/2085 733/1/733 732/1/732 2089/1/2088
f 2089/1/2088 732/1/732 731/1/731 2092/1/2091
f 2092/1/2091 731/1/731 116/1/116 793/1/793
f 2091/1/2090 2092/1/2091 793/1/793 792/1/792
f 2090/1/2089 2091/1/2090 792/1/792 791/1/791
f 814/1/814 2090/1/2089 791/1/791 106/1/106
f 813/1/813 2087/1/2086 2090/1/2089 814/1/814
f 812/1/812 2084/1/2083 2087/1/2086 813/1/813
f 2093/1/2092 2094/1/2093 2097/1/2096 2096/1/2095
f 2094/1/2093 2095/1/2094 2098/1/2097 2097/1/2096
f 2096/1/2095 2097/1/2096 2100/1/2099 2099/1/2098
f 2097/1/2096 2098/1/2097 2101/1/2100 2100/1/2099
f 114/1/114 833/1/833 2093/1/2092 695/1/695
f 833/1/833 834/1/834 2094/1/2093 2093/1/2092
f 834/1/834 835/1/835 2095/1/2094 2094/1/2093
f 835/1/835 120/1/120 836/1/836 2095/1/2094
f 2095/1/2094 836/1/836 837/1/837 2098/1/2097
f 2098/1/2097 837/1/837 838/1/838 2101/1/2100
f 2101/1/2100 838/1/838 121/1/121 839/1/839
f 2100/1/2099 2101/1/2100 839/1/839 840/1/840
f 2099/1/2098 2100/1/2099 840/1/840 841/1/841
f 697/1/697 2099/1/2098 841/1/841 117/1/117
f 696/1/696 2096/1/2095 2099/1/2098 697/1/697
f 695/1/695 2093/1/2092 2096/1/2095 696/1/696
f 2102/1/2101 2103/1/2102 2106/1/2105 2105/1/2104
f 2103/1/2102 2104/1/2103 2107/1/2106 2106/1/2105
f 2105/1/2104 2106/1/2105 2109/1/2108 2108/1/2107
f 2106/1/2105 2107/1/2106 2110/1/2109 2109/1/2108
f 40/1/40 367/1/367 2102/1/2101 847/1/847
f 367/1/367 366/1/366 2103/1/2102 2102/1/2101
f 366/1/366 365/1/365 2104/1/2103 2103/1/2102
f 365/1/365 35/1/35 842/1/842 2104/1/2103
f 2104/1/2103 842/1/842 843/1/843 2107/1/2106
f 2107/1/2106 843/1/843 844/1/844 2110/1/2109
f 2110/1/2109 844/1/844 118/1/118 715/1/715
f 2109/1/2108 2110/1/2109 715/1/715 714/1/714
f 2108/1/2107 2109/1/2108 714/1/714 713/1/713
f 845/1/845 2108/1/2107 713/1/713 123/1/123
f 846/1/846 2105/1/2104 2108/1/2107 845/1/845
f 847/1/847 2102/1/2101 2105/1/2104 846/1/846
f 2111/1/2110 2112/1/2111 2115/1/2114 2114/1/2113
f 2112/1/2111 2113/1/2112 2116/1/2115 2115/1/2114
f 2114/1/2113 2115/1/2114 2118/1/2117 2117/1/2116
f 2115/1/2114 2116/1/2115 2119/1/2118 2118/1/2117
f 32/1/32 373/1/373 2111/1/2110 773/1/773
f 373/1/373 372/1/372 2112/1/2111 2111/1/2110
f 372/1/372 371/1/371 2113/1/2112 2112/1/2111
f 371/1/371 37/1/37 848/1/848 2113/1/2112
f 2113/1/2112 848/1/848 849/1/849 2116/1/2115
f 2116/1/2115 849/1/849 850/1/850 2119/1/2118
f 2119/1/2118 850/1/850 120/1/120 835/1/835
f 2118/1/2117 2119/1/2118 835/1/835 834/1/834
f 2117/1/2116 2118/1/2117 834/1/834 833/1/833
f 775/1/775 2117/1/2116 833/1/833 114/1/114
f 774/1/774 2114/1/2113 2117/1/2116 775/1/775
f 773/1/773 2111/1/2110 2114/1/2113 774/1/774
f 2120/1/2119 2121/1/2120 2124/1/2123 2123/1/2122
f 2121/1/2120 2122/1/2121 2125/1/2124 2124/1/2123
f 2123/1/2122 2124/1/2123 2127/1/2126 2126/1/2125
f 2124/1/2123 2125/1/2124 2128/1/2127 2127/1/2126
f 120/1/120 851/1/851 2120/1/2119 836/1/836
f 851/1/851 852/1/852 2121/1/2120 2120/1/2119
f 852/1/852 853/1/853 2122/1/2121 2121/1/2120
f 853/1/853 123/1/123 712/1/712 2122/1/2121
f 2122/1/2121 712/1/712 711/1/711 2125/1/2124
f 2125/1/2124 711/1/711 710/1/710 2128/1/2127
f 2128/1/2127 710/1/710 122/1/122 854/1/854
f 2127/1/2126 2128/1/2127 854/1/854 855/1/855
f 2126/1/2125 2127/1/2126 855/1/855 856/1/856
f 838/1/838 2126/1/2125 856/1/856 121/1/121
f 837/1/837 2123/1/2122 2126/1/2125 838/1/838
f 836/1/836 2120/1/2119 2123/1/2122 837/1/837
f 2129/1/2128 2130/1/2129 2133/1/2132 2132/1/2131
f 2130/1/2129 2131/1/2130 2134/1/2133 2133/1/2132
f 2132/1/2131 2133/1/2132 2136/1/2135 2135/1/2134
f 2133/1/2132 2134/1/2133 2137/1/2136 2136/1/2135
f 37/1/37 382/1/382 2129/1/2128 848/1/848
f 382/1/382 381/1/381 2130/1/2129 2129/1/2128
f 381/1/381 380/1/380 2131/1/2130 2130/1/2129
f 380/1/380 40/1/40 847/1/847 2131/1/2130
f 2131/1/2130 847/1/847 846/1/846 2134/1/2133
f 2134/1/2133 846/1/846 845/1/845 2137/1/2136
f 2137/1/2136 845/1/845 123/1/123 853/1/853
f 2136/1/2135 2137/1/2136 853/1/853 852/1/852
f 2135/1/2134 2136/1/2135 852/1/852 851/1/851
f 850/1/850 2135/1/2134 851/1/851 120/1/120
f 849/1/849 2132/1/2131 2135/1/2134 850/1/850
f 848/1/848 2129/1/2128 2132/1/2131 849/1/849
f 2138/1/2137 2139/1/2138 2142/1/2141 2141/1/2140
f 2139/1/2138 2140/1/2139 2143/1/2142 2142/1/2141
f 2141/1/2140 2142/1/2141 2145/1/2144 2144/1/2143
f 2142/1/2141 2143/1/2142 2146/1/2145 2145/1/2144
f 118/1/118 857/1/857 2138/1/2137 716/1/716
f 857/1/857 858/1/858 2139/1/2138 2138/1/2137
f 858/1/858 859/1/859 2140/1/2139 2139/1/2138
f 859/1/859 124/1/124 860/1/860 2140/1/2139
f 2140/1/2139 860/1/860 861/1/861 2143/1/2142
f 2143/1/2142 861/1/861 862/1/862 2146/1/2145
f 2146/1/2145 862/1/862 125/1/125 863/1/863
f 2145/1/2144 2146/1/2145 863/1/863 864/1/864
f 2144/1/2143 2145/1/2144 864/1/864 865/1/865
f 718/1/718 2144/1/2143 865/1/865 119/1/119
f 717/1/717 2141/1/2140 2144/1/2143 718/1/718
f 716/1/716 2138/1/2137 2141/1/2140 717/1/717
f 2147/1/2146 2148/1/2147 2151/1/2150 2150/1/2149
f 2148/1/2147 2149/1/2148 2152/1/2151 2151/1/2150
f 2150/1/2149 2151/1/2150 2154/1/2153 2153/1/2152
f 2151/1/2150 2152/1/2151 2155/1/2154 2154/1/2153
f 124/1/124 866/1/866 2147/1/2146 860/1/860
f 866/1/866 867/1/867 2148/1/2147 2147/1/2146
f 867/1/867 868/1/868 2149/1/2148 2148/1/2147
f 868/1/868 126/1/126 869/1/869 2149/1/2148
f 2149/1/2148 869/1/869 870/1/870 2152/1/2151
f 2152/1/2151 870/1/870 871/1/871 2155/1/2154
f 2155/1/2154 871/1/871 127/1/127 872/1/872
f 2154/1/2153 2155/1/2154 872/1/872 873/1/873
f 2153/1/2152 2154/1/2153 873/1/873 874/1/874
f 862/1/862 2153/1/2152 874/1/874 125/1/125
f 861/1/861 2150/1/2149 2153/1/2152 862/1/862
f 860/1/860 2147/1/2146 2150/1/2149 861/1/861
f 2156/1/2155 2157/1/2156 2160/1/2159 2159/1/2158
f 2157/1/2156 2158/1/2157 2161/1/2160 2160/1/2159
f 2159/1/2158 2160/1/2159 2163/1/2162 2162/1/2161
f 2160/1/2159 2161/1/2160 2164/1/2163 2163/1/2162
f 35/1/35 406/1/406 2156/1/2155 842/1/842
f 406/1/406 405/1/405 2157/1/2156 2156/1/2155
f 405/1/405 404/1/404 2158/1/2157 2157/1/2156
f 404/1/404 44/1/44 875/1/875 2158/1/2157
f 2158/1/2157 875/1/875 876/1/876 2161/1/2160
f 2161/1/2160 876/1/876 877/1/877 2164/1/2163
f 2164/1/2163 877/1/877 124/1/124 859/1/859
f 2163/1/2162 2164/1/2163 859/1/859 858/1/858
f 2162/1/2161 2163/1/2162 858/1/858 857/1/857
f 844/1/844 2162/1/2161 857/1/857 118/1/118
f 843/1/843 2159/1/2158 2162/1/2161 844/1/844
f 842/1/842 2156/1/2155 2159/1/2158 843/1/843
f 2165/1/2164 2166/1/2165 2169/1/2168 2168/1/2167
f 2166/1/2165 2167/1/2166 2170/1/2169 2169/1/2168
f 2168/1/2167 2169/1/2168 2172/1/2171 2171/1/2170
f 2169/1/2168 2170/1/2169 2173/1/2172 2172/1/2171
f 129/1/129 878/1/878 2165/1/2164 886/1/886
f 878/1/878 879/1/879 2166/1/2165 2165/1/2164
f 879/1/879 880/1/880 2167/1/2166 2166/1/2165
f 880/1/880 127/1/127 871/1/871 2167/1/2166
f 2167/1/2166 871/1/871 870/1/870 2170/1/2169
f 2170/1/2169 870/1/870 869/1/869 2173/1/2172
f 2173/1/2172 869/1/869 126/1/126 881/1/881
f 2172/1/2171 2173/1/2172 881/1/881 882/1/882
f 2171/1/2170 2172/1/2171 882/1/882 883/1/883
f 884/1/884 2171/1/2170 883/1/883 128/1/128
f 885/1/885 2168/1/2167 2171/1/2170 884/1/884
f 886/1/886 2165/1/2164 2168/1/2167 885/1/885
f 2174/1/2173 2175/1/2174 2178/1/2177 2177/1/2176
f 2175/1/2174 2176/1/2175 2179/1/2178 2178/1/2177
f 2177/1/2176 2178/1/2177 2181/1/2180 2180/1/2179
f 2178/1/2177 2179/1/2178 2182/1/2181 2181/1/2180
f 44/1/44 421/1/421 2174/1/2173 875/1/875
f 421/1/421 420/1/420 2175/1/2174 2174/1/2173
f 420/1/420 419/1/419 2176/1/2175 2175/1/2174
f 419/1/419 47/1/47 887/1/887 2176/1/2175
f 2176/1/2175 887/1/887 888/1/888 2179/1/2178
f 2179/1/2178 888/1/888 889/1/889 2182/1/2181
f 2182/1/2181 889/1/889 126/1/126 868/1/868
f 2181/1/2180 2182/1/2181 868/1/868 867/1/867
f 2180/1/2179 2181/1/2180 867/1/867 866/1/866
f 877/1/877 2180/1/2179 866/1/866 124/1/124
f 876/1/876 2177/1/2176 2180/1/2179 877/1/877
f 875/1/875 2174/1/2173 2177/1/2176 876/1/876
f 2183/1/2182 2184/1/2183 2187/1/2186 2186/1/2185
f 2184/1/2183 2185/1/2184 2188/1/2187 2187/1/2186
f 2186/1/2185 2187/1/2186 2190/1/2189 2189/1/2188
f 2187/1/2186 2188/1/2187 2191/1/2190 2190/1/2189
f 131/1/131 890/1/890 2183/1/2182 898/1/898
f 890/1/890 891/1/891 2184/1/2183 2183/1/2182
f 891/1/891 892/1/892 2185/1/2184 2184/1/2183
f 892/1/892 129/1/129 886/1/886 2185/1/2184
f 2185/1/2184 886/1/886 885/1/885 2188/1/2187
f 2188/1/2187 885/1/885 884/1/884 2191/1/2190
f 2191/1/2190 884/1/884 128/1/128 893/1/893
f 2190/1/2189 2191/1/2190 893/1/893 894/1/894
f 2189/1/2188 2190/1/2189 894/1/894 895/1/895
f 896/1/896 2189/1/2188 895/1/895 130/1/130
f 897/1/897 2186/1/2185 2189/1/2188 896/1/896
f 898/1/898 2183/1/2182 2186/1/2185 897/1/897
f 2192/1/2191 2193/1/2192 2196/1/2195 2195/1/2194
f 2193/1/2192 2194/1/2193 2197/1/2196 2196/1/2195
f 2195/1/2194 2196/1/2195 2199/1/2198 2198/1/2197
f 2196/1/2195 2197/1/2196 2200/1/2199 2199/1/2198
f 47/1/47 436/1/436 2192/1/2191 887/1/887
f 436/1/436 435/1/435 2193/1/2192 2192/1/2191
f 435/1/435 434/1/434 2194/1/2193 2193/1/2192
f 434/1/434 50/1/50 899/1/899 2194/1/2193
f 2194/1/2193 899/1/899 900/1/900 2197/1/2196
f 2197/1/2196 900/1/900 901/1/901 2200/1/2199
f 2200/1/2199 901/1/901 128/1/128 883/1/883
f 2199/1/2198 2200/1/2199 883/1/883 882/1/882
f 2198/1/2197 2199/1/2198 882/1/882 881/1/881
f 889/1/889 2198/1/2197 881/1/881 126/1/126
f 888/1/888 2195/1/2194 2198/1/2197 889/1/889
f 887/1/887 2192/1/2191 2195/1/2194 888/1/888
f 2201/1/2200 2202/1/2201 2205/1/2204 2204/1/2203
f 2202/1/2201 2203/1/2202 2206/1/2205 2205/1/2204
f 2204/1/2203 2205/1/2204 2208/1/2207 2207/1/2206
f 2205/1/2204 2206/1/2205 2209/1/2208 2208/1/2207
f 133/1/133 902/1/902 2201/1/2200 913/1/913
f 902/1/902 903/1/903 2202/1/2201 2201/1/2200
f 903/1/903 904/1/904 2203/1/2202 2202/1/2201
f 904/1/904 183/1/183 905/1/905 2203/1/2202
f 2203/1/2202 905/1/905 906/1/906 2206/1/2205
f 2206/1/2205 906/1/906 907/1/907 2209/1/2208
f 2209/1/2208 907/1/907 182/1/182 908/1/908
f 2208/1/2207 2209/1/2208 908/1/908 909/1/909
f 2207/1/2206 2208/1/2207 909/1/909 910/1/910
f 911/1/911 2207/1/2206 910/1/910 132/1/132
f 912/1/912 2204/1/2203 2207/1/2206 911/1/911
f 913/1/913 2201/1/2200 2204/1/2203 912/1/912
f 2210/1/2209 2211/1/2210 2214/1/2213 2213/1/2212
f 2211/1/2210 2212/1/2211 2215/1/2214 2214/1/2213
f 2213/1/2212 2214/1/2213 2217/1/2216 2216/1/2215
f 2214/1/2213 2215/1/2214 2218/1/2217 2217/1/2216
f 50/1/50 454/1/454 2210/1/2209 899/1/899
f 454/1/454 453/1/453 2211/1/2210 2210/1/2209
f 453/1/453 452/1/452 2212/1/2211 2211/1/2210
f 452/1/452 53/1/53 914/1/914 2212/1/2211
f 2212/1/2211 914/1/914 915/1/915 2215/1/2214
f 2215/1/2214 915/1/915 916/1/916 2218/1/2217
f 2218/1/2217 916/1/916 130/1/130 895/1/895
f 2217/1/2216 2218/1/2217 895/1/895 894/1/894
f 2216/1/2215 2217/1/2216 894/1/894 893/1/893
f 901/1/901 2216/1/2215 893/1/893 128/1/128
f 900/1/900 2213/1/2212 2216/1/2215 901/1/901
f 899/1/899 2210/1/2209 2213/1/2212 900/1/900
f 2219/1/2218 2220/1/2219 2223/1/2222 2222/1/2221
f 2220/1/2219 2221/1/2220 2224/1/2223 2223/1/2222
f 2222/1/2221 2223/1/2222 2226/1/2225 2225/1/2224
f 2223/1/2222 2224/1/2223 2227/1/2226 2226/1/2225
f 102/1/102 688/1/688 2219/1/2218 925/1/925
f 688/1/688 687/1/687 2220/1/2219 2219/1/2218
f 687/1/687 686/1/686 2221/1/2220 2220/1/2219
f 686/1/686 117/1/117 917/1/917 2221/1/2220
f 2221/1/2220 917/1/917 918/1/918 2224/1/2223
f 2224/1/2223 918/1/918 919/1/919 2227/1/2226
f 2227/1/2226 919/1/919 142/1/142 920/1/920
f 2226/1/2225 2227/1/2226 920/1/920 921/1/921
f 2225/1/2224 2226/1/2225 921/1/921 922/1/922
f 923/1/923 2225/1/2224 922/1/922 140/1/140
f 924/1/924 2222/1/2221 2225/1/2224 923/1/923
f 925/1/925 2219/1/2218 2222/1/2221 924/1/924
f 2228/1/2227 2229/1/2228 2232/1/2231 2231/1/2230
f 2229/1/2228 2230/1/2229 2233/1/2232 2232/1/2231
f 2231/1/2230 2232/1/2231 2235/1/2234 2234/1/2233
f 2232/1/2231 2233/1/2232 2236/1/2235 2235/1/2234
f 179/1/179 475/1/475 2228/1/2227 931/1/931
f 475/1/475 474/1/474 2229/1/2228 2228/1/2227
f 474/1/474 473/1/473 2230/1/2229 2229/1/2228
f 473/1/473 56/1/56 926/1/926 2230/1/2229
f 2230/1/2229 926/1/926 927/1/927 2233/1/2232
f 2233/1/2232 927/1/927 928/1/928 2236/1/2235
f 2236/1/2235 928/1/928 132/1/132 910/1/910
f 2235/1/2234 2236/1/2235 910/1/910 909/1/909
f 2234/1/2233 2235/1/2234 909/1/909 908/1/908
f 929/1/929 2234/1/2233 908/1/908 182/1/182
f 930/1/930 2231/1/2230 2234/1/2233 929/1/929
f 931/1/931 2228/1/2227 2231/1/2230 930/1/930
f 2237/1/2236 2238/1/2237 2241/1/2240 2240/1/2239
f 2238/1/2237 2239/1/2238 2242/1/2241 2241/1/2240
f 2240/1/2239 2241/1/2240 2244/1/2243 2243/1/2242
f 2241/1/2240 2242/1/2241 2245/1/2244 2244/1/2243
f 122/1/122 709/1/709 2237/1/2236 940/1/940
f 709/1/709 708/1/708 2238/1/2237 2237/1/2236
f 708/1/708 707/1/707 2239/1/2238 2238/1/2237
f 707/1/707 119/1/119 932/1/932 2239/1/2238
f 2239/1/2238 932/1/932 933/1/933 2242/1/2241
f 2242/1/2241 933/1/933 934/1/934 2245/1/2244
f 2245/1/2244 934/1/934 145/1/145 935/1/935
f 2244/1/2243 2245/1/2244 935/1/935 936/1/936
f 2243/1/2242 2244/1/2243 936/1/936 937/1/937
f 938/1/938 2243/1/2242 937/1/937 147/1/147
f 939/1/939 2240/1/2239 2243/1/2242 938/1/938
f 940/1/940 2237/1/2236 2240/1/2239 939/1/939
f 2246/1/2245 2247/1/2246 2250/1/2249 2249/1/2248
f 2247/1/2246 2248/1/2247 2251/1/2250 2250/1/2249
f 2249/1/2248 2250/1/2249 2253/1/2252 2252/1/2251
f 2250/1/2249 2251/1/2250 2254/1/2253 2253/1/2252
f 135/1/135 941/1/941 2246/1/2245 949/1/949
f 941/1/941 942/1/942 2247/1/2246 2246/1/2245
f 942/1/942 943/1/943 2248/1/2247 2247/1/2246
f 943/1/943 136/1/136 944/1/944 2248/1/2247
f 2248/1/2247 944/1/944 945/1/945 2251/1/2250
f 2251/1/2250 945/1/945 946/1/946 2254/1/2253
f 2254/1/2253 946/1/946 63/1/63 490/1/490
f 2253/1/2252 2254/1/2253 490/1/490 489/1/489
f 2252/1/2251 2253/1/2252 489/1/489 488/1/488
f 947/1/947 2252/1/2251 488/1/488 61/1/61
f 948/1/948 2249/1/2248 2252/1/2251 947/1/947
f 949/1/949 2246/1/2245 2249/1/2248 948/1/948
f 2255/1/2254 2256/1/2255 2259/1/2258 2258/1/2257
f 2256/1/2255 2257/1/2256 2260/1/2259 2259/1/2258
f 2258/1/2257 2259/1/2258 2262/1/2261 2261/1/2260
f 2259/1/2258 2260/1/2259 2263/1/2262 2262/1/2261
f 77/1/77 950/1/950 2255/1/2254 497/1/497
f 950/1/950 951/1/951 2256/1/2255 2255/1/2254
f 951/1/951 952/1/952 2257/1/2256 2256/1/2255
f 952/1/952 144/1/144 953/1/953 2257/1/2256
f 2257/1/2256 953/1/953 954/1/954 2260/1/2259
f 2260/1/2259 954/1/954 955/1/955 2263/1/2262
f 2263/1/2262 955/1/955 135/1/135 949/1/949
f 2262/1/2261 2263/1/2262 949/1/949 948/1/948
f 2261/1/2260 2262/1/2261 948/1/948 947/1/947
f 499/1/499 2261/1/2260 947/1/947 61/1/61
f 498/1/498 2258/1/2257 2261/1/2260 499/1/499
f 497/1/497 2255/1/2254 2258/1/2257 498/1/498
f 2264/1/2263 2265/1/2264 2268/1/2267 2267/1/2266
f 2265/1/2264 2266/1/2265 2269/1/2268 2268/1/2267
f 2267/1/2266 2268/1/2267 2271/1/2270 2270/1/2269
f 2268/1/2267 2269/1/2268 2272/1/2271 2271/1/2270
f 137/1/137 956/1/956 2264/1/2263 964/1/964
f 956/1/956 957/1/957 2265/1/2264 2264/1/2263
f 957/1/957 958/1/958 2266/1/2265 2265/1/2264
f 958/1/958 143/1/143 959/1/959 2266/1/2265
f 2266/1/2265 959/1/959 960/1/960 2269/1/2268
f 2269/1/2268 960/1/960 961/1/961 2272/1/2271
f 2272/1/2271 961/1/961 104/1/104 739/1/739
f 2271/1/2270 2272/1/2271 739/1/739 738/1/738
f 2270/1/2269 2271/1/2270 738/1/738 737/1/737
f 962/1/962 2270/1/2269 737/1/737 99/1/99
f 963/1/963 2267/1/2266 2270/1/2269 962/1/962
f 964/1/964 2264/1/2263 2267/1/2266 963/1/963
f 2273/1/2272 2274/1/2273 2277/1/2276 2276/1/2275
f 2274/1/2273 2275/1/2274 2278/1/2277 2277/1/2276
f 2276/1/2275 2277/1/2276 2280/1/2279 2279/1/2278
f 2277/1/2276 2278/1/2277 2281/1/2280 2280/1/2279
f 75/1/75 965/1/965 2273/1/2272 515/1/515
f 965/1/965 966/1/966 2274/1/2273 2273/1/2272
f 966/1/966 967/1/967 2275/1/2274 2274/1/2273
f 967/1/967 143/1/143 958/1/958 2275/1/2274
f 2275/1/2274 958/1/958 957/1/957 2278/1/2277
f 2278/1/2277 957/1/957 956/1/956 2281/1/2280
f 2281/1/2280 956/1/956 137/1/137 968/1/968
f 2280/1/2279 2281/1/2280 968/1/968 969/1/969
f 2279/1/2278 2280/1/2279 969/1/969 970/1/970
f 517/1/517 2279/1/2278 970/1/970 65/1/65
f 516/1/516 2276/1/2275 2279/1/2278 517/1/517
f 515/1/515 2273/1/2272 2276/1/2275 516/1/516
f 2282/1/2281 2283/1/2282 2286/1/2285 2285/1/2284
f 2283/1/2282 2284/1/2283 2287/1/2286 2286/1/2285
f 2285/1/2284 2286/1/2285 2289/1/2288 2288/1/2287
f 2286/1/2285 2287/1/2286 2290/1/2289 2289/1/2288
f 144/1/144 971/1/971 2282/1/2281 953/1/953
f 971/1/971 972/1/972 2283/1/2282 2282/1/2281
f 972/1/972 973/1/973 2284/1/2283 2283/1/2282
f 973/1/973 105/1/105 757/1/757 2284/1/2283
f 2284/1/2283 757/1/757 756/1/756 2287/1/2286
f 2287/1/2286 756/1/756 755/1/755 2290/1/2289
f 2290/1/2289 755/1/755 97/1/97 974/1/974
f 2289/1/2288 2290/1/2289 974/1/974 975/1/975
f 2288/1/2287 2289/1/2288 975/1/975 976/1/976
f 955/1/955 2288/1/2287 976/1/976 135/1/135
f 954/1/954 2285/1/2284 2288/1/2287 955/1/955
f 953/1/953 2282/1/2281 2285/1/2284 954/1/954
f 2291/1/2290 2292/1/2291 2295/1/2294 2294/1/2293
f 2292/1/2291 2293/1/2292 2296/1/2295 2295/1/2294
f 2294/1/2293 2295/1/2294 2298/1/2297 2297/1/2296
f 2295/1/2294 2296/1/2295 2299/1/2298 2298/1/2297
f 137/1/137 977/1/977 2291/1/2290 968/1/968
f 977/1/977 978/1/978 2292/1/2291 2291/1/2290
f 978/1/978 979/1/979 2293/1/2292 2292/1/2291
f 979/1/979 138/1/138 980/1/980 2293/1/2292
f 2293/1/2292 980/1/980 981/1/981 2296/1/2295
f 2296/1/2295 981/1/981 982/1/982 2299/1/2298
f 2299/1/2298 982/1/982 67/1/67 532/1/532
f 2298/1/2297 2299/1/2298 532/1/532 531/1/531
f 2297/1/2296 2298/1/2297 531/1/531 530/1/530
f 970/1/970 2297/1/2296 530/1/530 65/1/65
f 969/1/969 2294/1/2293 2297/1/2296 970/1/970
f 968/1/968 2291/1/2290 2294/1/2293 969/1/969
f 2300/1/2299 2301/1/2300 2304/1/2303 2303/1/2302
f 2301/1/2300 2302/1/2301 2305/1/2304 2304/1/2303
f 2303/1/2302 2304/1/2303 2307/1/2306 2306/1/2305
f 2304/1/2303 2305/1/2304 2308/1/2307 2307/1/2306
f 135/1/135 976/1/976 2300/1/2299 941/1/941
f 976/1/976 975/1/975 2301/1/2300 2300/1/2299
f 975/1/975 974/1/974 2302/1/2301 2301/1/2300
f 974/1/974 97/1/97 772/1/772 2302/1/2301
f 2302/1/2301 772/1/772 771/1/771 2305/1/2304
f 2305/1/2304 771/1/771 770/1/770 2308/1/2307
f 2308/1/2307 770/1/770 98/1/98 983/1/983
f 2307/1/2306 2308/1/2307 983/1/983 984/1/984
f 2306/1/2305 2307/1/2306 984/1/984 985/1/985
f 943/1/943 2306/1/2305 985/1/985 136/1/136
f 942/1/942 2303/1/2302 2306/1/2305 943/1/943
f 941/1/941 2300/1/2299 2303/1/2302 942/1/942
f 2309/1/2308 2310/1/2309 2313/1/2312 2312/1/2311
f 2310/1/2309 2311/1/2310 2314/1/2313 2313/1/2312
f 2312/1/2311 2313/1/2312 2316/1/2315 2315/1/2314
f 2313/1/2312 2314/1/2313 2317/1/2316 2316/1/2315
f 70/1/70 986/1/986 2309/1/2308 542/1/542
f 986/1/986 987/1/987 2310/1/2309 2309/1/2308
f 987/1/987 988/1/988 2311/1/2310 2310/1/2309
f 988/1/988 140/1/140 922/1/922 2311/1/2310
f 2311/1/2310 922/1/922 921/1/921 2314/1/2313
f 2314/1/2313 921/1/921 920/1/920 2317/1/2316
f 2317/1/2316 920/1/920 142/1/142 989/1/989
f 2316/1/2315 2317/1/2316 989/1/989 990/1/990
f 2315/1/2314 2316/1/2315 990/1/990 991/1/991
f 544/1/544 2315/1/2314 991/1/991 79/1/79
f 543/1/543 2312/1/2311 2315/1/2314 544/1/544
f 542/1/542 2309/1/2308 2312/1/2311 543/1/543
f 2318/1/2317 2319/1/2318 2322/1/2321 2321/1/2320
f 2319/1/2318 2320/1/2319 2323/1/2322 2322/1/2321
f 2321/1/2320 2322/1/2321 2325/1/2324 2324/1/2323
f 2322/1/2321 2323/1/2322 2326/1/2325 2325/1/2324
f 138/1/138 992/1/992 2318/1/2317 980/1/980
f 992/1/992 993/1/993 2319/1/2318 2318/1/2317
f 993/1/993 994/1/994 2320/1/2319 2319/1/2318
f 994/1/994 139/1/139 995/1/995 2320/1/2319
f 2320/1/2319 995/1/995 996/1/996 2323/1/2322
f 2323/1/2322 996/1/996 997/1/997 2326/1/2325
f 2326/1/2325 997/1/997 68/1/68 553/1/553
f 2325/1/2324 2326/1/2325 553/1/553 552/1/552
f 2324/1/2323 2325/1/2324 552/1/552 551/1/551
f 982/1/982 2324/1/2323 551/1/551 67/1/67
f 981/1/981 2321/1/2320 2324/1/2323 982/1/982
f 980/1/980 2318/1/2317 2321/1/2320 981/1/981
f 2327/1/2326 2328/1/2327 2331/1/2330 2330/1/2329
f 2328/1/2327 2329/1/2328 2332/1/2331 2331/1/2330
f 2330/1/2329 2331/1/2330 2334/1/2333 2333/1/2332
f 2331/1/2330 2332/1/2331 2335/1/2334 2334/1/2333
f 99/1/99 790/1/790 2327/1/2326 962/1/962
f 790/1/790 789/1/789 2328/1/2327 2327/1/2326
f 789/1/789 788/1/788 2329/1/2328 2328/1/2327
f 788/1/788 100/1/100 998/1/998 2329/1/2328
f 2329/1/2328 998/1/998 999/1/999 2332/1/2331
f 2332/1/2331 999/1/999 1000/1/1000 2335/1/2334
f 2335/1/2334 1000/1/1000 138/1/138 979/1/979
f 2334/1/2333 2335/1/2334 979/1/979 978/1/978
f 2333/1/2332 2334/1/2333 978/1/978 977/1/977
f 964/1/964 2333/1/2332 977/1/977 137/1/137
f 963/1/963 2330/1/2329 2333/1/2332 964/1/964
f 962/1/962 2327/1/2326 2330/1/2329 963/1/963
f 2336/1/2335 2337/1/2336 2340/1/2339 2339/1/2338
f 2337/1/2336 2338/1/2337 2341/1/2340 2340/1/2339
f 2339/1/2338 2340/1/2339 2343/1/2342 2342/1/2341
f 2340/1/2339 2341/1/2340 2344/1/2343 2343/1/2342
f 134/1/134 1001/1/1001 2336/1/2335 1006/1/1006
f 1001/1/1001 1002/1/1002 2337/1/2336 2336/1/2335
f 1002/1/1002 1003/1/1003 2338/1/2337 2337/1/2336
f 1003/1/1003 96/1/96 796/1/796 2338/1/2337
f 2338/1/2337 796/1/796 795/1/795 2341/1/2340
f 2341/1/2340 795/1/795 794/1/794 2344/1/2343
f 2344/1/2343 794/1/794 105/1/105 973/1/973
f 2343/1/2342 2344/1/2343 973/1/973 972/1/972
f 2342/1/2341 2343/1/2342 972/1/972 971/1/971
f 1004/1/1004 2342/1/2341 971/1/971 144/1/144
f 1005/1/1005 2339/1/2338 2342/1/2341 1004/1/1004
f 1006/1/1006 2336/1/2335 2339/1/2338 1005/1/1005
f 2345/1/2344 2346/1/2345 2349/1/2348 2348/1/2347
f 2346/1/2345 2347/1/2346 2350/1/2349 2349/1/2348
f 2348/1/2347 2349/1/2348 2352/1/2351 2351/1/2350
f 2349/1/2348 2350/1/2349 2353/1/2352 2352/1/2351
f 139/1/139 1007/1/1007 2345/1/2344 995/1/995
f 1007/1/1007 1008/1/1008 2346/1/2345 2345/1/2344
f 1008/1/1008 1009/1/1009 2347/1/2346 2346/1/2345
f 1009/1/1009 140/1/140 988/1/988 2347/1/2346
f 2347/1/2346 988/1/988 987/1/987 2350/1/2349
f 2350/1/2349 987/1/987 986/1/986 2353/1/2352
f 2353/1/2352 986/1/986 70/1/70 571/1/571
f 2352/1/2351 2353/1/2352 571/1/571 570/1/570
f 2351/1/2350 2352/1/2351 570/1/570 569/1/569
f 997/1/997 2351/1/2350 569/1/569 68/1/68
f 996/1/996 2348/1/2347 2351/1/2350 997/1/997
f 995/1/995 2345/1/2344 2348/1/2347 996/1/996
f 2354/1/2353 2355/1/2354 2358/1/2357 2357/1/2356
f 2355/1/2354 2356/1/2355 2359/1/2358 2358/1/2357
f 2357/1/2356 2358/1/2357 2361/1/2360 2360/1/2359
f 2358/1/2357 2359/1/2358 2362/1/2361 2361/1/2360
f 100/1/100 808/1/808 2354/1/2353 998/1/998
f 808/1/808 807/1/807 2355/1/2354 2354/1/2353
f 807/1/807 806/1/806 2356/1/2355 2355/1/2354
f 806/1/806 101/1/101 1010/1/1010 2356/1/2355
f 2356/1/2355 1010/1/1010 1011/1/1011 2359/1/2358
f 2359/1/2358 1011/1/1011 1012/1/1012 2362/1/2361
f 2362/1/2361 1012/1/1012 139/1/139 994/1/994
f 2361/1/2360 2362/1/2361 994/1/994 993/1/993
f 2360/1/2359 2361/1/2360 993/1/993 992/1/992
f 1000/1/1000 2360/1/2359 992/1/992 138/1/138
f 999/1/999 2357/1/2356 2360/1/2359 1000/1/1000
f 998/1/998 2354/1/2353 2357/1/2356 999/1/999
f 2363/1/2362 2364/1/2363 2367/1/2366 2366/1/2365
f 2364/1/2363 2365/1/2364 2368/1/2367 2367/1/2366
f 2366/1/2365 2367/1/2366 2370/1/2369 2369/1/2368
f 2367/1/2366 2368/1/2367 2371/1/2370 2370/1/2369
f 101/1/101 811/1/811 2363/1/2362 1010/1/1010
f 811/1/811 810/1/810 2364/1/2363 2363/1/2362
f 810/1/810 809/1/809 2365/1/2364 2364/1/2363
f 809/1/809 102/1/102 925/1/925 2365/1/2364
f 2365/1/2364 925/1/925 924/1/924 2368/1/2367
f 2368/1/2367 924/1/924 923/1/923 2371/1/2370
f 2371/1/2370 923/1/923 140/1/140 1009/1/1009
f 2370/1/2369 2371/1/2370 1009/1/1009 1008/1/1008
f 2369/1/2368 2370/1/2369 1008/1/1008 1007/1/1007
f 1012/1/1012 2369/1/2368 1007/1/1007 139/1/139
f 1011/1/1011 2366/1/2365 2369/1/2368 1012/1/1012
f 1010/1/1010 2363/1/2362 2366/1/2365 1011/1/1011
f 2372/1/2371 2373/1/2372 2376/1/2375 2375/1/2374
f 2373/1/2372 2374/1/2373 2377/1/2376 2376/1/2375
f 2375/1/2374 2376/1/2375 2379/1/2378 2378/1/2377
f 2376/1/2375 2377/1/2376 2380/1/2379 2379/1/2378
f 59/1/59 589/1/589 2372/1/2371 1021/1/1021
f 589/1/589 588/1/588 2373/1/2372 2372/1/2371
f 588/1/588 587/1/587 2374/1/2373 2373/1/2372
f 587/1/587 72/1/72 1013/1/1013 2374/1/2373
f 2374/1/2373 1013/1/1013 1014/1/1014 2377/1/2376
f 2377/1/2376 1014/1/1014 1015/1/1015 2380/1/2379
f 2380/1/2379 1015/1/1015 141/1/141 1016/1/1016
f 2379/1/2378 2380/1/2379 1016/1/1016 1017/1/1017
f 2378/1/2377 2379/1/2378 1017/1/1017 1018/1/1018
f 1019/1/1019 2378/1/2377 1018/1/1018 134/1/134
f 1020/1/1020 2375/1/2374 2378/1/2377 1019/1/1019
f 1021/1/1021 2372/1/2371 2375/1/2374 1020/1/1020
f 2381/1/2380 2382/1/2381 2385/1/2384 2384/1/2383
f 2382/1/2381 2383/1/2382 2386/1/2385 2385/1/2384
f 2384/1/2383 2385/1/2384 2388/1/2387 2387/1/2386
f 2385/1/2384 2386/1/2385 2389/1/2388 2388/1/2387
f 63/1/63 946/1/946 2381/1/2380 590/1/590
f 946/1/946 945/1/945 2382/1/2381 2381/1/2380
f 945/1/945 944/1/944 2383/1/2382 2382/1/2381
f 944/1/944 136/1/136 1022/1/1022 2383/1/2382
f 2383/1/2382 1022/1/1022 1023/1/1023 2386/1/2385
f 2386/1/2385 1023/1/1023 1024/1/1024 2389/1/2388
f 2389/1/2388 1024/1/1024 143/1/143 967/1/967
f 2388/1/2387 2389/1/2388 967/1/967 966/1/966
f 2387/1/2386 2388/1/2387 966/1/966 965/1/965
f 592/1/592 2387/1/2386 965/1/965 75/1/75
f 591/1/591 2384/1/2383 2387/1/2386 592/1/592
f 590/1/590 2381/1/2380 2384/1/2383 591/1/591
f 2390/1/2389 2391/1/2390 2394/1/2393 2393/1/2392
f 2391/1/2390 2392/1/2391 2395/1/2394 2394/1/2393
f 2393/1/2392 2394/1/2393 2397/1/2396 2396/1/2395
f 2394/1/2393 2395/1/2394 2398/1/2397 2397/1/2396
f 134/1/134 1018/1/1018 2390/1/2389 1001/1/1001
f 1018/1/1018 1017/1/1017 2391/1/2390 2390/1/2389
f 1017/1/1017 1016/1/1016 2392/1/2391 2391/1/2390
f 1016/1/1016 141/1/141 1025/1/1025 2392/1/2391
f 2392/1/2391 1025/1/1025 1026/1/1026 2395/1/2394
f 2395/1/2394 1026/1/1026 1027/1/1027 2398/1/2397
f 2398/1/2397 1027/1/1027 103/1/103 826/1/826
f 2397/1/2396 2398/1/2397 826/1/826 825/1/825
f 2396/1/2395 2397/1/2396 825/1/825 824/1/824
f 1003/1/1003 2396/1/2395 824/1/824 96/1/96
f 1002/1/1002 2393/1/2392 2396/1/2395 1003/1/1003
f 1001/1/1001 2390/1/2389 2393/1/2392 1002/1/1002
f 2399/1/2398 2400/1/2399 2403/1/2402 2402/1/2401
f 2400/1/2399 2401/1/2400 2404/1/2403 2403/1/2402
f 2402/1/2401 2403/1/2402 2406/1/2405 2405/1/2404
f 2403/1/2402 2404/1/2403 2407/1/2406 2406/1/2405
f 136/1/136 985/1/985 2399/1/2398 1022/1/1022
f 985/1/985 984/1/984 2400/1/2399 2399/1/2398
f 984/1/984 983/1/983 2401/1/2400 2400/1/2399
f 983/1/983 98/1/98 832/1/832 2401/1/2400
f 2401/1/2400 832/1/832 831/1/831 2404/1/2403
f 2404/1/2403 831/1/831 830/1/830 2407/1/2406
f 2407/1/2406 830/1/830 104/1/104 961/1/961
f 2406/1/2405 2407/1/2406 961/1/961 960/1/960
f 2405/1/2404 2406/1/2405 960/1/960 959/1/959
f 1024/1/1024 2405/1/2404 959/1/959 143/1/143
f 1023/1/1023 2402/1/2401 2405/1/2404 1024/1/1024
f 1022/1/1022 2399/1/2398 2402/1/2401 1023/1/1023
f 2408/1/2407 2409/1/2408 2412/1/2411 2411/1/2410
f 2409/1/2408 2410/1/2409 2413/1/2412 2412/1/2411
f 2411/1/2410 2412/1/2411 2415/1/2414 2414/1/2413
f 2412/1/2411 2413/1/2412 2416/1/2415 2415/1/2414
f 59/1/59 1021/1/1021 2408/1/2407 599/1/599
f 1021/1/1021 1020/1/1020 2409/1/2408 2408/1/2407
f 1020/1/1020 1019/1/1019 2410/1/2409 2409/1/2408
f 1019/1/1019 134/1/134 1006/1/1006 2410/1/2409
f 2410/1/2409 1006/1/1006 1005/1/1005 2413/1/2412
f 2413/1/2412 1005/1/1005 1004/1/1004 2416/1/2415
f 2416/1/2415 1004/1/1004 144/1/144 952/1/952
f 2415/1/2414 2416/1/2415 952/1/952 951/1/951
f 2414/1/2413 2415/1/2414 951/1/951 950/1/950
f 601/1/601 2414/1/2413 950/1/950 77/1/77
f 600/1/600 2411/1/2410 2414/1/2413 601/1/601
f 599/1/599 2408/1/2407 2411/1/2410 600/1/600
f 2417/1/2416 2418/1/2417 2421/1/2420 2420/1/2419
f 2418/1/2417 2419/1/2418 2422/1/2421 2421/1/2420
f 2420/1/2419 2421/1/2420 2424/1/2423 2423/1/2422
f 2421/1/2420 2422/1/2421 2425/1/2424 2424/1/2423
f 142/1/142 919/1/919 2417/1/2416 1033/1/1033
f 919/1/919 918/1/918 2418/1/2417 2417/1/2416
f 918/1/918 917/1/917 2419/1/2418 2418/1/2417
f 917/1/917 117/1/117 841/1/841 2419/1/2418
f 2419/1/2418 841/1/841 840/1/840 2422/1/2421
f 2422/1/2421 840/1/840 839/1/839 2425/1/2424
f 2425/1/2424 839/1/839 121/1/121 1028/1/1028
f 2424/1/2423 2425/1/2424 1028/1/1028 1029/1/1029
f 2423/1/2422 2424/1/2423 1029/1/1029 1030/1/1030
f 1031/1/1031 2423/1/2422 1030/1/1030 146/1/146
f 1032/1/1032 2420/1/2419 2423/1/2422 1031/1/1031
f 1033/1/1033 2417/1/2416 2420/1/2419 1032/1/1032
f 2426/1/2425 2427/1/2426 2430/1/2429 2429/1/2428
f 2427/1/2426 2428/1/2427 2431/1/2430 2430/1/2429
f 2429/1/2428 2430/1/2429 2433/1/2432 2432/1/2431
f 2430/1/2429 2431/1/2430 2434/1/2433 2433/1/2432
f 84/1/84 1034/1/1034 2426/1/2425 608/1/608
f 1034/1/1034 1035/1/1035 2427/1/2426 2426/1/2425
f 1035/1/1035 1036/1/1036 2428/1/2427 2427/1/2426
f 1036/1/1036 147/1/147 937/1/937 2428/1/2427
f 2428/1/2427 937/1/937 936/1/936 2431/1/2430
f 2431/1/2430 936/1/936 935/1/935 2434/1/2433
f 2434/1/2433 935/1/935 145/1/145 1037/1/1037
f 2433/1/2432 2434/1/2433 1037/1/1037 1038/1/1038
f 2432/1/2431 2433/1/2432 1038/1/1038 1039/1/1039
f 610/1/610 2432/1/2431 1039/1/1039 81/1/81
f 609/1/609 2429/1/2428 2432/1/2431 610/1/610
f 608/1/608 2426/1/2425 2429/1/2428 609/1/609
f 2435/1/2434 2436/1/2435 2439/1/2438 2438/1/2437
f 2436/1/2435 2437/1/2436 2440/1/2439 2439/1/2438
f 2438/1/2437 2439/1/2438 2442/1/2441 2441/1/2440
f 2439/1/2438 2440/1/2439 2443/1/2442 2442/1/2441
f 79/1/79 991/1/991 2435/1/2434 617/1/617
f 991/1/991 990/1/990 2436/1/2435 2435/1/2434
f 990/1/990 989/1/989 2437/1/2436 2436/1/2435
f 989/1/989 142/1/142 1033/1/1033 2437/1/2436
f 2437/1/2436 1033/1/1033 1032/1/1032 2440/1/2439
f 2440/1/2439 1032/1/1032 1031/1/1031 2443/1/2442
f 2443/1/2442 1031/1/1031 146/1/146 1040/1/1040
f 2442/1/2441 2443/1/2442 1040/1/1040 1041/1/1041
f 2441/1/2440 2442/1/2441 1041/1/1041 1042/1/1042
f 619/1/619 2441/1/2440 1042/1/1042 82/1/82
f 618/1/618 2438/1/2437 2441/1/2440 619/1/619
f 617/1/617 2435/1/2434 2438/1/2437 618/1/618
f 2444/1/2443 2445/1/2444 2448/1/2447 2447/1/2446
f 2445/1/2444 2446/1/2445 2449/1/2448 2448/1/2447
f 2447/1/2446 2448/1/2447 2451/1/2450 2450/1/2449
f 2448/1/2447 2449/1/2448 2452/1/2451 2451/1/2450
f 146/1/146 1030/1/1030 2444/1/2443 1045/1/1045
f 1030/1/1030 1029/1/1029 2445/1/2444 2444/1/2443
f 1029/1/1029 1028/1/1028 2446/1/2445 2445/1/2444
f 1028/1/1028 121/1/121 856/1/856 2446/1/2445
f 2446/1/2445 856/1/856 855/1/855 2449/1/2448
f 2449/1/2448 855/1/855 854/1/854 2452/1/2451
f 2452/1/2451 854/1/854 122/1/122 940/1/940
f 2451/1/2450 2452/1/2451 940/1/940 939/1/939
f 2450/1/2449 2451/1/2450 939/1/939 938/1/938
f 1043/1/1043 2450/1/2449 938/1/938 147/1/147
f 1044/1/1044 2447/1/2446 2450/1/2449 1043/1/1043
f 1045/1/1045 2444/1/2443 2447/1/2446 1044/1/1044
f 2453/1/2452 2454/1/2453 2457/1/2456 2456/1/2455
f 2454/1/2453 2455/1/2454 2458/1/2457 2457/1/2456
f 2456/1/2455 2457/1/2456 2460/1/2459 2459/1/2458
f 2457/1/2456 2458/1/2457 2461/1/2460 2460/1/2459
f 82/1/82 1042/1/1042 2453/1/2452 626/1/626
f 1042/1/1042 1041/1/1041 2454/1/2453 2453/1/2452
f 1041/1/1041 1040/1/1040 2455/1/2454 2454/1/2453
f 1040/1/1040 146/1/146 1045/1/1045 2455/1/2454
f 2455/1/2454 1045/1/1045 1044/1/1044 2458/1/2457
f 2458/1/2457 1044/1/1044 1043/1/1043 2461/1/2460
f 2461/1/2460 1043/1/1043 147/1/147 1036/1/1036
f 2460/1/2459 2461/1/2460 1036/1/1036 1035/1/1035
f 2459/1/2458 2460/1/2459 1035/1/1035 1034/1/1034
f 628/1/628 2459/1/2458 1034/1/1034 84/1/84
f 627/1/627 2456/1/2455 2459/1/2458 628/1/628
f 626/1/626 2453/1/2452 2456/1/2455 627/1/627
f 2462/1/2461 2463/1/2462 2466/1/2465 2465/1/2464
f 2463/1/2462 2464/1/2463 2467/1/2466 2466/1/2465
f 2465/1/2464 2466/1/2465 2469/1/2468 2468/1/2467
f 2466/1/2465 2467/1/2466 2470/1/2469 2469/1/2468
f 145/1/145 934/1/934 2462/1/2461 1051/1/1051
f 934/1/934 933/1/933 2463/1/2462 2462/1/2461
f 933/1/933 932/1/932 2464/1/2463 2463/1/2462
f 932/1/932 119/1/119 865/1/865 2464/1/2463
f 2464/1/2463 865/1/865 864/1/864 2467/1/2466
f 2467/1/2466 864/1/864 863/1/863 2470/1/2469
f 2470/1/2469 863/1/863 125/1/125 1046/1/1046
f 2469/1/2468 2470/1/2469 1046/1/1046 1047/1/1047
f 2468/1/2467 2469/1/2468 1047/1/1047 1048/1/1048
f 1049/1/1049 2468/1/2467 1048/1/1048 148/1/148
f 1050/1/1050 2465/1/2464 2468/1/2467 1049/1/1049
f 1051/1/1051 2462/1/2461 2465/1/2464 1050/1/1050
f 2471/1/2470 2472/1/2471 2475/1/2474 2474/1/2473
f 2472/1/2471 2473/1/2472 2476/1/2475 2475/1/2474
f 2474/1/2473 2475/1/2474 2478/1/2477 2477/1/2476
f 2475/1/2474 2476/1/2475 2479/1/2478 2478/1/2477
f 148/1/148 1048/1/1048 2471/1/2470 1057/1/1057
f 1048/1/1048 1047/1/1047 2472/1/2471 2471/1/2470
f 1047/1/1047 1046/1/1046 2473/1/2472 2472/1/2471
f 1046/1/1046 125/1/125 874/1/874 2473/1/2472
f 2473/1/2472 874/1/874 873/1/873 2476/1/2475
f 2476/1/2475 873/1/873 872/1/872 2479/1/2478
f 2479/1/2478 872/1/872 127/1/127 1052/1/1052
f 2478/1/2477 2479/1/2478 1052/1/1052 1053/1/1053
f 2477/1/2476 2478/1/2477 1053/1/1053 1054/1/1054
f 1055/1/1055 2477/1/2476 1054/1/1054 149/1/149
f 1056/1/1056 2474/1/2473 2477/1/2476 1055/1/1055
f 1057/1/1057 2471/1/2470 2474/1/2473 1056/1/1056
f 2480/1/2479 2481/1/2480 2484/1/2483 2483/1/2482
f 2481/1/2480 2482/1/2481 2485/1/2484 2484/1/2483
f 2483/1/2482 2484/1/2483 2487/1/2486 2486/1/2485
f 2484/1/2483 2485/1/2484 2488/1/2487 2487/1/2486
f 81/1/81 1039/1/1039 2480/1/2479 641/1/641
f 1039/1/1039 1038/1/1038 2481/1/2480 2480/1/2479
f 1038/1/1038 1037/1/1037 2482/1/2481 2481/1/2480
f 1037/1/1037 145/1/145 1051/1/1051 2482/1/2481
f 2482/1/2481 1051/1/1051 1050/1/1050 2485/1/2484
f 2485/1/2484 1050/1/1050 1049/1/1049 2488/1/2487
f 2488/1/2487 1049/1/1049 148/1/148 1058/1/1058
f 2487/1/2486 2488/1/2487 1058/1/1058 1059/1/1059
f 2486/1/2485 2487/1/2486 1059/1/1059 1060/1/1060
f 643/1/643 2486/1/2485 1060/1/1060 87/1/87
f 642/1/642 2483/1/2482 2486/1/2485 643/1/643
f 641/1/641 2480/1/2479 2483/1/2482 642/1/642
f 2489/1/2488 2490/1/2489 2493/1/2492 2492/1/2491
f 2490/1/2489 2491/1/2490 2494/1/2493 2493/1/2492
f 2492/1/2491 2493/1/2492 2496/1/2495 2495/1/2494
f 2493/1/2492 2494/1/2493 2497/1/2496 2496/1/2495
f 127/1/127 880/1/880 2489/1/2488 1052/1/1052
f 880/1/880 879/1/879 2490/1/2489 2489/1/2488
f 879/1/879 878/1/878 2491/1/2490 2490/1/2489
f 878/1/878 129/1/129 1061/1/1061 2491/1/2490
f 2491/1/2490 1061/1/1061 1062/1/1062 2494/1/2493
f 2494/1/2493 1062/1/1062 1063/1/1063 2497/1/2496
f 2497/1/2496 1063/1/1063 150/1/150 1064/1/1064
f 2496/1/2495 2497/1/2496 1064/1/1064 1065/1/1065
f 2495/1/2494 2496/1/2495 1065/1/1065 1066/1/1066
f 1054/1/1054 2495/1/2494 1066/1/1066 149/1/149
f 1053/1/1053 2492/1/2491 2495/1/2494 1054/1/1054
f 1052/1/1052 2489/1/2488 2492/1/2491 1053/1/1053
f 2498/1/2497 2499/1/2498 2502/1/2501 2501/1/2500
f 2499/1/2498 2500/1/2499 2503/1/2502 2502/1/2501
f 2501/1/2500 2502/1/2501 2505/1/2504 2504/1/2503
f 2502/1/2501 2503/1/2502 2506/1/2505 2505/1/2504
f 87/1/87 1060/1/1060 2498/1/2497 653/1/653
f 1060/1/1060 1059/1/1059 2499/1/2498 2498/1/2497
f 1059/1/1059 1058/1/1058 2500/1/2499 2499/1/2498
f 1058/1/1058 148/1/148 1057/1/1057 2500/1/2499
f 2500/1/2499 1057/1/1057 1056/1/1056 2503/1/2502
f 2503/1/2502 1056/1/1056 1055/1/1055 2506/1/2505
f 2506/1/2505 1055/1/1055 149/1/149 1067/1/1067
f 2505/1/2504 2506/1/2505 1067/1/1067 1068/1/1068
f 2504/1/2503 2505/1/2504 1068/1/1068 1069/1/1069
f 655/1/655 2504/1/2503 1069/1/1069 89/1/89
f 654/1/654 2501/1/2500 2504/1/2503 655/1/655
f 653/1/653 2498/1/2497 2501/1/2500 654/1/654
f 2507/1/2506 2508/1/2507 2511/1/2510 2510/1/2509
f 2508/1/2507 2509/1/2508 2512/1/2511 2511/1/2510
f 2510/1/2509 2511/1/2510 2514/1/2513 2513/1/2512
f 2511/1/2510 2512/1/2511 2515/1/2514 2514/1/2513
f 129/1/129 892/1/892 2507/1/2506 1061/1/1061
f 892/1/892 891/1/891 2508/1/2507 2507/1/2506
f 891/1/891 890/1/890 2509/1/2508 2508/1/2507
f 890/1/890 131/1/131 1070/1/1070 2509/1/2508
f 2509/1/2508 1070/1/1070 1071/1/1071 2512/1/2511
f 2512/1/2511 1071/1/1071 1072/1/1072 2515/1/2514
f 2515/1/2514 1072/1/1072 151/1/151 1073/1/1073
f 2514/1/2513 2515/1/2514 1073/1/1073 1074/1/1074
f 2513/1/2512 2514/1/2513 1074/1/1074 1075/1/1075
f 1063/1/1063 2513/1/2512 1075/1/1075 150/1/150
f 1062/1/1062 2510/1/2509 2513/1/2512 1063/1/1063
f 1061/1/1061 2507/1/2506 2510/1/2509 1062/1/1062
f 2516/1/2515 2517/1/2516 2520/1/2519 2519/1/2518
f 2517/1/2516 2518/1/2517 2521/1/2520 2520/1/2519
f 2519/1/2518 2520/1/2519 2523/1/2522 2522/1/2521
f 2520/1/2519 2521/1/2520 2524/1/2523 2523/1/2522
f 89/1/89 1069/1/1069 2516/1/2515 665/1/665
f 1069/1/1069 1068/1/1068 2517/1/2516 2516/1/2515
f 1068/1/1068 1067/1/1067 2518/1/2517 2517/1/2516
f 1067/1/1067 149/1/149 1066/1/1066 2518/1/2517
f 2518/1/2517 1066/1/1066 1065/1/1065 2521/1/2520
f 2521/1/2520 1065/1/1065 1064/1/1064 2524/1/2523
f 2524/1/2523 1064/1/1064 150/1/150 1076/1/1076
f 2523/1/2522 2524/1/2523 1076/1/1076 1077/1/1077
f 2522/1/2521 2523/1/2522 1077/1/1077 1078/1/1078
f 667/1/667 2522/1/2521 1078/1/1078 91/1/91
f 666/1/666 2519/1/2518 2522/1/2521 667/1/667
f 665/1/665 2516/1/2515 2519/1/2518 666/1/666
f 2525/1/2524 2526/1/2525 2529/1/2528 2528/1/2527
f 2526/1/2525 2527/1/2526 2530/1/2529 2529/1/2528
f 2528/1/2527 2529/1/2528 2532/1/2531 2531/1/2530
f 2529/1/2528 2530/1/2529 2533/1/2532 2532/1/2531
f 183/1/183 904/1/904 2525/1/2524 1087/1/1087
f 904/1/904 903/1/903 2526/1/2525 2525/1/2524
f 903/1/903 902/1/902 2527/1/2526 2526/1/2525
f 902/1/902 133/1/133 1079/1/1079 2527/1/2526
f 2527/1/2526 1079/1/1079 1080/1/1080 2530/1/2529
f 2530/1/2529 1080/1/1080 1081/1/1081 2533/1/2532
f 2533/1/2532 1081/1/1081 152/1/152 1082/1/1082
f 2532/1/2531 2533/1/2532 1082/1/1082 1083/1/1083
f 2531/1/2530 2532/1/2531 1083/1/1083 1084/1/1084
f 1085/1/1085 2531/1/2530 1084/1/1084 184/1/184
f 1086/1/1086 2528/1/2527 2531/1/2530 1085/1/1085
f 1087/1/1087 2525/1/2524 2528/1/2527 1086/1/1086
f 2534/1/2533 2535/1/2534 2538/1/2537 2537/1/2536
f 2535/1/2534 2536/1/2535 2539/1/2538 2538/1/2537
f 2537/1/2536 2538/1/2537 2541/1/2540 2540/1/2539
f 2538/1/2537 2539/1/2538 2542/1/2541 2541/1/2540
f 91/1/91 1078/1/1078 2534/1/2533 680/1/680
f 1078/1/1078 1077/1/1077 2535/1/2534 2534/1/2533
f 1077/1/1077 1076/1/1076 2536/1/2535 2535/1/2534
f 1076/1/1076 150/1/150 1075/1/1075 2536/1/2535
f 2536/1/2535 1075/1/1075 1074/1/1074 2539/1/2538
f 2539/1/2538 1074/1/1074 1073/1/1073 2542/1/2541
f 2542/1/2541 1073/1/1073 151/1/151 1088/1/1088
f 2541/1/2540 2542/1/2541 1088/1/1088 1089/1/1089
f 2540/1/2539 2541/1/2540 1089/1/1089 1090/1/1090
f 682/1/682 2540/1/2539 1090/1/1090 93/1/93
f 681/1/681 2537/1/2536 2540/1/2539 682/1/682
f 680/1/680 2534/1/2533 2537/1/2536 681/1/681
f 2543/1/2542 2544/1/2543 2547/1/2546 2546/1/2545
f 2544/1/2543 2545/1/2544 2548/1/2547 2547/1/2546
f 2546/1/2545 2547/1/2546 2550/1/2549 2549/1/2548
f 2547/1/2546 2548/1/2547 2551/1/2550 2550/1/2549
f 161/1/161 1091/1/1091 2543/1/2542 1102/1/1102
f 1091/1/1091 1092/1/1092 2544/1/2543 2543/1/2542
f 1092/1/1092 1093/1/1093 2545/1/2544 2544/1/2543
f 1093/1/1093 162/1/162 1094/1/1094 2545/1/2544
f 2545/1/2544 1094/1/1094 1095/1/1095 2548/1/2547
f 2548/1/2547 1095/1/1095 1096/1/1096 2551/1/2550
f 2551/1/2550 1096/1/1096 154/1/154 1097/1/1097
f 2550/1/2549 2551/1/2550 1097/1/1097 1098/1/1098
f 2549/1/2548 2550/1/2549 1098/1/1098 1099/1/1099
f 1100/1/1100 2549/1/2548 1099/1/1099 153/1/153
f 1101/1/1101 2546/1/2545 2549/1/2548 1100/1/1100
f 1102/1/1102 2543/1/2542 2546/1/2545 1101/1/1101
f 2552/1/2551 2553/1/2552 2556/1/2555 2555/1/2554
f 2553/1/2552 2554/1/2553 2557/1/2556 2556/1/2555
f 2555/1/2554 2556/1/2555 2559/1/2558 2558/1/2557
f 2556/1/2555 2557/1/2556 2560/1/2559 2559/1/2558
f 181/1/181 1103/1/1103 2552/1/2551 698/1/698
f 1103/1/1103 1104/1/1104 2553/1/2552 2552/1/2551
f 1104/1/1104 1105/1/1105 2554/1/2553 2553/1/2552
f 1105/1/1105 184/1/184 1084/1/1084 2554/1/2553
f 2554/1/2553 1084/1/1084 1083/1/1083 2557/1/2556
f 2557/1/2556 1083/1/1083 1082/1/1082 2560/1/2559
f 2560/1/2559 1082/1/1082 152/1/152 1106/1/1106
f 2559/1/2558 2560/1/2559 1106/1/1106 1107/1/1107
f 2558/1/2557 2559/1/2558 1107/1/1107 1108/1/1108
f 700/1/700 2558/1/2557 1108/1/1108 95/1/95
f 699/1/699 2555/1/2554 2558/1/2557 700/1/700
f 698/1/698 2552/1/2551 2555/1/2554 699/1/699
f 2561/1/2560 2562/1/2561 2565/1/2564 2564/1/2563
f 2562/1/2561 2563/1/2562 2566/1/2565 2565/1/2564
f 2564/1/2563 2565/1/2564 2568/1/2567 2567/1/2566
f 2565/1/2564 2566/1/2565 2569/1/2568 2568/1/2567
f 54/1/54 1109/1/1109 2561/1/2560 425/1/425
f 1109/1/1109 1110/1/1110 2562/1/2561 2561/1/2560
f 1110/1/1110 1111/1/1111 2563/1/2562 2562/1/2561
f 1111/1/1111 162/1/162 1093/1/1093 2563/1/2562
f 2563/1/2562 1093/1/1093 1092/1/1092 2566/1/2565
f 2566/1/2565 1092/1/1092 1091/1/1091 2569/1/2568
f 2569/1/2568 1091/1/1091 161/1/161 1112/1/1112
f 2568/1/2567 2569/1/2568 1112/1/1112 1113/1/1113
f 2567/1/2566 2568/1/2567 1113/1/1113 1114/1/1114
f 427/1/427 2567/1/2566 1114/1/1114 52/1/52
f 426/1/426 2564/1/2563 2567/1/2566 427/1/427
f 425/1/425 2561/1/2560 2564/1/2563 426/1/426
f 2570/1/2569 2571/1/2570 2574/1/2573 2573/1/2572
f 2571/1/2570 2572/1/2571 2575/1/2574 2574/1/2573
f 2573/1/2572 2574/1/2573 2577/1/2576 2576/1/2575
f 2574/1/2573 2575/1/2574 2578/1/2577 2577/1/2576
f 165/1/165 1115/1/1115 2570/1/2569 1126/1/1126
f 1115/1/1115 1116/1/1116 2571/1/2570 2570/1/2569
f 1116/1/1116 1117/1/1117 2572/1/2571 2571/1/2570
f 1117/1/1117 168/1/168 1118/1/1118 2572/1/2571
f 2572/1/2571 1118/1/1118 1119/1/1119 2575/1/2574
f 2575/1/2574 1119/1/1119 1120/1/1120 2578/1/2577
f 2578/1/2577 1120/1/1120 160/1/160 1121/1/1121
f 2577/1/2576 2578/1/2577 1121/1/1121 1122/1/1122
f 2576/1/2575 2577/1/2576 1122/1/1122 1123/1/1123
f 1124/1/1124 2576/1/2575 1123/1/1123 157/1/157
f 1125/1/1125 2573/1/2572 2576/1/2575 1124/1/1124
f 1126/1/1126 2570/1/2569 2573/1/2572 1125/1/1125
f 2579/1/2578 2580/1/2579 2583/1/2582 2582/1/2581
f 2580/1/2579 2581/1/2580 2584/1/2583 2583/1/2582
f 2582/1/2581 2583/1/2582 2586/1/2585 2585/1/2584
f 2583/1/2582 2584/1/2583 2587/1/2586 2586/1/2585
f 168/1/168 1127/1/1127 2579/1/2578 1118/1/1118
f 1127/1/1127 1128/1/1128 2580/1/2579 2579/1/2578
f 1128/1/1128 1129/1/1129 2581/1/2580 2580/1/2579
f 1129/1/1129 167/1/167 1130/1/1130 2581/1/2580
f 2581/1/2580 1130/1/1130 1131/1/1131 2584/1/2583
f 2584/1/2583 1131/1/1131 1132/1/1132 2587/1/2586
f 2587/1/2586 1132/1/1132 159/1/159 1133/1/1133
f 2586/1/2585 2587/1/2586 1133/1/1133 1134/1/1134
f 2585/1/2584 2586/1/2585 1134/1/1134 1135/1/1135
f 1120/1/1120 2585/1/2584 1135/1/1135 160/1/160
f 1119/1/1119 2582/1/2581 2585/1/2584 1120/1/1120
f 1118/1/1118 2579/1/2578 2582/1/2581 1119/1/1119
f 2588/1/2587 2589/1/2588 2592/1/2591 2591/1/2590
f 2589/1/2588 2590/1/2589 2593/1/2592 2592/1/2591
f 2591/1/2590 2592/1/2591 2595/1/2594 2594/1/2593
f 2592/1/2591 2593/1/2592 2596/1/2595 2595/1/2594
f 163/1/163 1136/1/1136 2588/1/2587 1147/1/1147
f 1136/1/1136 1137/1/1137 2589/1/2588 2588/1/2587
f 1137/1/1137 1138/1/1138 2590/1/2589 2589/1/2588
f 1138/1/1138 155/1/155 1139/1/1139 2590/1/2589
f 2590/1/2589 1139/1/1139 1140/1/1140 2593/1/2592
f 2593/1/2592 1140/1/1140 1141/1/1141 2596/1/2595
f 2596/1/2595 1141/1/1141 158/1/158 1142/1/1142
f 2595/1/2594 2596/1/2595 1142/1/1142 1143/1/1143
f 2594/1/2593 2595/1/2594 1143/1/1143 1144/1/1144
f 1145/1/1145 2594/1/2593 1144/1/1144 166/1/166
f 1146/1/1146 2591/1/2590 2594/1/2593 1145/1/1145
f 1147/1/1147 2588/1/2587 2591/1/2590 1146/1/1146
f 2597/1/2596 2598/1/2597 2601/1/2600 2600/1/2599
f 2598/1/2597 2599/1/2598 2602/1/2601 2601/1/2600
f 2600/1/2599 2601/1/2600 2604/1/2603 2603/1/2602
f 2601/1/2600 2602/1/2601 2605/1/2604 2604/1/2603
f 166/1/166 1144/1/1144 2597/1/2596 1153/1/1153
f 1144/1/1144 1143/1/1143 2598/1/2597 2597/1/2596
f 1143/1/1143 1142/1/1142 2599/1/2598 2598/1/2597
f 1142/1/1142 158/1/158 1148/1/1148 2599/1/2598
f 2599/1/2598 1148/1/1148 1149/1/1149 2602/1/2601
f 2602/1/2601 1149/1/1149 1150/1/1150 2605/1/2604
f 2605/1/2604 1150/1/1150 159/1/159 1132/1/1132
f 2604/1/2603 2605/1/2604 1132/1/1132 1131/1/1131
f 2603/1/2602 2604/1/2603 1131/1/1131 1130/1/1130
f 1151/1/1151 2603/1/2602 1130/1/1130 167/1/167
f 1152/1/1152 2600/1/2599 2603/1/2602 1151/1/1151
f 1153/1/1153 2597/1/2596 2600/1/2599 1152/1/1152
f 2606/1/2605 2607/1/2606 2610/1/2609 2609/1/2608
f 2607/1/2606 2608/1/2607 2611/1/2610 2610/1/2609
f 2609/1/2608 2610/1/2609 2613/1/2612 2612/1/2611
f 2610/1/2609 2611/1/2610 2614/1/2613 2613/1/2612
f 165/1/165 1126/1/1126 2606/1/2605 1162/1/1162
f 1126/1/1126 1125/1/1125 2607/1/2606 2606/1/2605
f 1125/1/1125 1124/1/1124 2608/1/2607 2607/1/2606
f 1124/1/1124 157/1/157 1154/1/1154 2608/1/2607
f 2608/1/2607 1154/1/1154 1155/1/1155 2611/1/2610
f 2611/1/2610 1155/1/1155 1156/1/1156 2614/1/2613
f 2614/1/2613 1156/1/1156 156/1/156 1157/1/1157
f 2613/1/2612 2614/1/2613 1157/1/1157 1158/1/1158
f 2612/1/2611 2613/1/2612 1158/1/1158 1159/1/1159
f 1160/1/1160 2612/1/2611 1159/1/1159 164/1/164
f 1161/1/1161 2609/1/2608 2612/1/2611 1160/1/1160
f 1162/1/1162 2606/1/2605 2609/1/2608 1161/1/1161
f 2615/1/2614 2616/1/2615 2619/1/2618 2618/1/2617
f 2616/1/2615 2617/1/2616 2620/1/2619 2619/1/2618
f 2618/1/2617 2619/1/2618 2622/1/2621 2621/1/2620
f 2619/1/2618 2620/1/2619 2623/1/2622 2622/1/2621
f 164/1/164 1159/1/1159 2615/1/2614 1168/1/1168
f 1159/1/1159 1158/1/1158 2616/1/2615 2615/1/2614
f 1158/1/1158 1157/1/1157 2617/1/2616 2616/1/2615
f 1157/1/1157 156/1/156 1163/1/1163 2617/1/2616
f 2617/1/2616 1163/1/1163 1164/1/1164 2620/1/2619
f 2620/1/2619 1164/1/1164 1165/1/1165 2623/1/2622
f 2623/1/2622 1165/1/1165 154/1/154 1096/1/1096
f 2622/1/2621 2623/1/2622 1096/1/1096 1095/1/1095
f 2621/1/2620 2622/1/2621 1095/1/1095 1094/1/1094
f 1166/1/1166 2621/1/2620 1094/1/1094 162/1/162
f 1167/1/1167 2618/1/2617 2621/1/2620 1166/1/1166
f 1168/1/1168 2615/1/2614 2618/1/2617 1167/1/1167
f 2624/1/2623 2625/1/2624 2628/1/2627 2627/1/2626
f 2625/1/2624 2626/1/2625 2629/1/2628 2628/1/2627
f 2627/1/2626 2628/1/2627 2631/1/2630 2630/1/2629
f 2628/1/2627 2629/1/2628 2632/1/2631 2631/1/2630
f 163/1/163 1169/1/1169 2624/1/2623 1136/1/1136
f 1169/1/1169 1170/1/1170 2625/1/2624 2624/1/2623
f 1170/1/1170 1171/1/1171 2626/1/2625 2625/1/2624
f 1171/1/1171 161/1/161 1102/1/1102 2626/1/2625
f 2626/1/2625 1102/1/1102 1101/1/1101 2629/1/2628
f 2629/1/2628 1101/1/1101 1100/1/1100 2632/1/2631
f 2632/1/2631 1100/1/1100 153/1/153 1172/1/1172
f 2631/1/2630 2632/1/2631 1172/1/1172 1173/1/1173
f 2630/1/2629 2631/1/2630 1173/1/1173 1174/1/1174
f 1138/1/1138 2630/1/2629 1174/1/1174 155/1/155
f 1137/1/1137 2627/1/2626 2630/1/2629 1138/1/1138
f 1136/1/1136 2624/1/2623 2627/1/2626 1137/1/1137
f 2633/1/2632 2634/1/2633 2637/1/2636 2636/1/2635
f 2634/1/2633 2635/1/2634 2638/1/2637 2637/1/2636
f 2636/1/2635 2637/1/2636 2640/1/2639 2639/1/2638
f 2637/1/2636 2638/1/2637 2641/1/2640 2640/1/2639
f 164/1/164 1168/1/1168 2633/1/2632 1177/1/1177
f 1168/1/1168 1167/1/1167 2634/1/2633 2633/1/2632
f 1167/1/1167 1166/1/1166 2635/1/2634 2634/1/2633
f 1166/1/1166 162/1/162 1111/1/1111 2635/1/2634
f 2635/1/2634 1111/1/1111 1110/1/1110 2638/1/2637
f 2638/1/2637 1110/1/1110 1109/1/1109 2641/1/2640
f 2641/1/2640 1109/1/1109 54/1/54 664/1/664
f 2640/1/2639 2641/1/2640 664/1/664 663/1/663
f 2639/1/2638 2640/1/2639 663/1/663 662/1/662
f 1175/1/1175 2639/1/2638 662/1/662 92/1/92
f 1176/1/1176 2636/1/2635 2639/1/2638 1175/1/1175
f 1177/1/1177 2633/1/2632 2636/1/2635 1176/1/1176
f 2642/1/2641 2643/1/2642 2646/1/2645 2645/1/2644
f 2643/1/2642 2644/1/2643 2647/1/2646 2646/1/2645
f 2645/1/2644 2646/1/2645 2649/1/2648 2648/1/2647
f 2646/1/2645 2647/1/2646 2650/1/2649 2649/1/2648
f 53/1/53 451/1/451 2642/1/2641 1180/1/1180
f 451/1/451 450/1/450 2643/1/2642 2642/1/2641
f 450/1/450 449/1/449 2644/1/2643 2643/1/2642
f 449/1/449 52/1/52 1114/1/1114 2644/1/2643
f 2644/1/2643 1114/1/1114 1113/1/1113 2647/1/2646
f 2647/1/2646 1113/1/1113 1112/1/1112 2650/1/2649
f 2650/1/2649 1112/1/1112 161/1/161 1171/1/1171
f 2649/1/2648 2650/1/2649 1171/1/1171 1170/1/1170
f 2648/1/2647 2649/1/2648 1170/1/1170 1169/1/1169
f 1178/1/1178 2648/1/2647 1169/1/1169 163/1/163
f 1179/1/1179 2645/1/2644 2648/1/2647 1178/1/1178
f 1180/1/1180 2642/1/2641 2645/1/2644 1179/1/1179
f 2651/1/2650 2652/1/2651 2655/1/2654 2654/1/2653
f 2652/1/2651 2653/1/2652 2656/1/2655 2655/1/2654
f 2654/1/2653 2655/1/2654 2658/1/2657 2657/1/2656
f 2655/1/2654 2656/1/2655 2659/1/2658 2658/1/2657
f 166/1/166 1153/1/1153 2651/1/2650 1186/1/1186
f 1153/1/1153 1152/1/1152 2652/1/2651 2651/1/2650
f 1152/1/1152 1151/1/1151 2653/1/2652 2652/1/2651
f 1151/1/1151 167/1/167 1181/1/1181 2653/1/2652
f 2653/1/2652 1181/1/1181 1182/1/1182 2656/1/2655
f 2656/1/2655 1182/1/1182 1183/1/1183 2659/1/2658
f 2659/1/2658 1183/1/1183 131/1/131 898/1/898
f 2658/1/2657 2659/1/2658 898/1/898 897/1/897
f 2657/1/2656 2658/1/2657 897/1/897 896/1/896
f 1184/1/1184 2657/1/2656 896/1/896 130/1/130
f 1185/1/1185 2654/1/2653 2657/1/2656 1184/1/1184
f 1186/1/1186 2651/1/2650 2654/1/2653 1185/1/1185
f 2660/1/2659 2661/1/2660 2664/1/2663 2663/1/2662
f 2661/1/2660 2662/1/2661 2665/1/2664 2664/1/2663
f 2663/1/2662 2664/1/2663 2667/1/2666 2666/1/2665
f 2664/1/2663 2665/1/2664 2668/1/2667 2667/1/2666
f 93/1/93 1187/1/1187 2660/1/2659 683/1/683
f 1187/1/1187 1188/1/1188 2661/1/2660 2660/1/2659
f 1188/1/1188 1189/1/1189 2662/1/2661 2661/1/2660
f 1189/1/1189 165/1/165 1162/1/1162 2662/1/2661
f 2662/1/2661 1162/1/1162 1161/1/1161 2665/1/2664
f 2665/1/2664 1161/1/1161 1160/1/1160 2668/1/2667
f 2668/1/2667 1160/1/1160 164/1/164 1177/1/1177
f 2667/1/2666 2668/1/2667 1177/1/1177 1176/1/1176
f 2666/1/2665 2667/1/2666 1176/1/1176 1175/1/1175
f 685/1/685 2666/1/2665 1175/1/1175 92/1/92
f 684/1/684 2663/1/2662 2666/1/2665 685/1/685
f 683/1/683 2660/1/2659 2663/1/2662 684/1/684
f 2669/1/2668 2670/1/2669 2673/1/2672 2672/1/2671
f 2670/1/2669 2671/1/2670 2674/1/2673 2673/1/2672
f 2672/1/2671 2673/1/2672 2676/1/2675 2675/1/2674
f 2673/1/2672 2674/1/2673 2677/1/2676 2676/1/2675
f 131/1/131 1183/1/1183 2669/1/2668 1070/1/1070
f 1183/1/1183 1182/1/1182 2670/1/2669 2669/1/2668
f 1182/1/1182 1181/1/1181 2671/1/2670 2670/1/2669
f 1181/1/1181 167/1/167 1129/1/1129 2671/1/2670
f 2671/1/2670 1129/1/1129 1128/1/1128 2674/1/2673
f 2674/1/2673 1128/1/1128 1127/1/1127 2677/1/2676
f 2677/1/2676 1127/1/1127 168/1/168 1190/1/1190
f 2676/1/2675 2677/1/2676 1190/1/1190 1191/1/1191
f 2675/1/2674 2676/1/2675 1191/1/1191 1192/1/1192
f 1072/1/1072 2675/1/2674 1192/1/1192 151/1/151
f 1071/1/1071 2672/1/2671 2675/1/2674 1072/1/1072
f 1070/1/1070 2669/1/2668 2672/1/2671 1071/1/1071
f 2678/1/2677 2679/1/2678 2682/1/2681 2681/1/2680
f 2679/1/2678 2680/1/2679 2683/1/2682 2682/1/2681
f 2681/1/2680 2682/1/2681 2685/1/2684 2684/1/2683
f 2682/1/2681 2683/1/2682 2686/1/2685 2685/1/2684
f 53/1/53 1180/1/1180 2678/1/2677 914/1/914
f 1180/1/1180 1179/1/1179 2679/1/2678 2678/1/2677
f 1179/1/1179 1178/1/1178 2680/1/2679 2679/1/2678
f 1178/1/1178 163/1/163 1147/1/1147 2680/1/2679
f 2680/1/2679 1147/1/1147 1146/1/1146 2683/1/2682
f 2683/1/2682 1146/1/1146 1145/1/1145 2686/1/2685
f 2686/1/2685 1145/1/1145 166/1/166 1186/1/1186
f 2685/1/2684 2686/1/2685 1186/1/1186 1185/1/1185
f 2684/1/2683 2685/1/2684 1185/1/1185 1184/1/1184
f 916/1/916 2684/1/2683 1184/1/1184 130/1/130
f 915/1/915 2681/1/2680 2684/1/2683 916/1/916
f 914/1/914 2678/1/2677 2681/1/2680 915/1/915
f 2687/1/2686 2688/1/2687 2691/1/2690 2690/1/2689
f 2688/1/2687 2689/1/2688 2692/1/2691 2691/1/2690
f 2690/1/2689 2691/1/2690 2694/1/2693 2693/1/2692
f 2691/1/2690 2692/1/2691 2695/1/2694 2694/1/2693
f 153/1/153 1099/1/1099 2687/1/2686 1201/1/1201
f 1099/1/1099 1098/1/1098 2688/1/2687 2687/1/2686
f 1098/1/1098 1097/1/1097 2689/1/2688 2688/1/2687
f 1097/1/1097 154/1/154 1193/1/1193 2689/1/2688
f 2689/1/2688 1193/1/1193 1194/1/1194 2692/1/2691
f 2692/1/2691 1194/1/1194 1195/1/1195 2695/1/2694
f 2695/1/2694 1195/1/1195 170/1/170 1196/1/1196
f 2694/1/2693 2695/1/2694 1196/1/1196 1197/1/1197
f 2693/1/2692 2694/1/2693 1197/1/1197 1198/1/1198
f 1199/1/1199 2693/1/2692 1198/1/1198 169/1/169
f 1200/1/1200 2690/1/2689 2693/1/2692 1199/1/1199
f 1201/1/1201 2687/1/2686 2690/1/2689 1200/1/1200
f 2696/1/2695 2697/1/2696 2700/1/2699 2699/1/2698
f 2697/1/2696 2698/1/2697 2701/1/2700 2700/1/2699
f 2699/1/2698 2700/1/2699 2703/1/2702 2702/1/2701
f 2700/1/2699 2701/1/2700 2704/1/2703 2703/1/2702
f 93/1/93 1090/1/1090 2696/1/2695 1187/1/1187
f 1090/1/1090 1089/1/1089 2697/1/2696 2696/1/2695
f 1089/1/1089 1088/1/1088 2698/1/2697 2697/1/2696
f 1088/1/1088 151/1/151 1192/1/1192 2698/1/2697
f 2698/1/2697 1192/1/1192 1191/1/1191 2701/1/2700
f 2701/1/2700 1191/1/1191 1190/1/1190 2704/1/2703
f 2704/1/2703 1190/1/1190 168/1/168 1117/1/1117
f 2703/1/2702 2704/1/2703 1117/1/1117 1116/1/1116
f 2702/1/2701 2703/1/2702 1116/1/1116 1115/1/1115
f 1189/1/1189 2702/1/2701 1115/1/1115 165/1/165
f 1188/1/1188 2699/1/2698 2702/1/2701 1189/1/1189
f 1187/1/1187 2696/1/2695 2699/1/2698 1188/1/1188
f 2705/1/2704 2706/1/2705 2709/1/2708 2708/1/2707
f 2706/1/2705 2707/1/2706 2710/1/2709 2709/1/2708
f 2708/1/2707 2709/1/2708 2712/1/2711 2711/1/2710
f 2709/1/2708 2710/1/2709 2713/1/2712 2712/1/2711
f 169/1/169 1198/1/1198 2705/1/2704 1207/1/1207
f 1198/1/1198 1197/1/1197 2706/1/2705 2705/1/2704
f 1197/1/1197 1196/1/1196 2707/1/2706 2706/1/2705
f 1196/1/1196 170/1/170 1202/1/1202 2707/1/2706
f 2707/1/2706 1202/1/1202 1203/1/1203 2710/1/2709
f 2710/1/2709 1203/1/1203 1204/1/1204 2713/1/2712
f 2713/1/2712 1204/1/1204 178/1/178 448/1/448
f 2712/1/2711 2713/1/2712 448/1/448 447/1/447
f 2711/1/2710 2712/1/2711 447/1/447 446/1/446
f 1205/1/1205 2711/1/2710 446/1/446 177/1/177
f 1206/1/1206 2708/1/2707 2711/1/2710 1205/1/1205
f 1207/1/1207 2705/1/2704 2708/1/2707 1206/1/1206
f 2714/1/2713 2715/1/2714 2718/1/2717 2717/1/2716
f 2715/1/2714 2716/1/2715 2719/1/2718 2718/1/2717
f 2717/1/2716 2718/1/2717 2721/1/2720 2720/1/2719
f 2718/1/2717 2719/1/2718 2722/1/2721 2721/1/2720
f 157/1/157 1123/1/1123 2714/1/2713 1216/1/1215
f 1123/1/1123 1122/1/1122 2715/1/2714 2714/1/2713
f 1122/1/1122 1121/1/1121 2716/1/2715 2715/1/2714
f 1121/1/1121 160/1/160 1208/1/1208 2716/1/2715
f 2716/1/2715 1208/1/1208 1209/1/1209 2719/1/2718
f 2719/1/2718 1209/1/1209 1210/1/1210 2722/1/2721
f 2722/1/2721 1210/1/1210 176/1/176 1211/1/1211
f 2721/1/2720 2722/1/2721 1211/1/1211 1212/1/1212
f 2720/1/2719 2721/1/2720 1212/1/1212 1213/1/1213
f 1214/1/570 2720/1/2719 1213/1/1213 173/1/173
f 1215/1/1214 2717/1/2716 2720/1/2719 1214/1/570
f 1216/1/1215 2714/1/2713 2717/1/2716 1215/1/1214
f 2723/1/2722 2724/1/2723 2727/1/2726 2726/1/2725
f 2724/1/2723 2725/1/2724 2728/1/2727 2727/1/2726
f 2726/1/2725 2727/1/2726 2730/1/2729 2729/1/2728
f 2727/1/2726 2728/1/2727 2731/1/2730 2730/1/2729
f 160/1/160 1135/1/1135 2723/1/2722 1208/1/1208
f 1135/1/1135 1134/1/1134 2724/1/2723 2723/1/2722
f 1134/1/1134 1133/1/1133 2725/1/2724 2724/1/2723
f 1133/1/1133 159/1/159 1217/1/1216 2725/1/2724
f 2725/1/2724 1217/1/1216 1218/1/1217 2728/1/2727
f 2728/1/2727 1218/1/1217 1219/1/1218 2731/1/2730
f 2731/1/2730 1219/1/1218 175/1/175 1220/1/1219
f 2730/1/2729 2731/1/2730 1220/1/1219 1221/1/1220
f 2729/1/2728 2730/1/2729 1221/1/1220 1222/1/1221
f 1210/1/1210 2729/1/2728 1222/1/1221 176/1/176
f 1209/1/1209 2726/1/2725 2729/1/2728 1210/1/1210
f 1208/1/1208 2723/1/2722 2726/1/2725 1209/1/1209
f 2732/1/2731 2733/1/2732 2736/1/2735 2735/1/2734
f 2733/1/2732 2734/1/2733 2737/1/2736 2736/1/2735
f 2735/1/2734 2736/1/2735 2739/1/2738 2738/1/2737
f 2736/1/2735 2737/1/2736 2740/1/2739 2739/1/2738
f 155/1/155 1223/1/1222 2732/1/2731 1139/1/1139
f 1223/1/1222 1224/1/1223 2733/1/2732 2732/1/2731
f 1224/1/1223 1225/1/1224 2734/1/2733 2733/1/2732
f 1225/1/1224 171/1/171 1226/1/1225 2734/1/2733
f 2734/1/2733 1226/1/1225 1227/1/1226 2737/1/2736
f 2737/1/2736 1227/1/1226 1228/1/1227 2740/1/2739
f 2740/1/2739 1228/1/1227 174/1/174 1229/1/1228
f 2739/1/2738 2740/1/2739 1229/1/1228 1230/1/1229
f 2738/1/2737 2739/1/2738 1230/1/1229 1231/1/1230
f 1141/1/1141 2738/1/2737 1231/1/1230 158/1/158
f 1140/1/1140 2735/1/2734 2738/1/2737 1141/1/1141
f 1139/1/1139 2732/1/2731 2735/1/2734 1140/1/1140
f 2741/1/2740 2742/1/2741 2745/1/2744 2744/1/2743
f 2742/1/2741 2743/1/2742 2746/1/2745 2745/1/2744
f 2744/1/2743 2745/1/2744 2748/1/2747 2747/1/2746
f 2745/1/2744 2746/1/2745 2749/1/2748 2748/1/2747
f 158/1/158 1231/1/1230 2741/1/2740 1148/1/1148
f 1231/1/1230 1230/1/1229 2742/1/2741 2741/1/2740
f 1230/1/1229 1229/1/1228 2743/1/2742 2742/1/2741
f 1229/1/1228 174/1/174 1232/1/1231 2743/1/2742
f 2743/1/2742 1232/1/1231 1233/1/1232 2746/1/2745
f 2746/1/2745 1233/1/1232 1234/1/1233 2749/1/2748
f 2749/1/2748 1234/1/1233 175/1/175 1219/1/1218
f 2748/1/2747 2749/1/2748 1219/1/1218 1218/1/1217
f 2747/1/2746 2748/1/2747 1218/1/1217 1217/1/1216
f 1150/1/1150 2747/1/2746 1217/1/1216 159/1/159
f 1149/1/1149 2744/1/2743 2747/1/2746 1150/1/1150
f 1148/1/1148 2741/1/2740 2744/1/2743 1149/1/1149
f 2750/1/2749 2751/1/2750 2754/1/2753 2753/1/2752
f 2751/1/2750 2752/1/2751 2755/1/2754 2754/1/2753
f 2753/1/2752 2754/1/2753 2757/1/2756 2756/1/2755
f 2754/1/2753 2755/1/2754 2758/1/2757 2757/1/2756
f 157/1/157 1216/1/1215 2750/1/2749 1154/1/1154
f 1216/1/1215 1215/1/1214 2751/1/2750 2750/1/2749
f 1215/1/1214 1214/1/570 2752/1/2751 2751/1/2750
f 1214/1/570 173/1/173 1235/1/1234 2752/1/2751
f 2752/1/2751 1235/1/1234 1236/1/1235 2755/1/2754
f 2755/1/2754 1236/1/1235 1237/1/1236 2758/1/2757
f 2758/1/2757 1237/1/1236 172/1/172 1238/1/1237
f 2757/1/2756 2758/1/2757 1238/1/1237 1239/1/1238
f 2756/1/2755 2757/1/2756 1239/1/1238 1240/1/1239
f 1156/1/1156 2756/1/2755 1240/1/1239 156/1/156
f 1155/1/1155 2753/1/2752 2756/1/2755 1156/1/1156
f 1154/1/1154 2750/1/2749 2753/1/2752 1155/1/1155
f 2759/1/2758 2760/1/2759 2763/1/2762 2762/1/2761
f 2760/1/2759 2761/1/2760 2764/1/2763 2763/1/2762
f 2762/1/2761 2763/1/2762 2766/1/2765 2765/1/2764
f 2763/1/2762 2764/1/2763 2767/1/2766 2766/1/2765
f 156/1/156 1240/1/1239 2759/1/2758 1163/1/1163
f 1240/1/1239 1239/1/1238 2760/1/2759 2759/1/2758
f 1239/1/1238 1238/1/1237 2761/1/2760 2760/1/2759
f 1238/1/1237 172/1/172 1241/1/1240 2761/1/2760
f 2761/1/2760 1241/1/1240 1242/1/1241 2764/1/2763
f 2764/1/2763 1242/1/1241 1243/1/1242 2767/1/2766
f 2767/1/2766 1243/1/1242 170/1/170 1195/1/1195
f 2766/1/2765 2767/1/2766 1195/1/1195 1194/1/1194
f 2765/1/2764 2766/1/2765 1194/1/1194 1193/1/1193
f 1165/1/1165 2765/1/2764 1193/1/1193 154/1/154
f 1164/1/1164 2762/1/2761 2765/1/2764 1165/1/1165
f 1163/1/1163 2759/1/2758 2762/1/2761 1164/1/1164
f 2768/1/2767 2769/1/2768 2772/1/2771 2771/1/2770
f 2769/1/2768 2770/1/2769 2773/1/2772 2772/1/2771
f 2771/1/2770 2772/1/2771 2775/1/2774 2774/1/2773
f 2772/1/2771 2773/1/2772 2776/1/2775 2775/1/2774
f 155/1/155 1174/1/1174 2768/1/2767 1223/1/1222
f 1174/1/1174 1173/1/1173 2769/1/2768 2768/1/2767
f 1173/1/1173 1172/1/1172 2770/1/2769 2769/1/2768
f 1172/1/1172 153/1/153 1201/1/1201 2770/1/2769
f 2770/1/2769 1201/1/1201 1200/1/1200 2773/1/2772
f 2773/1/2772 1200/1/1200 1199/1/1199 2776/1/2775
f 2776/1/2775 1199/1/1199 169/1/169 1244/1/1243
f 2775/1/2774 2776/1/2775 1244/1/1243 1245/1/1244
f 2774/1/2773 2775/1/2774 1245/1/1244 1246/1/1245
f 1225/1/1224 2774/1/2773 1246/1/1245 171/1/171
f 1224/1/1223 2771/1/2770 2774/1/2773 1225/1/1224
f 1223/1/1222 2768/1/2767 2771/1/2770 1224/1/1223
f 2777/1/2776 2778/1/2777 2781/1/2780 2780/1/2779
f 2778/1/2777 2779/1/2778 2782/1/2781 2781/1/2780
f 2780/1/2779 2781/1/2780 2784/1/2783 2783/1/2782
f 2781/1/2780 2782/1/2781 2785/1/2784 2784/1/2783
f 173/1/173 1213/1/1213 2777/1/2776 1252/1/1251
f 1213/1/1213 1212/1/1212 2778/1/2777 2777/1/2776
f 1212/1/1212 1211/1/1211 2779/1/2778 2778/1/2777
f 1211/1/1211 176/1/176 1247/1/1246 2779/1/2778
f 2779/1/2778 1247/1/1246 1248/1/1247 2782/1/2781
f 2782/1/2781 1248/1/1247 1249/1/1248 2785/1/2784
f 2785/1/2784 1249/1/1248 184/1/184 1105/1/1105
f 2784/1/2783 2785/1/2784 1105/1/1105 1104/1/1104
f 2783/1/2782 2784/1/2783 1104/1/1104 1103/1/1103
f 1250/1/1249 2783/1/2782 1103/1/1103 181/1/181
f 1251/1/1250 2780/1/2779 2783/1/2782 1250/1/1249
f 1252/1/1251 2777/1/2776 2780/1/2779 1251/1/1250
f 2786/1/2785 2787/1/2786 2790/1/2789 2789/1/2788
f 2787/1/2786 2788/1/2787 2791/1/2790 2790/1/2789
f 2789/1/2788 2790/1/2789 2793/1/2792 2792/1/2791
f 2790/1/2789 2791/1/2790 2794/1/2793 2793/1/2792
f 176/1/176 1222/1/1221 2786/1/2785 1247/1/1246
f 1222/1/1221 1221/1/1220 2787/1/2786 2786/1/2785
f 1221/1/1220 1220/1/1219 2788/1/2787 2787/1/2786
f 1220/1/1219 175/1/175 1253/1/1252 2788/1/2787
f 2788/1/2787 1253/1/1252 1254/1/1253 2791/1/2790
f 2791/1/2790 1254/1/1253 1255/1/1254 2794/1/2793
f 2794/1/2793 1255/1/1254 183/1/183 1087/1/1087
f 2793/1/2792 2794/1/2793 1087/1/1087 1086/1/1086
f 2792/1/2791 2793/1/2792 1086/1/1086 1085/1/1085
f 1249/1/1248 2792/1/2791 1085/1/1085 184/1/184
f 1248/1/1247 2789/1/2788 2792/1/2791 1249/1/1248
f 1247/1/1246 2786/1/2785 2789/1/2788 1248/1/1247
f 2795/1/2794 2796/1/2795 2799/1/2798 2798/1/2797
f 2796/1/2795 2797/1/2796 2800/1/2799 2799/1/2798
f 2798/1/2797 2799/1/2798 2802/1/2801 2801/1/2800
f 2799/1/2798 2800/1/2799 2803/1/2802 2802/1/2801
f 171/1/171 1256/1/1255 2795/1/2794 1226/1/1225
f 1256/1/1255 1257/1/1256 2796/1/2795 2795/1/2794
f 1257/1/1256 1258/1/1257 2797/1/2796 2796/1/2795
f 1258/1/1257 179/1/179 931/1/931 2797/1/2796
f 2797/1/2796 931/1/931 930/1/930 2800/1/2799
f 2800/1/2799 930/1/930 929/1/929 2803/1/2802
f 2803/1/2802 929/1/929 182/1/182 1259/1/1258
f 2802/1/2801 2803/1/2802 1259/1/1258 1260/1/1259
f 2801/1/2800 2802/1/2801 1260/1/1259 1261/1/1260
f 1228/1/1227 2801/1/2800 1261/1/1260 174/1/174
f 1227/1/1226 2798/1/2797 2801/1/2800 1228/1/1227
f 1226/1/1225 2795/1/2794 2798/1/2797 1227/1/1226
f 2804/1/2803 2805/1/2804 2808/1/2807 2807/1/2806
f 2805/1/2804 2806/1/2805 2809/1/2808 2808/1/2807
f 2807/1/2806 2808/1/2807 2811/1/2810 2810/1/2809
f 2808/1/2807 2809/1/2808 2812/1/2811 2811/1/2810
f 174/1/174 1261/1/1260 2804/1/2803 1232/1/1231
f 1261/1/1260 1260/1/1259 2805/1/2804 2804/1/2803
f 1260/1/1259 1259/1/1258 2806/1/2805 2805/1/2804
f 1259/1/1258 182/1/182 907/1/907 2806/1/2805
f 2806/1/2805 907/1/907 906/1/906 2809/1/2808
f 2809/1/2808 906/1/906 905/1/905 2812/1/2811
f 2812/1/2811 905/1/905 183/1/183 1255/1/1254
f 2811/1/2810 2812/1/2811 1255/1/1254 1254/1/1253
f 2810/1/2809 2811/1/2810 1254/1/1253 1253/1/1252
f 1234/1/1233 2810/1/2809 1253/1/1252 175/1/175
f 1233/1/1232 2807/1/2806 2810/1/2809 1234/1/1233
f 1232/1/1231 2804/1/2803 2807/1/2806 1233/1/1232
f 2813/1/2812 2814/1/2813 2817/1/2816 2816/1/2815
f 2814/1/2813 2815/1/2814 2818/1/2817 2817/1/2816
f 2816/1/2815 2817/1/2816 2820/1/2819 2819/1/2818
f 2817/1/2816 2818/1/2817 2821/1/2820 2820/1/2819
f 173/1/173 1252/1/1251 2813/1/2812 1235/1/1234
f 1252/1/1251 1251/1/1250 2814/1/2813 2813/1/2812
f 1251/1/1250 1250/1/1249 2815/1/2814 2814/1/2813
f 1250/1/1249 181/1/181 706/1/706 2815/1/2814
f 2815/1/2814 706/1/706 705/1/705 2818/1/2817
f 2818/1/2817 705/1/705 704/1/704 2821/1/2820
f 2821/1/2820 704/1/704 180/1/180 1262/1/1261
f 2820/1/2819 2821/1/2820 1262/1/1261 1263/1/1262
f 2819/1/2818 2820/1/2819 1263/1/1262 1264/1/1263
f 1237/1/1236 2819/1/2818 1264/1/1263 172/1/172
f 1236/1/1235 2816/1/2815 2819/1/2818 1237/1/1236
f 1235/1/1234 2813/1/2812 2816/1/2815 1236/1/1235
f 2822/1/2821 2823/1/2822 2826/1/2825 2825/1/2824
f 2823/1/2822 2824/1/2823 2827/1/2826 2826/1/2825
f 2825/1/2824 2826/1/2825 2829/1/2828 2828/1/2827
f 2826/1/2825 2827/1/2826 2830/1/2829 2829/1/2828
f 172/1/172 1264/1/1263 2822/1/2821 1241/1/1240
f 1264/1/1263 1263/1/1262 2823/1/2822 2822/1/2821
f 1263/1/1262 1262/1/1261 2824/1/2823 2823/1/2822
f 1262/1/1261 180/1/180 673/1/673 2824/1/2823
f 2824/1/2823 673/1/673 672/1/672 2827/1/2826
f 2827/1/2826 672/1/672 671/1/671 2830/1/2829
f 2830/1/2829 671/1/671 178/1/178 1204/1/1204
f 2829/1/2828 2830/1/2829 1204/1/1204 1203/1/1203
f 2828/1/2827 2829/1/2828 1203/1/1203 1202/1/1202
f 1243/1/1242 2828/1/2827 1202/1/1202 170/1/170
f 1242/1/1241 2825/1/2824 2828/1/2827 1243/1/1242
f 1241/1/1240 2822/1/2821 2825/1/2824 1242/1/1241
f 2831/1/2830 2832/1/2831 2835/1/2834 2834/1/2833
f 2832/1/2831 2833/1/2832 2836/1/2835 2835/1/2834
f 2834/1/2833 2835/1/2834 2838/1/2837 2837/1/2836
f 2835/1/2834 2836/1/2835 2839/1/2838 2838/1/2837
f 171/1/171 1246/1/1245 2831/1/2830 1256/1/1255
f 1246/1/1245 1245/1/1244 2832/1/2831 2831/1/2830
f 1245/1/1244 1244/1/1243 2833/1/2832 2832/1/2831
f 1244/1/1243 169/1/169 1207/1/1207 2833/1/2832
f 2833/1/2832 1207/1/1207 1206/1/1206 2836/1/2835
f 2836/1/2835 1206/1/1206 1205/1/1205 2839/1/2838
f 2839/1/2838 1205/1/1205 177/1/177 469/1/469
f 2838/1/2837 2839/1/2838 469/1/469 468/1/468
f 2837/1/2836 2838/1/2837 468/1/468 467/1/467
f 1258/1/1257 2837/1/2836 467/1/467 179/1/179
f 1257/1/1256 2834/1/2833 2837/1/2836 1258/1/1257
f 1256/1/1255 2831/1/2830 2834/1/2833 1257/1/1256
f 2841/1/2840 2842/1/2841 2840/1/2839 2856/1/2855
f 2843/1/2842 2844/1/2843 2840/1/2839 2842/1/2841
f 2845/1/2844 2846/1/2845 2840/1/2839 2844/1/2843
f 2847/1/2846 2848/1/2847 2840/1/2839 2846/1/2845
f 2849/1/2848 2850/1/2849 2840/1/2839 2848/1/2847
f 2851/1/2850 2852/1/2851 2840/1/2839 2850/1/2849
f 2853/1/2852 2854/1/2853 2840/1/2839 2852/1/2851
f 2855/1/2854 2856/1/2855 2840/1/2839 2854/1/2853
f 57/1/57 679/1/679 2841/1/2840 440/1/440
f 679/1/679 678/1/678 2842/1/2841 2841/1/2840
f 440/1/440 2841/1/2840 2856/1/2855 441/1/441
f 94/1/94 703/1/703 2843/1/2842 677/1/677
f 703/1/703 702/1/702 2844/1/2843 2843/1/2842
f 677/1/677 2843/1/2842 2842/1/2841 678/1/678
f 95/1/95 1108/1/1108 2845/1/2844 701/1/701
f 1108/1/1108 1107/1/1107 2846/1/2845 2845/1/2844
f 701/1/701 2845/1/2844 2844/1/2843 702/1/702
f 152/1/152 1081/1/1081 2847/1/2846 1106/1/1106
f 1081/1/1081 1080/1/1080 2848/1/2847 2847/1/2846
f 1106/1/1106 2847/1/2846 2846/1/2845 1107/1/1107
f 133/1/133 913/1/913 2849/1/2848 1079/1/1079
f 913/1/913 912/1/912 2850/1/2849 2849/1/2848
f 1079/1/1079 2849/1/2848 2848/1/2847 1080/1/1080
f 132/1/132 928/1/928 2851/1/2850 911/1/911
f 928/1/928 927/1/927 2852/1/2851 2851/1/2850
f 911/1/911 2851/1/2850 2850/1/2849 912/1/912
f 56/1/56 472/1/472 2853/1/2852 926/1/926
f 472/1/472 471/1/471 2854/1/2853 2853/1/2852
f 926/1/926 2853/1/2852 2852/1/2851 927/1/927
f 55/1/55 442/1/442 2855/1/2854 470/1/470
f 442/1/442 441/1/441 2856/1/2855 2855/1/2854
f 470/1/470 2855/1/2854 2854/1/2853 471/1/471
f 2857/1/2856 2858/1/2857 2861/1/2860 2860/1/2859
f 2858/1/2857 2859/1/2858 2862/1/2861 2861/1/2860
f 2860/1/2859 2861/1/2860 2864/1/2863 2863/1/2862
f 2861/1/2860 2862/1/2861 2865/1/2864 2864/1/2863
f 7/1/7 457/1/457 2857/1/2856 314/1/314
f 457/1/457 456/1/456 2858/1/2857 2857/1/2856
f 456/1/456 455/1/455 2859/1/2858 2858/1/2857
f 455/1/455 33/1/33 349/1/349 2859/1/2858
f 2859/1/2858 349/1/349 348/1/348 2862/1/2861
f 2862/1/2861 348/1/348 347/1/347 2865/1/2864
f 2865/1/2864 347/1/347 27/1/27 268/1/268
f 2864/1/2863 2865/1/2864 268/1/268 267/1/267
f 2863/1/2862 2864/1/2863 267/1/267 266/1/266
f 316/1/316 2863/1/2862 266/1/266 24/1/24
f 315/1/315 2860/1/2859 2863/1/2862 316/1/316
f 314/1/314 2857/1/2856 2860/1/2859 315/1/315
f 2867/1/2866 2868/1/2867 2866/1/2865 2882/1/2881
f 2869/1/2868 2870/1/2869 2866/1/2865 2868/1/2867
f 2871/1/2870 2872/1/2871 2866/1/2865 2870/1/2869
f 2873/1/2872 2874/1/2873 2866/1/2865 2872/1/2871
f 2875/1/2874 2876/1/2875 2866/1/2865 2874/1/2873
f 2877/1/2876 2878/1/2877 2866/1/2865 2876/1/2875
f 2879/1/2878 2880/1/2879 2866/1/2865 2878/1/2877
f 2881/1/2880 2882/1/2881 2866/1/2865 2880/1/2879
f 25/1/25 820/1/820 2867/1/2866 320/1/320
f 820/1/820 819/1/819 2868/1/2867 2867/1/2866
f 320/1/320 2867/1/2866 2882/1/2881 321/1/321
f 113/1/113 829/1/829 2869/1/2868 818/1/818
f 829/1/829 828/1/828 2870/1/2869 2869/1/2868
f 818/1/818 2869/1/2868 2868/1/2867 819/1/819
f 103/1/103 1027/1/1027 2871/1/2870 827/1/827
f 1027/1/1027 1026/1/1026 2872/1/2871 2871/1/2870
f 827/1/827 2871/1/2870 2870/1/2869 828/1/828
f 141/1/141 1015/1/1015 2873/1/2872 1025/1/1025
f 1015/1/1015 1014/1/1014 2874/1/2873 2873/1/2872
f 1025/1/1025 2873/1/2872 2872/1/2871 1026/1/1026
f 72/1/72 586/1/586 2875/1/2874 1013/1/1013
f 586/1/586 585/1/585 2876/1/2875 2875/1/2874
f 1013/1/1013 2875/1/2874 2874/1/2873 1014/1/1014
f 73/1/73 598/1/598 2877/1/2876 584/1/584
f 598/1/598 597/1/597 2878/1/2877 2877/1/2876
f 584/1/584 2877/1/2876 2876/1/2875 585/1/585
f 8/1/8 337/1/337 2879/1/2878 596/1/596
f 337/1/337 336/1/336 2880/1/2879 2879/1/2878
f 596/1/596 2879/1/2878 2878/1/2877 597/1/597
f 26/1/26 322/1/322 2881/1/2880 335/1/335
f 322/1/322 321/1/321 2882/1/2881 2881/1/2880
f 335/1/335 2881/1/2880 2880/1/2879 336/1/336
